==================================================
HYDROSIGNAL - FLOOD EARLY WARNING SYSTEM
==================================================
Node: NODE-001 (Jakarta Basin A)
Thresholds: {'watch': 30, 'warning': 50, 'critical': 70}
WebSocket: ws://localhost:8000/ws
REST API: http://localhost:8000/api
==================================================
INFO:     127.0.0.1:53220 - "GET / HTTP/1.1" 200 OK
INFO:     127.0.0.1:59446 - "POST /api/simulator/start HTTP/1.1" 200 OK
[Sim Loop] Started, broadcasting to 0 clients
[WS Endpoint] Accepting connection...
[WebSocket] Client connected. Total: 1
[WS Endpoint] Connection registered, active: 1
[Simulator] Reading #1: 20.7 cm (rising)
[Flood Engine] Reading #1: 20.7 cm | Risk: SAFE
[Sim Loop] Processing reading
[Broadcast] Sending to 1 connections
[Simulator] Reading #2: 21.2 cm (rising)
[Flood Engine] Reading #2: 21.2 cm | Risk: SAFE
[Sim Loop] Processing reading
[Broadcast] Sending to 1 connections
[Simulator] Reading #3: 21.4 cm (rising)
[Flood Engine] Reading #3: 21.4 cm | Risk: SAFE
[Sim Loop] Processing reading
[Broadcast] Sending to 1 connections
[Simulator] Reading #4: 22.2 cm (rising)
[Flood Engine] Reading #4: 22.2 cm | Risk: SAFE
[Sim Loop] Processing reading
[Broadcast] Sending to 1 connections
[Simulator] Reading #5: 22.8 cm (rising)
[Flood Engine] Reading #5: 22.8 cm | Risk: SAFE
[Sim Loop] Processing reading
[Broadcast] Sending to 1 connections
[Simulator] Reading #6: 23.2 cm (rising)
[Flood Engine] Reading #6: 23.2 cm | Risk: SAFE
[Sim Loop] Processing reading
[Broadcast] Sending to 1 connections
[Simulator] Reading #7: 23.5 cm (rising)
[Flood Engine] Reading #7: 23.5 cm | Risk: SAFE
[Sim Loop] Processing reading
[Broadcast] Sending to 1 connections
[Simulator] Reading #8: 23.8 cm (rising)
[Flood Engine] Reading #8: 23.8 cm | Risk: SAFE
[Sim Loop] Processing reading
[Broadcast] Sending to 1 connections
[WebSocket] Client disconnected. Total: 0
[Simulator] Reading #9: 24.3 cm (rising)
[Flood Engine] Reading #9: 24.3 cm | Risk: SAFE
[Sim Loop] Processing reading
[Broadcast] No active connections, skipping
[Simulator] Reading #10: 25.0 cm (rising)
[Flood Engine] Reading #10: 25.0 cm | Risk: SAFE
[Sim Loop] Processing reading
[Broadcast] No active connections, skipping
[Simulator] Reading #11: 25.2 cm (rising)
[Flood Engine] Reading #11: 25.2 cm | Risk: SAFE
[Sim Loop] Processing reading
[Broadcast] No active connections, skipping
[Simulator] Reading #12: 26.2 cm (rising)
[Flood Engine] Reading #12: 26.2 cm | Risk: SAFE
[Sim Loop] Processing reading
[Broadcast] No active connections, skipping
INFO:     127.0.0.1:59449 - "GET /api/status HTTP/1.1" 200 OK
[Simulator] Reading #13: 26.2 cm (rising)
[Flood Engine] Reading #13: 26.2 cm | Risk: SAFE
[Sim Loop] Processing reading
[Broadcast] No active connections, skipping
[Simulator] Reading #14: 26.9 cm (rising)
[Flood Engine] Reading #14: 26.9 cm | Risk: SAFE
[Sim Loop] Processing reading
[Broadcast] No active connections, skipping
[Simulator] Reading #15: 27.3 cm (rising)
[Flood Engine] Reading #15: 27.3 cm | Risk: SAFE
[Sim Loop] Processing reading
[Broadcast] No active connections, skipping
[Simulator] Reading #16: 28.1 cm (rising)
[Flood Engine] Reading #16: 28.1 cm | Risk: SAFE
[Sim Loop] Processing reading
[Broadcast] No active connections, skipping
[Simulator] Reading #17: 28.5 cm (rising)
[Flood Engine] Reading #17: 28.5 cm | Risk: SAFE
[Sim Loop] Processing reading
[Broadcast] No active connections, skipping
[Simulator] Reading #18: 28.8 cm (rising)
[Flood Engine] Reading #18: 28.8 cm | Risk: SAFE
[Sim Loop] Processing reading
[Broadcast] No active connections, skipping
[Simulator] Reading #19: 29.7 cm (rising)
[Flood Engine] Reading #19: 29.7 cm | Risk: SAFE
[Sim Loop] Processing reading
[Broadcast] No active connections, skipping
[Simulator] Reading #20: 30.3 cm (rising)
[Flood Engine] Reading #20: 30.3 cm | Risk: WATCH
[Sim Loop] Processing reading
[Broadcast] No active connections, skipping
[Simulator] Reading #21: 30.7 cm (rising)
[Flood Engine] Reading #21: 30.7 cm | Risk: WATCH
[Sim Loop] Processing reading
[Broadcast] No active connections, skipping
[Simulator] Reading #22: 31.1 cm (rising)
[Flood Engine] Reading #22: 31.1 cm | Risk: WATCH
[Sim Loop] Processing reading
[Broadcast] No active connections, skipping
[Simulator] Reading #23: 31.5 cm (rising)
[Flood Engine] Reading #23: 31.5 cm | Risk: WATCH
[Sim Loop] Processing reading
[Broadcast] No active connections, skipping
[Simulator] Reading #24: 32.0 cm (rising)
[Flood Engine] Reading #24: 32.0 cm | Risk: WATCH
[Sim Loop] Processing reading
[Broadcast] No active connections, skipping
[Simulator] Reading #25: 32.6 cm (rising)
[Flood Engine] Reading #25: 32.6 cm | Risk: WATCH
[Sim Loop] Processing reading
[Broadcast] No active connections, skipping
[Simulator] Reading #26: 32.8 cm (rising)
[Flood Engine] Reading #26: 32.8 cm | Risk: WATCH
[Sim Loop] Processing reading
[Broadcast] No active connections, skipping
[Simulator] Reading #27: 33.4 cm (rising)
[Flood Engine] Reading #27: 33.4 cm | Risk: WATCH
[Sim Loop] Processing reading
[Broadcast] No active connections, skipping
[Simulator] Reading #28: 34.3 cm (rising)
[Flood Engine] Reading #28: 34.3 cm | Risk: WATCH
[Sim Loop] Processing reading
[Broadcast] No active connections, skipping
[Simulator] Reading #29: 34.7 cm (rising)
[Flood Engine] Reading #29: 34.7 cm | Risk: WATCH
[Sim Loop] Processing reading
[Broadcast] No active connections, skipping
[Simulator] Reading #30: 35.1 cm (rising)
[Flood Engine] Reading #30: 35.1 cm | Risk: WATCH
[Sim Loop] Processing reading
[Broadcast] No active connections, skipping
[Simulator] Reading #31: 35.3 cm (rising)
[Flood Engine] Reading #31: 35.3 cm | Risk: WATCH
[Sim Loop] Processing reading
[Broadcast] No active connections, skipping
[Simulator] Reading #32: 36.2 cm (rising)
[Flood Engine] Reading #32: 36.2 cm | Risk: WATCH
[Sim Loop] Processing reading
[Broadcast] No active connections, skipping
[Simulator] Reading #33: 36.6 cm (rising)
[Flood Engine] Reading #33: 36.6 cm | Risk: WATCH
[Sim Loop] Processing reading
[Broadcast] No active connections, skipping
[Simulator] Reading #34: 37.1 cm (rising)
[Flood Engine] Reading #34: 37.1 cm | Risk: WATCH
[Sim Loop] Processing reading
[Broadcast] No active connections, skipping
[Simulator] Reading #35: 37.5 cm (rising)
[Flood Engine] Reading #35: 37.5 cm | Risk: WATCH
[Sim Loop] Processing reading
[Broadcast] No active connections, skipping
[Simulator] Reading #36: 38.1 cm (rising)
[Flood Engine] Reading #36: 38.1 cm | Risk: WATCH
[Sim Loop] Processing reading
[Broadcast] No active connections, skipping
[Simulator] Reading #37: 38.6 cm (rising)
[Flood Engine] Reading #37: 38.6 cm | Risk: WATCH
[Sim Loop] Processing reading
[Broadcast] No active connections, skipping
[Simulator] Reading #38: 38.9 cm (rising)
[Flood Engine] Reading #38: 38.9 cm | Risk: WATCH
[Sim Loop] Processing reading
[Broadcast] No active connections, skipping
[Simulator] Reading #39: 39.4 cm (rising)
[Flood Engine] Reading #39: 39.4 cm | Risk: WATCH
[Sim Loop] Processing reading
[Broadcast] No active connections, skipping
[Simulator] Reading #40: 40.1 cm (rising)
[Flood Engine] Reading #40: 40.1 cm | Risk: WATCH
[Sim Loop] Processing reading
[Broadcast] No active connections, skipping
[Simulator] Reading #41: 40.5 cm (rising)
[Flood Engine] Reading #41: 40.5 cm | Risk: WATCH
[Sim Loop] Processing reading
[Broadcast] No active connections, skipping
[Simulator] Reading #42: 41.1 cm (rising)
[Flood Engine] Reading #42: 41.1 cm | Risk: WATCH
[Sim Loop] Processing reading
[Broadcast] No active connections, skipping
[Simulator] Reading #43: 41.2 cm (rising)
[Flood Engine] Reading #43: 41.2 cm | Risk: WATCH
[Sim Loop] Processing reading
[Broadcast] No active connections, skipping
[Simulator] Reading #44: 42.0 cm (rising)
[Flood Engine] Reading #44: 42.0 cm | Risk: WATCH
[Sim Loop] Processing reading
[Broadcast] No active connections, skipping
[Simulator] Reading #45: 42.7 cm (rising)
[Flood Engine] Reading #45: 42.7 cm | Risk: WATCH
[Sim Loop] Processing reading
[Broadcast] No active connections, skipping
[Simulator] Reading #46: 43.0 cm (rising)
[Flood Engine] Reading #46: 43.0 cm | Risk: WATCH
[Sim Loop] Processing reading
[Broadcast] No active connections, skipping
[Simulator] Reading #47: 43.5 cm (rising)
[Flood Engine] Reading #47: 43.5 cm | Risk: WATCH
[Sim Loop] Processing reading
[Broadcast] No active connections, skipping
[Simulator] Reading #48: 43.9 cm (rising)
[Flood Engine] Reading #48: 43.9 cm | Risk: WATCH
[Sim Loop] Processing reading
[Broadcast] No active connections, skipping
[Simulator] Reading #49: 44.5 cm (rising)
[Flood Engine] Reading #49: 44.5 cm | Risk: WATCH
[Sim Loop] Processing reading
[Broadcast] No active connections, skipping
[Simulator] Reading #50: 45.0 cm (rising)
[Flood Engine] Reading #50: 45.0 cm | Risk: WATCH
[Sim Loop] Processing reading
[Broadcast] No active connections, skipping
[Simulator] Reading #51: 45.3 cm (rising)
[Flood Engine] Reading #51: 45.3 cm | Risk: WATCH
[Sim Loop] Processing reading
[Broadcast] No active connections, skipping
[Simulator] Reading #52: 46.1 cm (rising)
[Flood Engine] Reading #52: 46.1 cm | Risk: WATCH
[Sim Loop] Processing reading
[Broadcast] No active connections, skipping
[Simulator] Reading #53: 46.4 cm (rising)
[Flood Engine] Reading #53: 46.4 cm | Risk: WATCH
[Sim Loop] Processing reading
[Broadcast] No active connections, skipping
[Simulator] Reading #54: 47.1 cm (rising)
[Flood Engine] Reading #54: 47.1 cm | Risk: WATCH
[Sim Loop] Processing reading
[Broadcast] No active connections, skipping
[Simulator] Reading #55: 47.8 cm (rising)
[Flood Engine] Reading #55: 47.8 cm | Risk: WATCH
[Sim Loop] Processing reading
[Broadcast] No active connections, skipping
[Simulator] Reading #56: 48.0 cm (rising)
[Flood Engine] Reading #56: 48.0 cm | Risk: WATCH
[Sim Loop] Processing reading
[Broadcast] No active connections, skipping
[Simulator] Reading #57: 48.2 cm (rising)
[Flood Engine] Reading #57: 48.2 cm | Risk: WATCH
[Sim Loop] Processing reading
[Broadcast] No active connections, skipping
[Simulator] Reading #58: 48.8 cm (rising)
[Flood Engine] Reading #58: 48.8 cm | Risk: WATCH
[Sim Loop] Processing reading
[Broadcast] No active connections, skipping
[Simulator] Reading #59: 49.7 cm (rising)
[Flood Engine] Reading #59: 49.7 cm | Risk: WATCH
[Sim Loop] Processing reading
[Broadcast] No active connections, skipping
[Simulator] Reading #60: 50.0 cm (rising)
[Flood Engine] Reading #60: 50.0 cm | Risk: WARNING
[Sim Loop] Processing reading
[Broadcast] No active connections, skipping
[Simulator] Reading #61: 50.3 cm (rising)
[Flood Engine] Reading #61: 50.3 cm | Risk: WARNING
[Sim Loop] Processing reading
[Broadcast] No active connections, skipping
[Simulator] Reading #62: 51.2 cm (rising)
[Flood Engine] Reading #62: 51.2 cm | Risk: WARNING
[Sim Loop] Processing reading
[Broadcast] No active connections, skipping
[Simulator] Reading #63: 51.5 cm (rising)
[Flood Engine] Reading #63: 51.5 cm | Risk: WARNING
[Sim Loop] Processing reading
[Broadcast] No active connections, skipping
[Simulator] Reading #64: 51.9 cm (rising)
[Flood Engine] Reading #64: 51.9 cm | Risk: WARNING
[Sim Loop] Processing reading
[Broadcast] No active connections, skipping
[Simulator] Reading #65: 52.5 cm (rising)
[Flood Engine] Reading #65: 52.5 cm | Risk: WARNING
[Sim Loop] Processing reading
[Broadcast] No active connections, skipping
[Simulator] Reading #66: 53.2 cm (rising)
[Flood Engine] Reading #66: 53.2 cm | Risk: WARNING
[Sim Loop] Processing reading
[Broadcast] No active connections, skipping
[Simulator] Reading #67: 53.6 cm (rising)
[Flood Engine] Reading #67: 53.6 cm | Risk: WARNING
[Sim Loop] Processing reading
[Broadcast] No active connections, skipping
[Simulator] Reading #68: 53.9 cm (rising)
[Flood Engine] Reading #68: 53.9 cm | Risk: WARNING
[Sim Loop] Processing reading
[Broadcast] No active connections, skipping
[Simulator] Reading #69: 54.7 cm (rising)
[Flood Engine] Reading #69: 54.7 cm | Risk: WARNING
[Sim Loop] Processing reading
[Broadcast] No active connections, skipping
[Simulator] Reading #70: 55.1 cm (rising)
[Flood Engine] Reading #70: 55.1 cm | Risk: WARNING
[Sim Loop] Processing reading
[Broadcast] No active connections, skipping
[Simulator] Reading #71: 55.4 cm (rising)
[Flood Engine] Reading #71: 55.4 cm | Risk: WARNING
[Sim Loop] Processing reading
[Broadcast] No active connections, skipping
[Simulator] Reading #72: 56.1 cm (rising)
[Flood Engine] Reading #72: 56.1 cm | Risk: WARNING
[Sim Loop] Processing reading
[Broadcast] No active connections, skipping
[Simulator] Reading #73: 56.4 cm (rising)
[Flood Engine] Reading #73: 56.4 cm | Risk: WARNING
[Sim Loop] Processing reading
[Broadcast] No active connections, skipping
[Simulator] Reading #74: 57.2 cm (rising)
[Flood Engine] Reading #74: 57.2 cm | Risk: WARNING
[Sim Loop] Processing reading
[Broadcast] No active connections, skipping
[Simulator] Reading #75: 57.4 cm (rising)
[Flood Engine] Reading #75: 57.4 cm | Risk: WARNING
[Sim Loop] Processing reading
[Broadcast] No active connections, skipping
[Simulator] Reading #76: 57.7 cm (rising)
[Flood Engine] Reading #76: 57.7 cm | Risk: WARNING
[Sim Loop] Processing reading
[Broadcast] No active connections, skipping
[Simulator] Reading #77: 58.7 cm (rising)
[Flood Engine] Reading #77: 58.7 cm | Risk: WARNING
[Sim Loop] Processing reading
[Broadcast] No active connections, skipping
[Simulator] Reading #78: 59.3 cm (rising)
[Flood Engine] Reading #78: 59.3 cm | Risk: WARNING
[Sim Loop] Processing reading
[Broadcast] No active connections, skipping
INFO:     127.0.0.1:62606 - "GET /api/status HTTP/1.1" 200 OK
[Simulator] Reading #79: 59.7 cm (rising)
[Flood Engine] Reading #79: 59.7 cm | Risk: WARNING
[Sim Loop] Processing reading
[Broadcast] No active connections, skipping
[Simulator] Reading #80: 60.1 cm (rising)
[Flood Engine] Reading #80: 60.1 cm | Risk: WARNING
[Sim Loop] Processing reading
[Broadcast] No active connections, skipping
[Simulator] Reading #81: 60.6 cm (rising)
[Flood Engine] Reading #81: 60.6 cm | Risk: WARNING
[Sim Loop] Processing reading
[Broadcast] No active connections, skipping
[Simulator] Reading #82: 61.1 cm (rising)
[Flood Engine] Reading #82: 61.1 cm | Risk: WARNING
[Sim Loop] Processing reading
[Broadcast] No active connections, skipping
[Simulator] Reading #83: 61.2 cm (rising)
[Flood Engine] Reading #83: 61.2 cm | Risk: WARNING
[Sim Loop] Processing reading
[Broadcast] No active connections, skipping
[Simulator] Reading #84: 62.2 cm (rising)
[Flood Engine] Reading #84: 62.2 cm | Risk: WARNING
[Sim Loop] Processing reading
[Broadcast] No active connections, skipping
[Simulator] Reading #85: 62.8 cm (rising)
[Flood Engine] Reading #85: 62.8 cm | Risk: WARNING
[Sim Loop] Processing reading
[Broadcast] No active connections, skipping
[Simulator] Reading #86: 63.3 cm (rising)
[Flood Engine] Reading #86: 63.3 cm | Risk: WARNING
[Sim Loop] Processing reading
[Broadcast] No active connections, skipping
[Simulator] Reading #87: 63.6 cm (rising)
[Flood Engine] Reading #87: 63.6 cm | Risk: WARNING
[Sim Loop] Processing reading
[Broadcast] No active connections, skipping
[Simulator] Reading #88: 64.0 cm (rising)
[Flood Engine] Reading #88: 64.0 cm | Risk: WARNING
[Sim Loop] Processing reading
[Broadcast] No active connections, skipping
[Simulator] Reading #89: 64.5 cm (rising)
[Flood Engine] Reading #89: 64.5 cm | Risk: WARNING
[Sim Loop] Processing reading
[Broadcast] No active connections, skipping
[Simulator] Reading #90: 65.1 cm (rising)
[Flood Engine] Reading #90: 65.1 cm | Risk: WARNING
[Sim Loop] Processing reading
[Broadcast] No active connections, skipping
[Simulator] Reading #91: 65.2 cm (rising)
[Flood Engine] Reading #91: 65.2 cm | Risk: WARNING
[Sim Loop] Processing reading
[Broadcast] No active connections, skipping
[Simulator] Reading #92: 66.2 cm (rising)
[Flood Engine] Reading #92: 66.2 cm | Risk: WARNING
[Sim Loop] Processing reading
[Broadcast] No active connections, skipping
[Simulator] Reading #93: 66.3 cm (rising)
[Flood Engine] Reading #93: 66.3 cm | Risk: WARNING
[Sim Loop] Processing reading
[Broadcast] No active connections, skipping
[Simulator] Reading #94: 67.1 cm (rising)
[Flood Engine] Reading #94: 67.1 cm | Risk: WARNING
[Sim Loop] Processing reading
[Broadcast] No active connections, skipping
[Simulator] Reading #95: 67.6 cm (rising)
[Flood Engine] Reading #95: 67.6 cm | Risk: WARNING
[Sim Loop] Processing reading
[Broadcast] No active connections, skipping
[Simulator] Reading #96: 67.9 cm (rising)
[Flood Engine] Reading #96: 67.9 cm | Risk: WARNING
[Sim Loop] Processing reading
[Broadcast] No active connections, skipping
[Simulator] Reading #97: 68.4 cm (rising)
[Flood Engine] Reading #97: 68.4 cm | Risk: WARNING
[Sim Loop] Processing reading
[Broadcast] No active connections, skipping
[Simulator] Reading #98: 68.7 cm (rising)
[Flood Engine] Reading #98: 68.7 cm | Risk: WARNING
[Sim Loop] Processing reading
[Broadcast] No active connections, skipping
[Simulator] Reading #99: 69.2 cm (rising)
[Flood Engine] Reading #99: 69.2 cm | Risk: WARNING
[Sim Loop] Processing reading
[Broadcast] No active connections, skipping
[Simulator] Reading #100: 70.1 cm (rising)
[Flood Engine] Reading #100: 70.1 cm | Risk: CRITICAL
[Sim Loop] Processing reading
[Broadcast] No active connections, skipping
[Simulator] Reading #101: 70.4 cm (rising)
[Flood Engine] Reading #101: 70.4 cm | Risk: CRITICAL
[Sim Loop] Processing reading
[Broadcast] No active connections, skipping
[Simulator] Reading #102: 71.2 cm (rising)
[Flood Engine] Reading #102: 71.2 cm | Risk: CRITICAL
[Sim Loop] Processing reading
[Broadcast] No active connections, skipping
[Simulator] Reading #103: 71.4 cm (rising)
[Flood Engine] Reading #103: 71.4 cm | Risk: CRITICAL
[Sim Loop] Processing reading
[Broadcast] No active connections, skipping
[Simulator] Reading #104: 72.3 cm (rising)
[Flood Engine] Reading #104: 72.3 cm | Risk: CRITICAL
[Sim Loop] Processing reading
[Broadcast] No active connections, skipping
[Simulator] Reading #105: 72.7 cm (rising)
[Flood Engine] Reading #105: 72.7 cm | Risk: CRITICAL
[Sim Loop] Processing reading
[Broadcast] No active connections, skipping
[Simulator] Reading #106: 73.0 cm (rising)
[Flood Engine] Reading #106: 73.0 cm | Risk: CRITICAL
[Sim Loop] Processing reading
[Broadcast] No active connections, skipping
[Simulator] Reading #107: 73.3 cm (rising)
[Flood Engine] Reading #107: 73.3 cm | Risk: CRITICAL
[Sim Loop] Processing reading
[Broadcast] No active connections, skipping
[Simulator] Reading #108: 73.9 cm (rising)
[Flood Engine] Reading #108: 73.9 cm | Risk: CRITICAL
[Sim Loop] Processing reading
[Broadcast] No active connections, skipping
[Simulator] Reading #109: 74.5 cm (rising)
[Flood Engine] Reading #109: 74.5 cm | Risk: CRITICAL
[Sim Loop] Processing reading
[Broadcast] No active connections, skipping
[Simulator] Reading #110: 74.7 cm (rising)
[Flood Engine] Reading #110: 74.7 cm | Risk: CRITICAL
[Sim Loop] Processing reading
[Broadcast] No active connections, skipping
[Simulator] Reading #111: 75.2 cm (rising)
[Flood Engine] Reading #111: 75.2 cm | Risk: CRITICAL
[Sim Loop] Processing reading
[Broadcast] No active connections, skipping
[Simulator] Reading #112: 76.1 cm (rising)
[Flood Engine] Reading #112: 76.1 cm | Risk: CRITICAL
[Sim Loop] Processing reading
[Broadcast] No active connections, skipping
[Simulator] Reading #113: 76.3 cm (rising)
[Flood Engine] Reading #113: 76.3 cm | Risk: CRITICAL
[Sim Loop] Processing reading
[Broadcast] No active connections, skipping
[Simulator] Reading #114: 76.8 cm (rising)
[Flood Engine] Reading #114: 76.8 cm | Risk: CRITICAL
[Sim Loop] Processing reading
[Broadcast] No active connections, skipping
[Simulator] Reading #115: 77.5 cm (rising)
[Flood Engine] Reading #115: 77.5 cm | Risk: CRITICAL
[Sim Loop] Processing reading
[Broadcast] No active connections, skipping
[Simulator] Reading #116: 77.7 cm (rising)
[Flood Engine] Reading #116: 77.7 cm | Risk: CRITICAL
[Sim Loop] Processing reading
[Broadcast] No active connections, skipping
[Simulator] Reading #117: 78.4 cm (rising)
[Flood Engine] Reading #117: 78.4 cm | Risk: CRITICAL
[Sim Loop] Processing reading
[Broadcast] No active connections, skipping
[Simulator] Reading #118: 79.1 cm (rising)
[Flood Engine] Reading #118: 79.1 cm | Risk: CRITICAL
[Sim Loop] Processing reading
[Broadcast] No active connections, skipping
[Simulator] Reading #119: 79.3 cm (rising)
[Flood Engine] Reading #119: 79.3 cm | Risk: CRITICAL
[Sim Loop] Processing reading
[Broadcast] No active connections, skipping
[Simulator] Reading #120: 80.0 cm (rising)
[Flood Engine] Reading #120: 80.0 cm | Risk: CRITICAL
[Sim Loop] Processing reading
[Broadcast] No active connections, skipping
[Simulator] Reading #121: 80.7 cm (rising)
[Flood Engine] Reading #121: 80.7 cm | Risk: CRITICAL
[Sim Loop] Processing reading
[Broadcast] No active connections, skipping
[Simulator] Reading #122: 81.1 cm (rising)
[Flood Engine] Reading #122: 81.1 cm | Risk: CRITICAL
[Sim Loop] Processing reading
[Broadcast] No active connections, skipping
[Simulator] Reading #123: 81.3 cm (rising)
[Flood Engine] Reading #123: 81.3 cm | Risk: CRITICAL
[Sim Loop] Processing reading
[Broadcast] No active connections, skipping
[Simulator] Reading #124: 81.9 cm (rising)
[Flood Engine] Reading #124: 81.9 cm | Risk: CRITICAL
[Sim Loop] Processing reading
[Broadcast] No active connections, skipping
[Simulator] Reading #125: 82.6 cm (rising)
[Flood Engine] Reading #125: 82.6 cm | Risk: CRITICAL
[Sim Loop] Processing reading
[Broadcast] No active connections, skipping
[Simulator] Reading #126: 82.9 cm (rising)
[Flood Engine] Reading #126: 82.9 cm | Risk: CRITICAL
[Sim Loop] Processing reading
[Broadcast] No active connections, skipping
[Simulator] Reading #127: 83.8 cm (rising)
[Flood Engine] Reading #127: 83.8 cm | Risk: CRITICAL
[Sim Loop] Processing reading
[Broadcast] No active connections, skipping
[Simulator] Reading #128: 83.9 cm (rising)
[Flood Engine] Reading #128: 83.9 cm | Risk: CRITICAL
[Sim Loop] Processing reading
[Broadcast] No active connections, skipping
[Simulator] Reading #129: 84.8 cm (rising)
[Flood Engine] Reading #129: 84.8 cm | Risk: CRITICAL
[Sim Loop] Processing reading
[Broadcast] No active connections, skipping
[Simulator] Reading #130: 84.9 cm (rising)
[Flood Engine] Reading #130: 84.9 cm | Risk: CRITICAL
[Sim Loop] Processing reading
[Broadcast] No active connections, skipping
[Simulator] Reading #131: 85.2 cm (rising)
[Flood Engine] Reading #131: 85.2 cm | Risk: CRITICAL
[Sim Loop] Processing reading
[Broadcast] No active connections, skipping
[Simulator] Reading #132: 85.9 cm (rising)
[Flood Engine] Reading #132: 85.9 cm | Risk: CRITICAL
[Sim Loop] Processing reading
[Broadcast] No active connections, skipping
[Simulator] Reading #133: 86.5 cm (rising)
[Flood Engine] Reading #133: 86.5 cm | Risk: CRITICAL
[Sim Loop] Processing reading
[Broadcast] No active connections, skipping
[Simulator] Reading #134: 87.2 cm (rising)
[Flood Engine] Reading #134: 87.2 cm | Risk: CRITICAL
[Sim Loop] Processing reading
[Broadcast] No active connections, skipping
[Simulator] Reading #135: 87.5 cm (rising)
[Flood Engine] Reading #135: 87.5 cm | Risk: CRITICAL
[Sim Loop] Processing reading
[Broadcast] No active connections, skipping
[Simulator] Reading #136: 87.8 cm (rising)
[Flood Engine] Reading #136: 87.8 cm | Risk: CRITICAL
[Sim Loop] Processing reading
[Broadcast] No active connections, skipping
[Simulator] Reading #137: 88.4 cm (rising)
[Flood Engine] Reading #137: 88.4 cm | Risk: CRITICAL
[Sim Loop] Processing reading
[Broadcast] No active connections, skipping
[Simulator] Reading #138: 89.3 cm (rising)
[Flood Engine] Reading #138: 89.3 cm | Risk: CRITICAL
[Sim Loop] Processing reading
[Broadcast] No active connections, skipping
[Simulator] Reading #139: 89.6 cm (rising)
[Flood Engine] Reading #139: 89.6 cm | Risk: CRITICAL
[Sim Loop] Processing reading
[Broadcast] No active connections, skipping
[Simulator] Reading #140: 90.2 cm (rising)
[Flood Engine] Reading #140: 90.2 cm | Risk: CRITICAL
[Sim Loop] Processing reading
[Broadcast] No active connections, skipping
[Simulator] Reading #141: 90.6 cm (rising)
[Flood Engine] Reading #141: 90.6 cm | Risk: CRITICAL
[Sim Loop] Processing reading
[Broadcast] No active connections, skipping
[Simulator] Reading #142: 90.9 cm (rising)
[Flood Engine] Reading #142: 90.9 cm | Risk: CRITICAL
[Sim Loop] Processing reading
[Broadcast] No active connections, skipping
[Simulator] Reading #143: 91.6 cm (rising)
[Flood Engine] Reading #143: 91.6 cm | Risk: CRITICAL
[Sim Loop] Processing reading
[Broadcast] No active connections, skipping
[Simulator] Reading #144: 91.7 cm (rising)
[Flood Engine] Reading #144: 91.7 cm | Risk: CRITICAL
[Sim Loop] Processing reading
[Broadcast] No active connections, skipping
[Simulator] Reading #145: 92.2 cm (rising)
[Flood Engine] Reading #145: 92.2 cm | Risk: CRITICAL
[Sim Loop] Processing reading
[Broadcast] No active connections, skipping
[Simulator] Reading #146: 93.1 cm (rising)
[Flood Engine] Reading #146: 93.1 cm | Risk: CRITICAL
[Sim Loop] Processing reading
[Broadcast] No active connections, skipping
[Simulator] Reading #147: 93.6 cm (rising)
[Flood Engine] Reading #147: 93.6 cm | Risk: CRITICAL
[Sim Loop] Processing reading
[Broadcast] No active connections, skipping
[Simulator] Reading #148: 93.7 cm (rising)
[Flood Engine] Reading #148: 93.7 cm | Risk: CRITICAL
[Sim Loop] Processing reading
[Broadcast] No active connections, skipping
[Simulator] Reading #149: 94.3 cm (rising)
[Flood Engine] Reading #149: 94.3 cm | Risk: CRITICAL
[Sim Loop] Processing reading
[Broadcast] No active connections, skipping
[Simulator] Reading #150: 95.2 cm (rising)
[Flood Engine] Reading #150: 95.2 cm | Risk: CRITICAL
[Sim Loop] Processing reading
[Broadcast] No active connections, skipping
[Simulator] Reading #151: 95.8 cm (rising)
[Flood Engine] Reading #151: 95.8 cm | Risk: CRITICAL
[Sim Loop] Processing reading
[Broadcast] No active connections, skipping
[Simulator] Reading #152: 95.8 cm (rising)
[Flood Engine] Reading #152: 95.8 cm | Risk: CRITICAL
[Sim Loop] Processing reading
[Broadcast] No active connections, skipping
[Simulator] Reading #153: 96.7 cm (rising)
[Flood Engine] Reading #153: 96.7 cm | Risk: CRITICAL
[Sim Loop] Processing reading
[Broadcast] No active connections, skipping
[Simulator] Reading #154: 96.8 cm (rising)
[Flood Engine] Reading #154: 96.8 cm | Risk: CRITICAL
[Sim Loop] Processing reading
[Broadcast] No active connections, skipping
[Simulator] Reading #155: 97.7 cm (rising)
[Flood Engine] Reading #155: 97.7 cm | Risk: CRITICAL
[Sim Loop] Processing reading
[Broadcast] No active connections, skipping
[Simulator] Reading #156: 97.8 cm (rising)
[Flood Engine] Reading #156: 97.8 cm | Risk: CRITICAL
[Sim Loop] Processing reading
[Broadcast] No active connections, skipping
[Simulator] Reading #157: 98.3 cm (rising)
[Flood Engine] Reading #157: 98.3 cm | Risk: CRITICAL
[Sim Loop] Processing reading
[Broadcast] No active connections, skipping
[Simulator] Reading #158: 98.8 cm (rising)
[Flood Engine] Reading #158: 98.8 cm | Risk: CRITICAL
[Sim Loop] Processing reading
[Broadcast] No active connections, skipping
[Simulator] Reading #159: 99.5 cm (rising)
[Flood Engine] Reading #159: 99.5 cm | Risk: CRITICAL
[Sim Loop] Processing reading
[Broadcast] No active connections, skipping
[Simulator] Reading #160: 99.9 cm (rising)
[Flood Engine] Reading #160: 99.9 cm | Risk: CRITICAL
[Sim Loop] Processing reading
[Broadcast] No active connections, skipping
[Simulator] Reading #161: 100.4 cm (rising)
[Flood Engine] Reading #161: 100.4 cm | Risk: CRITICAL
[Sim Loop] Processing reading
[Broadcast] No active connections, skipping
[Simulator] Reading #162: 100.7 cm (rising)
[Flood Engine] Reading #162: 100.7 cm | Risk: CRITICAL
[Sim Loop] Processing reading
[Broadcast] No active connections, skipping
[Simulator] Reading #163: 101.7 cm (rising)
[Flood Engine] Reading #163: 101.7 cm | Risk: CRITICAL
[Sim Loop] Processing reading
[Broadcast] No active connections, skipping
[Simulator] Reading #164: 102.3 cm (rising)
[Flood Engine] Reading #164: 102.3 cm | Risk: CRITICAL
[Sim Loop] Processing reading
[Broadcast] No active connections, skipping
[Simulator] Reading #165: 102.6 cm (rising)
[Flood Engine] Reading #165: 102.6 cm | Risk: CRITICAL
[Sim Loop] Processing reading
[Broadcast] No active connections, skipping
[Simulator] Reading #166: 103.0 cm (rising)
[Flood Engine] Reading #166: 103.0 cm | Risk: CRITICAL
[Sim Loop] Processing reading
[Broadcast] No active connections, skipping
[Simulator] Reading #167: 103.7 cm (rising)
[Flood Engine] Reading #167: 103.7 cm | Risk: CRITICAL
[Sim Loop] Processing reading
[Broadcast] No active connections, skipping
[Simulator] Reading #168: 103.8 cm (rising)
[Flood Engine] Reading #168: 103.8 cm | Risk: CRITICAL
[Sim Loop] Processing reading
[Broadcast] No active connections, skipping
[Simulator] Reading #169: 104.5 cm (rising)
[Flood Engine] Reading #169: 104.5 cm | Risk: CRITICAL
[Sim Loop] Processing reading
[Broadcast] No active connections, skipping
[Simulator] Reading #170: 104.7 cm (rising)
[Flood Engine] Reading #170: 104.7 cm | Risk: CRITICAL
[Sim Loop] Processing reading
[Broadcast] No active connections, skipping
[Simulator] Reading #171: 105.6 cm (rising)
[Flood Engine] Reading #171: 105.6 cm | Risk: CRITICAL
[Sim Loop] Processing reading
[Broadcast] No active connections, skipping
INFO:     127.0.0.1:49827 - "GET / HTTP/1.1" 200 OK
[Simulator] Reading #172: 105.9 cm (rising)
[Flood Engine] Reading #172: 105.9 cm | Risk: CRITICAL
[Sim Loop] Processing reading
[Broadcast] No active connections, skipping
[WS Endpoint] Accepting connection...
[WebSocket] Client connected. Total: 1
[WS Endpoint] Connection registered, active: 1
[Simulator] Reading #173: 106.5 cm (rising)
[Flood Engine] Reading #173: 106.5 cm | Risk: CRITICAL
[Sim Loop] Processing reading
[Broadcast] Sending to 1 connections
[Simulator] Reading #174: 107.1 cm (rising)
[Flood Engine] Reading #174: 107.1 cm | Risk: CRITICAL
[Sim Loop] Processing reading
[Broadcast] Sending to 1 connections
[Simulator] Reading #175: 107.2 cm (rising)
[Flood Engine] Reading #175: 107.2 cm | Risk: CRITICAL
[Sim Loop] Processing reading
[Broadcast] Sending to 1 connections
[Simulator] Reading #176: 108.0 cm (rising)
[Flood Engine] Reading #176: 108.0 cm | Risk: CRITICAL
[Sim Loop] Processing reading
[Broadcast] Sending to 1 connections
[Simulator] Reading #177: 108.7 cm (rising)
[Flood Engine] Reading #177: 108.7 cm | Risk: CRITICAL
[Sim Loop] Processing reading
[Broadcast] Sending to 1 connections
[Simulator] Reading #178: 109.0 cm (rising)
[Flood Engine] Reading #178: 109.0 cm | Risk: CRITICAL
[Sim Loop] Processing reading
[Broadcast] Sending to 1 connections
[Simulator] Reading #179: 109.6 cm (rising)
[Flood Engine] Reading #179: 109.6 cm | Risk: CRITICAL
[Sim Loop] Processing reading
[Broadcast] Sending to 1 connections
INFO:     127.0.0.1:62224 - "GET /api/status HTTP/1.1" 200 OK
[Simulator] Reading #180: 110.2 cm (rising)
[Flood Engine] Reading #180: 110.2 cm | Risk: CRITICAL
[Sim Loop] Processing reading
[Broadcast] Sending to 1 connections
[Simulator] Reading #181: 110.4 cm (rising)
[Flood Engine] Reading #181: 110.4 cm | Risk: CRITICAL
[Sim Loop] Processing reading
[Broadcast] Sending to 1 connections
[Simulator] Reading #182: 111.1 cm (rising)
[Flood Engine] Reading #182: 111.1 cm | Risk: CRITICAL
[Sim Loop] Processing reading
[Broadcast] Sending to 1 connections
[Simulator] Reading #183: 111.6 cm (rising)
[Flood Engine] Reading #183: 111.6 cm | Risk: CRITICAL
[Sim Loop] Processing reading
[Broadcast] Sending to 1 connections
[Simulator] Reading #184: 112.0 cm (rising)
[Flood Engine] Reading #184: 112.0 cm | Risk: CRITICAL
[Sim Loop] Processing reading
[Broadcast] Sending to 1 connections
[Simulator] Reading #185: 112.3 cm (rising)
[Flood Engine] Reading #185: 112.3 cm | Risk: CRITICAL
[Sim Loop] Processing reading
[Broadcast] Sending to 1 connections
[Simulator] Reading #186: 112.7 cm (rising)
[Flood Engine] Reading #186: 112.7 cm | Risk: CRITICAL
[Sim Loop] Processing reading
[Broadcast] Sending to 1 connections
[Simulator] Reading #187: 113.5 cm (rising)
[Flood Engine] Reading #187: 113.5 cm | Risk: CRITICAL
[Sim Loop] Processing reading
[Broadcast] Sending to 1 connections
[Simulator] Reading #188: 114.2 cm (rising)
[Flood Engine] Reading #188: 114.2 cm | Risk: CRITICAL
[Sim Loop] Processing reading
[Broadcast] Sending to 1 connections
[Simulator] Reading #189: 114.5 cm (rising)
[Flood Engine] Reading #189: 114.5 cm | Risk: CRITICAL
[Sim Loop] Processing reading
[Broadcast] Sending to 1 connections
[Simulator] Reading #190: 115.2 cm (rising)
[Flood Engine] Reading #190: 115.2 cm | Risk: CRITICAL
[Sim Loop] Processing reading
[Broadcast] Sending to 1 connections
[Simulator] Reading #191: 115.7 cm (rising)
[Flood Engine] Reading #191: 115.7 cm | Risk: CRITICAL
[Sim Loop] Processing reading
[Broadcast] Sending to 1 connections
[Simulator] Reading #192: 116.0 cm (rising)
[Flood Engine] Reading #192: 116.0 cm | Risk: CRITICAL
[Sim Loop] Processing reading
[Broadcast] Sending to 1 connections
[Simulator] Reading #193: 116.4 cm (rising)
[Flood Engine] Reading #193: 116.4 cm | Risk: CRITICAL
[Sim Loop] Processing reading
[Broadcast] Sending to 1 connections
[Simulator] Reading #194: 116.9 cm (rising)
[Flood Engine] Reading #194: 116.9 cm | Risk: CRITICAL
[Sim Loop] Processing reading
[Broadcast] Sending to 1 connections
[Simulator] Reading #195: 117.4 cm (rising)
[Flood Engine] Reading #195: 117.4 cm | Risk: CRITICAL
[Sim Loop] Processing reading
[Broadcast] Sending to 1 connections
[Simulator] Reading #196: 118.2 cm (rising)
[Flood Engine] Reading #196: 118.2 cm | Risk: CRITICAL
[Sim Loop] Processing reading
[Broadcast] Sending to 1 connections
[Simulator] Reading #197: 118.3 cm (rising)
[Flood Engine] Reading #197: 118.3 cm | Risk: CRITICAL
[Sim Loop] Processing reading
[Broadcast] Sending to 1 connections
[Simulator] Reading #198: 119.3 cm (rising)
[Flood Engine] Reading #198: 119.3 cm | Risk: CRITICAL
[Sim Loop] Processing reading
[Broadcast] Sending to 1 connections
[Simulator] Reading #199: 119.3 cm (rising)
[Flood Engine] Reading #199: 119.3 cm | Risk: CRITICAL
[Sim Loop] Processing reading
[Broadcast] Sending to 1 connections
[Simulator] Reading #200: 119.7 cm (rising)
[Flood Engine] Reading #200: 119.7 cm | Risk: CRITICAL
[Sim Loop] Processing reading
[Broadcast] Sending to 1 connections
[Simulator] Reading #201: 120.3 cm (rising)
[Flood Engine] Reading #201: 120.3 cm | Risk: CRITICAL
[Sim Loop] Processing reading
[Broadcast] Sending to 1 connections
[Simulator] Reading #202: 121.1 cm (rising)
[Flood Engine] Reading #202: 121.1 cm | Risk: CRITICAL
[Sim Loop] Processing reading
[Broadcast] Sending to 1 connections
[Simulator] Reading #203: 121.5 cm (rising)
[Flood Engine] Reading #203: 121.5 cm | Risk: CRITICAL
[Sim Loop] Processing reading
[Broadcast] Sending to 1 connections
[Simulator] Reading #204: 121.8 cm (rising)
[Flood Engine] Reading #204: 121.8 cm | Risk: CRITICAL
[Sim Loop] Processing reading
[Broadcast] Sending to 1 connections
[Simulator] Reading #205: 122.4 cm (rising)
[Flood Engine] Reading #205: 122.4 cm | Risk: CRITICAL
[Sim Loop] Processing reading
[Broadcast] Sending to 1 connections
[Simulator] Reading #206: 123.1 cm (rising)
[Flood Engine] Reading #206: 123.1 cm | Risk: CRITICAL
[Sim Loop] Processing reading
[Broadcast] Sending to 1 connections
[Simulator] Reading #207: 123.6 cm (rising)
[Flood Engine] Reading #207: 123.6 cm | Risk: CRITICAL
[Sim Loop] Processing reading
[Broadcast] Sending to 1 connections
[Simulator] Reading #208: 124.2 cm (rising)
[Flood Engine] Reading #208: 124.2 cm | Risk: CRITICAL
[Sim Loop] Processing reading
[Broadcast] Sending to 1 connections
[Simulator] Reading #209: 124.5 cm (rising)
[Flood Engine] Reading #209: 124.5 cm | Risk: CRITICAL
[Sim Loop] Processing reading
[Broadcast] Sending to 1 connections
[Simulator] Reading #210: 125.0 cm (rising)
[Flood Engine] Reading #210: 125.0 cm | Risk: CRITICAL
[Sim Loop] Processing reading
[Broadcast] Sending to 1 connections
[Simulator] Reading #211: 125.3 cm (rising)
[Flood Engine] Reading #211: 125.3 cm | Risk: CRITICAL
[Sim Loop] Processing reading
[Broadcast] Sending to 1 connections
[Simulator] Reading #212: 125.9 cm (rising)
[Flood Engine] Reading #212: 125.9 cm | Risk: CRITICAL
[Sim Loop] Processing reading
[Broadcast] Sending to 1 connections
[Simulator] Reading #213: 126.3 cm (rising)
[Flood Engine] Reading #213: 126.3 cm | Risk: CRITICAL
[Sim Loop] Processing reading
[Broadcast] Sending to 1 connections
[Simulator] Reading #214: 126.8 cm (rising)
[Flood Engine] Reading #214: 126.8 cm | Risk: CRITICAL
[Sim Loop] Processing reading
[Broadcast] Sending to 1 connections
[Simulator] Reading #215: 127.5 cm (rising)
[Flood Engine] Reading #215: 127.5 cm | Risk: CRITICAL
[Sim Loop] Processing reading
[Broadcast] Sending to 1 connections
[Simulator] Reading #216: 127.9 cm (rising)
[Flood Engine] Reading #216: 127.9 cm | Risk: CRITICAL
[Sim Loop] Processing reading
[Broadcast] Sending to 1 connections
[Simulator] Reading #217: 128.8 cm (rising)
[Flood Engine] Reading #217: 128.8 cm | Risk: CRITICAL
[Sim Loop] Processing reading
[Broadcast] Sending to 1 connections
[Simulator] Reading #218: 129.1 cm (rising)
[Flood Engine] Reading #218: 129.1 cm | Risk: CRITICAL
[Sim Loop] Processing reading
[Broadcast] Sending to 1 connections
[Simulator] Reading #219: 129.4 cm (rising)
[Flood Engine] Reading #219: 129.4 cm | Risk: CRITICAL
[Sim Loop] Processing reading
[Broadcast] Sending to 1 connections
[Simulator] Reading #220: 129.9 cm (rising)
[Flood Engine] Reading #220: 129.9 cm | Risk: CRITICAL
[Sim Loop] Processing reading
[Broadcast] Sending to 1 connections
[Simulator] Reading #221: 130.6 cm (rising)
[Flood Engine] Reading #221: 130.6 cm | Risk: CRITICAL
[Sim Loop] Processing reading
[Broadcast] Sending to 1 connections
[Simulator] Reading #222: 131.0 cm (rising)
[Flood Engine] Reading #222: 131.0 cm | Risk: CRITICAL
[Sim Loop] Processing reading
[Broadcast] Sending to 1 connections
[Simulator] Reading #223: 131.4 cm (rising)
[Flood Engine] Reading #223: 131.4 cm | Risk: CRITICAL
[Sim Loop] Processing reading
[Broadcast] Sending to 1 connections
[Simulator] Reading #224: 131.9 cm (rising)
[Flood Engine] Reading #224: 131.9 cm | Risk: CRITICAL
[Sim Loop] Processing reading
[Broadcast] Sending to 1 connections
[Simulator] Reading #225: 132.6 cm (rising)
[Flood Engine] Reading #225: 132.6 cm | Risk: CRITICAL
[Sim Loop] Processing reading
[Broadcast] Sending to 1 connections
[Simulator] Reading #226: 132.9 cm (rising)
[Flood Engine] Reading #226: 132.9 cm | Risk: CRITICAL
[Sim Loop] Processing reading
[Broadcast] Sending to 1 connections
[Simulator] Reading #227: 133.6 cm (rising)
[Flood Engine] Reading #227: 133.6 cm | Risk: CRITICAL
[Sim Loop] Processing reading
[Broadcast] Sending to 1 connections
[Simulator] Reading #228: 134.0 cm (rising)
[Flood Engine] Reading #228: 134.0 cm | Risk: CRITICAL
[Sim Loop] Processing reading
[Broadcast] Sending to 1 connections
[Simulator] Reading #229: 134.7 cm (rising)
[Flood Engine] Reading #229: 134.7 cm | Risk: CRITICAL
[Sim Loop] Processing reading
[Broadcast] Sending to 1 connections
[Simulator] Reading #230: 135.1 cm (rising)
[Flood Engine] Reading #230: 135.1 cm | Risk: CRITICAL
[Sim Loop] Processing reading
[Broadcast] Sending to 1 connections
[Simulator] Reading #231: 135.7 cm (rising)
[Flood Engine] Reading #231: 135.7 cm | Risk: CRITICAL
[Sim Loop] Processing reading
[Broadcast] Sending to 1 connections
[Simulator] Reading #232: 135.7 cm (rising)
[Flood Engine] Reading #232: 135.7 cm | Risk: CRITICAL
[Sim Loop] Processing reading
[Broadcast] Sending to 1 connections
[Simulator] Reading #233: 136.7 cm (rising)
[Flood Engine] Reading #233: 136.7 cm | Risk: CRITICAL
[Sim Loop] Processing reading
[Broadcast] Sending to 1 connections
[Simulator] Reading #234: 136.9 cm (rising)
[Flood Engine] Reading #234: 136.9 cm | Risk: CRITICAL
[Sim Loop] Processing reading
[Broadcast] Sending to 1 connections
[Simulator] Reading #235: 137.6 cm (rising)
[Flood Engine] Reading #235: 137.6 cm | Risk: CRITICAL
[Sim Loop] Processing reading
[Broadcast] Sending to 1 connections
[Simulator] Reading #236: 138.2 cm (rising)
[Flood Engine] Reading #236: 138.2 cm | Risk: CRITICAL
[Sim Loop] Processing reading
[Broadcast] Sending to 1 connections
[Simulator] Reading #237: 138.2 cm (rising)
[Flood Engine] Reading #237: 138.2 cm | Risk: CRITICAL
[Sim Loop] Processing reading
[Broadcast] Sending to 1 connections
[Simulator] Reading #238: 138.8 cm (rising)
[Flood Engine] Reading #238: 138.8 cm | Risk: CRITICAL
[Sim Loop] Processing reading
[Broadcast] Sending to 1 connections
[Simulator] Reading #239: 139.7 cm (rising)
[Flood Engine] Reading #239: 139.7 cm | Risk: CRITICAL
[Sim Loop] Processing reading
[Broadcast] Sending to 1 connections
[Simulator] Reading #240: 140.0 cm (rising)
[Flood Engine] Reading #240: 140.0 cm | Risk: CRITICAL
[Sim Loop] Processing reading
[Broadcast] Sending to 1 connections
[Simulator] Reading #241: 140.7 cm (rising)
[Flood Engine] Reading #241: 140.7 cm | Risk: CRITICAL
[Sim Loop] Processing reading
[Broadcast] Sending to 1 connections
[Simulator] Reading #242: 141.2 cm (rising)
[Flood Engine] Reading #242: 141.2 cm | Risk: CRITICAL
[Sim Loop] Processing reading
[Broadcast] Sending to 1 connections
[Simulator] Reading #243: 141.5 cm (rising)
[Flood Engine] Reading #243: 141.5 cm | Risk: CRITICAL
[Sim Loop] Processing reading
[Broadcast] Sending to 1 connections
[Simulator] Reading #244: 142.3 cm (rising)
[Flood Engine] Reading #244: 142.3 cm | Risk: CRITICAL
[Sim Loop] Processing reading
[Broadcast] Sending to 1 connections
[Simulator] Reading #245: 142.8 cm (rising)
[Flood Engine] Reading #245: 142.8 cm | Risk: CRITICAL
[Sim Loop] Processing reading
[Broadcast] Sending to 1 connections
[Simulator] Reading #246: 142.9 cm (rising)
[Flood Engine] Reading #246: 142.9 cm | Risk: CRITICAL
[Sim Loop] Processing reading
[Broadcast] Sending to 1 connections
[Simulator] Reading #247: 143.3 cm (rising)
[Flood Engine] Reading #247: 143.3 cm | Risk: CRITICAL
[Sim Loop] Processing reading
[Broadcast] Sending to 1 connections
[Simulator] Reading #248: 143.7 cm (rising)
[Flood Engine] Reading #248: 143.7 cm | Risk: CRITICAL
[Sim Loop] Processing reading
[Broadcast] Sending to 1 connections
[Simulator] Reading #249: 144.4 cm (rising)
[Flood Engine] Reading #249: 144.4 cm | Risk: CRITICAL
[Sim Loop] Processing reading
[Broadcast] Sending to 1 connections
[Simulator] Reading #250: 144.7 cm (rising)
[Flood Engine] Reading #250: 144.7 cm | Risk: CRITICAL
[Sim Loop] Processing reading
[Broadcast] Sending to 1 connections
[Simulator] Reading #251: 145.2 cm (rising)
[Flood Engine] Reading #251: 145.2 cm | Risk: CRITICAL
[Sim Loop] Processing reading
[Broadcast] Sending to 1 connections
[Simulator] Reading #252: 145.9 cm (rising)
[Flood Engine] Reading #252: 145.9 cm | Risk: CRITICAL
[Sim Loop] Processing reading
[Broadcast] Sending to 1 connections
[Simulator] Reading #253: 146.3 cm (rising)
[Flood Engine] Reading #253: 146.3 cm | Risk: CRITICAL
[Sim Loop] Processing reading
[Broadcast] Sending to 1 connections
[Simulator] Reading #254: 147.1 cm (rising)
[Flood Engine] Reading #254: 147.1 cm | Risk: CRITICAL
[Sim Loop] Processing reading
[Broadcast] Sending to 1 connections
[Simulator] Reading #255: 147.5 cm (rising)
[Flood Engine] Reading #255: 147.5 cm | Risk: CRITICAL
[Sim Loop] Processing reading
[Broadcast] Sending to 1 connections
[Simulator] Reading #256: 148.1 cm (rising)
[Flood Engine] Reading #256: 148.1 cm | Risk: CRITICAL
[Sim Loop] Processing reading
[Broadcast] Sending to 1 connections
[Simulator] Reading #257: 148.4 cm (rising)
[Flood Engine] Reading #257: 148.4 cm | Risk: CRITICAL
[Sim Loop] Processing reading
[Broadcast] Sending to 1 connections
[Simulator] Reading #258: 149.0 cm (rising)
[Flood Engine] Reading #258: 149.0 cm | Risk: CRITICAL
[Sim Loop] Processing reading
[Broadcast] Sending to 1 connections
[Simulator] Reading #259: 149.6 cm (rising)
[Flood Engine] Reading #259: 149.6 cm | Risk: CRITICAL
[Sim Loop] Processing reading
[Broadcast] Sending to 1 connections
[Simulator] Reading #260: 149.7 cm (rising)
[Flood Engine] Reading #260: 149.7 cm | Risk: CRITICAL
[Sim Loop] Processing reading
[Broadcast] Sending to 1 connections
[Simulator] Reading #261: 150.7 cm (rising)
[Flood Engine] Reading #261: 150.7 cm | Risk: CRITICAL
[Sim Loop] Processing reading
[Broadcast] Sending to 1 connections
[Simulator] Reading #262: 151.1 cm (rising)
[Flood Engine] Reading #262: 151.1 cm | Risk: CRITICAL
[Sim Loop] Processing reading
[Broadcast] Sending to 1 connections
[Simulator] Reading #263: 151.5 cm (rising)
[Flood Engine] Reading #263: 151.5 cm | Risk: CRITICAL
[Sim Loop] Processing reading
[Broadcast] Sending to 1 connections
[Simulator] Reading #264: 152.2 cm (rising)
[Flood Engine] Reading #264: 152.2 cm | Risk: CRITICAL
[Sim Loop] Processing reading
[Broadcast] Sending to 1 connections
[Simulator] Reading #265: 152.7 cm (rising)
[Flood Engine] Reading #265: 152.7 cm | Risk: CRITICAL
[Sim Loop] Processing reading
[Broadcast] Sending to 1 connections
[Simulator] Reading #266: 153.1 cm (rising)
[Flood Engine] Reading #266: 153.1 cm | Risk: CRITICAL
[Sim Loop] Processing reading
[Broadcast] Sending to 1 connections
[Simulator] Reading #267: 153.7 cm (rising)
[Flood Engine] Reading #267: 153.7 cm | Risk: CRITICAL
[Sim Loop] Processing reading
[Broadcast] Sending to 1 connections
[WebSocket] Client disconnected. Total: 0
[Simulator] Reading #268: 153.8 cm (rising)
[Flood Engine] Reading #268: 153.8 cm | Risk: CRITICAL
[Sim Loop] Processing reading
[Broadcast] No active connections, skipping
[Simulator] Reading #269: 154.7 cm (rising)
[Flood Engine] Reading #269: 154.7 cm | Risk: CRITICAL
[Sim Loop] Processing reading
[Broadcast] No active connections, skipping
[Simulator] Reading #270: 155.2 cm (rising)
[Flood Engine] Reading #270: 155.2 cm | Risk: CRITICAL
[Sim Loop] Processing reading
[Broadcast] No active connections, skipping
[Simulator] Reading #271: 155.8 cm (rising)
[Flood Engine] Reading #271: 155.8 cm | Risk: CRITICAL
[Sim Loop] Processing reading
[Broadcast] No active connections, skipping
[Simulator] Reading #272: 156.0 cm (rising)
[Flood Engine] Reading #272: 156.0 cm | Risk: CRITICAL
[Sim Loop] Processing reading
[Broadcast] No active connections, skipping
[Simulator] Reading #273: 156.2 cm (rising)
[Flood Engine] Reading #273: 156.2 cm | Risk: CRITICAL
[Sim Loop] Processing reading
[Broadcast] No active connections, skipping
[Simulator] Reading #274: 156.7 cm (rising)
[Flood Engine] Reading #274: 156.7 cm | Risk: CRITICAL
[Sim Loop] Processing reading
[Broadcast] No active connections, skipping
[Simulator] Reading #275: 157.3 cm (rising)
[Flood Engine] Reading #275: 157.3 cm | Risk: CRITICAL
[Sim Loop] Processing reading
[Broadcast] No active connections, skipping
[Simulator] Reading #276: 158.3 cm (rising)
[Flood Engine] Reading #276: 158.3 cm | Risk: CRITICAL
[Sim Loop] Processing reading
[Broadcast] No active connections, skipping
[Simulator] Reading #277: 158.2 cm (rising)
[Flood Engine] Reading #277: 158.2 cm | Risk: CRITICAL
[Sim Loop] Processing reading
[Broadcast] No active connections, skipping
[Simulator] Reading #278: 159.2 cm (rising)
[Flood Engine] Reading #278: 159.2 cm | Risk: CRITICAL
[Sim Loop] Processing reading
[Broadcast] No active connections, skipping
[Simulator] Reading #279: 159.5 cm (rising)
[Flood Engine] Reading #279: 159.5 cm | Risk: CRITICAL
[Sim Loop] Processing reading
[Broadcast] No active connections, skipping
[Simulator] Reading #280: 159.7 cm (rising)
[Flood Engine] Reading #280: 159.7 cm | Risk: CRITICAL
[Sim Loop] Processing reading
[Broadcast] No active connections, skipping
[Simulator] Reading #281: 160.2 cm (rising)
[Flood Engine] Reading #281: 160.2 cm | Risk: CRITICAL
[Sim Loop] Processing reading
[Broadcast] No active connections, skipping
[Simulator] Reading #282: 161.2 cm (rising)
[Flood Engine] Reading #282: 161.2 cm | Risk: CRITICAL
[Sim Loop] Processing reading
[Broadcast] No active connections, skipping
[Simulator] Reading #283: 161.5 cm (rising)
[Flood Engine] Reading #283: 161.5 cm | Risk: CRITICAL
[Sim Loop] Processing reading
[Broadcast] No active connections, skipping
[Simulator] Reading #284: 161.7 cm (rising)
[Flood Engine] Reading #284: 161.7 cm | Risk: CRITICAL
[Sim Loop] Processing reading
[Broadcast] No active connections, skipping
[Simulator] Reading #285: 162.2 cm (rising)
[Flood Engine] Reading #285: 162.2 cm | Risk: CRITICAL
[Sim Loop] Processing reading
[Broadcast] No active connections, skipping
[Simulator] Reading #286: 162.9 cm (rising)
[Flood Engine] Reading #286: 162.9 cm | Risk: CRITICAL
[Sim Loop] Processing reading
[Broadcast] No active connections, skipping
[Simulator] Reading #287: 163.5 cm (rising)
[Flood Engine] Reading #287: 163.5 cm | Risk: CRITICAL
[Sim Loop] Processing reading
[Broadcast] No active connections, skipping
[Simulator] Reading #288: 164.0 cm (rising)
[Flood Engine] Reading #288: 164.0 cm | Risk: CRITICAL
[Sim Loop] Processing reading
[Broadcast] No active connections, skipping
[Simulator] Reading #289: 164.3 cm (rising)
[Flood Engine] Reading #289: 164.3 cm | Risk: CRITICAL
[Sim Loop] Processing reading
[Broadcast] No active connections, skipping
[Simulator] Reading #290: 164.9 cm (rising)
[Flood Engine] Reading #290: 164.9 cm | Risk: CRITICAL
[Sim Loop] Processing reading
[Broadcast] No active connections, skipping
[Simulator] Reading #291: 165.6 cm (rising)
[Flood Engine] Reading #291: 165.6 cm | Risk: CRITICAL
[Sim Loop] Processing reading
[Broadcast] No active connections, skipping
[Simulator] Reading #292: 165.8 cm (rising)
[Flood Engine] Reading #292: 165.8 cm | Risk: CRITICAL
[Sim Loop] Processing reading
[Broadcast] No active connections, skipping
[Simulator] Reading #293: 166.2 cm (rising)
[Flood Engine] Reading #293: 166.2 cm | Risk: CRITICAL
[Sim Loop] Processing reading
[Broadcast] No active connections, skipping
[Simulator] Reading #294: 167.2 cm (rising)
[Flood Engine] Reading #294: 167.2 cm | Risk: CRITICAL
[Sim Loop] Processing reading
[Broadcast] No active connections, skipping
[Simulator] Reading #295: 167.6 cm (rising)
[Flood Engine] Reading #295: 167.6 cm | Risk: CRITICAL
[Sim Loop] Processing reading
[Broadcast] No active connections, skipping
[Simulator] Reading #296: 167.9 cm (rising)
[Flood Engine] Reading #296: 167.9 cm | Risk: CRITICAL
[Sim Loop] Processing reading
[Broadcast] No active connections, skipping
INFO:     127.0.0.1:55525 - "GET / HTTP/1.1" 200 OK
[Simulator] Reading #297: 168.5 cm (rising)
[Flood Engine] Reading #297: 168.5 cm | Risk: CRITICAL
[Sim Loop] Processing reading
[Broadcast] No active connections, skipping
[WS Endpoint] Accepting connection...
[WebSocket] Client connected. Total: 1
[WS Endpoint] Connection registered, active: 1
[Simulator] Reading #298: 168.8 cm (rising)
[Flood Engine] Reading #298: 168.8 cm | Risk: CRITICAL
[Sim Loop] Processing reading
[Broadcast] Sending to 1 connections
[Simulator] Reading #299: 169.3 cm (rising)
[Flood Engine] Reading #299: 169.3 cm | Risk: CRITICAL
[Sim Loop] Processing reading
[Broadcast] Sending to 1 connections
[Simulator] Reading #300: 170.3 cm (rising)
[Flood Engine] Reading #300: 170.3 cm | Risk: CRITICAL
[Sim Loop] Processing reading
[Broadcast] Sending to 1 connections
[Simulator] Reading #301: 170.7 cm (rising)
[Flood Engine] Reading #301: 170.7 cm | Risk: CRITICAL
[Sim Loop] Processing reading
[Broadcast] Sending to 1 connections
[Simulator] Reading #302: 170.9 cm (rising)
[Flood Engine] Reading #302: 170.9 cm | Risk: CRITICAL
[Sim Loop] Processing reading
[Broadcast] Sending to 1 connections
[Simulator] Reading #303: 171.6 cm (rising)
[Flood Engine] Reading #303: 171.6 cm | Risk: CRITICAL
[Sim Loop] Processing reading
[Broadcast] Sending to 1 connections
[Simulator] Reading #304: 171.8 cm (rising)
[Flood Engine] Reading #304: 171.8 cm | Risk: CRITICAL
[Sim Loop] Processing reading
[Broadcast] Sending to 1 connections
[Simulator] Reading #305: 172.2 cm (rising)
[Flood Engine] Reading #305: 172.2 cm | Risk: CRITICAL
[Sim Loop] Processing reading
[Broadcast] Sending to 1 connections
[Simulator] Reading #306: 172.8 cm (rising)
[Flood Engine] Reading #306: 172.8 cm | Risk: CRITICAL
[Sim Loop] Processing reading
[Broadcast] Sending to 1 connections
[Simulator] Reading #307: 173.7 cm (rising)
[Flood Engine] Reading #307: 173.7 cm | Risk: CRITICAL
[Sim Loop] Processing reading
[Broadcast] Sending to 1 connections
[Simulator] Reading #308: 174.1 cm (rising)
[Flood Engine] Reading #308: 174.1 cm | Risk: CRITICAL
[Sim Loop] Processing reading
[Broadcast] Sending to 1 connections
[Simulator] Reading #309: 174.3 cm (rising)
[Flood Engine] Reading #309: 174.3 cm | Risk: CRITICAL
[Sim Loop] Processing reading
[Broadcast] Sending to 1 connections
[Simulator] Reading #310: 175.2 cm (rising)
[Flood Engine] Reading #310: 175.2 cm | Risk: CRITICAL
[Sim Loop] Processing reading
[Broadcast] Sending to 1 connections
[Simulator] Reading #311: 175.5 cm (rising)
[Flood Engine] Reading #311: 175.5 cm | Risk: CRITICAL
[Sim Loop] Processing reading
[Broadcast] Sending to 1 connections
[Simulator] Reading #312: 176.2 cm (rising)
[Flood Engine] Reading #312: 176.2 cm | Risk: CRITICAL
[Sim Loop] Processing reading
[Broadcast] Sending to 1 connections
[Simulator] Reading #313: 176.5 cm (rising)
[Flood Engine] Reading #313: 176.5 cm | Risk: CRITICAL
[Sim Loop] Processing reading
[Broadcast] Sending to 1 connections
[Simulator] Reading #314: 176.7 cm (rising)
[Flood Engine] Reading #314: 176.7 cm | Risk: CRITICAL
[Sim Loop] Processing reading
[Broadcast] Sending to 1 connections
[Simulator] Reading #315: 177.6 cm (rising)
[Flood Engine] Reading #315: 177.6 cm | Risk: CRITICAL
[Sim Loop] Processing reading
[Broadcast] Sending to 1 connections
[Simulator] Reading #316: 177.9 cm (rising)
[Flood Engine] Reading #316: 177.9 cm | Risk: CRITICAL
[Sim Loop] Processing reading
[Broadcast] Sending to 1 connections
[Simulator] Reading #317: 178.4 cm (rising)
[Flood Engine] Reading #317: 178.4 cm | Risk: CRITICAL
[Sim Loop] Processing reading
[Broadcast] Sending to 1 connections
[Simulator] Reading #318: 179.2 cm (rising)
[Flood Engine] Reading #318: 179.2 cm | Risk: CRITICAL
[Sim Loop] Processing reading
[Broadcast] Sending to 1 connections
[Simulator] Reading #319: 179.6 cm (rising)
[Flood Engine] Reading #319: 179.6 cm | Risk: CRITICAL
[Sim Loop] Processing reading
[Broadcast] Sending to 1 connections
[Simulator] Reading #320: 179.8 cm (rising)
[Flood Engine] Reading #320: 179.8 cm | Risk: CRITICAL
[Sim Loop] Processing reading
[Broadcast] Sending to 1 connections
[Simulator] Reading #321: 180.5 cm (rising)
[Flood Engine] Reading #321: 180.5 cm | Risk: CRITICAL
[Sim Loop] Processing reading
[Broadcast] Sending to 1 connections
[Simulator] Reading #322: 180.8 cm (rising)
[Flood Engine] Reading #322: 180.8 cm | Risk: CRITICAL
[Sim Loop] Processing reading
[Broadcast] Sending to 1 connections
[Simulator] Reading #323: 181.6 cm (rising)
[Flood Engine] Reading #323: 181.6 cm | Risk: CRITICAL
[Sim Loop] Processing reading
[Broadcast] Sending to 1 connections
[Simulator] Reading #324: 181.9 cm (rising)
[Flood Engine] Reading #324: 181.9 cm | Risk: CRITICAL
[Sim Loop] Processing reading
[Broadcast] Sending to 1 connections
[Simulator] Reading #325: 182.3 cm (rising)
[Flood Engine] Reading #325: 182.3 cm | Risk: CRITICAL
[Sim Loop] Processing reading
[Broadcast] Sending to 1 connections
[Simulator] Reading #326: 182.8 cm (rising)
[Flood Engine] Reading #326: 182.8 cm | Risk: CRITICAL
[Sim Loop] Processing reading
[Broadcast] Sending to 1 connections
[Simulator] Reading #327: 183.8 cm (rising)
[Flood Engine] Reading #327: 183.8 cm | Risk: CRITICAL
[Sim Loop] Processing reading
[Broadcast] Sending to 1 connections
[Simulator] Reading #328: 184.2 cm (rising)
[Flood Engine] Reading #328: 184.2 cm | Risk: CRITICAL
[Sim Loop] Processing reading
[Broadcast] Sending to 1 connections
[Simulator] Reading #329: 184.3 cm (rising)
[Flood Engine] Reading #329: 184.3 cm | Risk: CRITICAL
[Sim Loop] Processing reading
[Broadcast] Sending to 1 connections
[Simulator] Reading #330: 184.9 cm (rising)
[Flood Engine] Reading #330: 184.9 cm | Risk: CRITICAL
[Sim Loop] Processing reading
[Broadcast] Sending to 1 connections
[Simulator] Reading #331: 185.6 cm (rising)
[Flood Engine] Reading #331: 185.6 cm | Risk: CRITICAL
[Sim Loop] Processing reading
[Broadcast] Sending to 1 connections
[Simulator] Reading #332: 185.9 cm (rising)
[Flood Engine] Reading #332: 185.9 cm | Risk: CRITICAL
[Sim Loop] Processing reading
[Broadcast] Sending to 1 connections
[Simulator] Reading #333: 186.6 cm (rising)
[Flood Engine] Reading #333: 186.6 cm | Risk: CRITICAL
[Sim Loop] Processing reading
[Broadcast] Sending to 1 connections
[Simulator] Reading #334: 186.9 cm (rising)
[Flood Engine] Reading #334: 186.9 cm | Risk: CRITICAL
[Sim Loop] Processing reading
[Broadcast] Sending to 1 connections
[Simulator] Reading #335: 187.4 cm (rising)
[Flood Engine] Reading #335: 187.4 cm | Risk: CRITICAL
[Sim Loop] Processing reading
[Broadcast] Sending to 1 connections
[Simulator] Reading #336: 187.8 cm (rising)
[Flood Engine] Reading #336: 187.8 cm | Risk: CRITICAL
[Sim Loop] Processing reading
[Broadcast] Sending to 1 connections
[Simulator] Reading #337: 188.6 cm (rising)
[Flood Engine] Reading #337: 188.6 cm | Risk: CRITICAL
[Sim Loop] Processing reading
[Broadcast] Sending to 1 connections
[Simulator] Reading #338: 189.0 cm (rising)
[Flood Engine] Reading #338: 189.0 cm | Risk: CRITICAL
[Sim Loop] Processing reading
[Broadcast] Sending to 1 connections
[Simulator] Reading #339: 189.5 cm (rising)
[Flood Engine] Reading #339: 189.5 cm | Risk: CRITICAL
[Sim Loop] Processing reading
[Broadcast] Sending to 1 connections
[Simulator] Reading #340: 190.0 cm (rising)
[Flood Engine] Reading #340: 190.0 cm | Risk: CRITICAL
[Sim Loop] Processing reading
[Broadcast] Sending to 1 connections
[Simulator] Reading #341: 190.6 cm (rising)
[Flood Engine] Reading #341: 190.6 cm | Risk: CRITICAL
[Sim Loop] Processing reading
[Broadcast] Sending to 1 connections
[Simulator] Reading #342: 190.8 cm (rising)
[Flood Engine] Reading #342: 190.8 cm | Risk: CRITICAL
[Sim Loop] Processing reading
[Broadcast] Sending to 1 connections
[Simulator] Reading #343: 191.2 cm (rising)
[Flood Engine] Reading #343: 191.2 cm | Risk: CRITICAL
[Sim Loop] Processing reading
[Broadcast] Sending to 1 connections
[Simulator] Reading #344: 191.9 cm (rising)
[Flood Engine] Reading #344: 191.9 cm | Risk: CRITICAL
[Sim Loop] Processing reading
[Broadcast] Sending to 1 connections
[Simulator] Reading #345: 192.4 cm (rising)
[Flood Engine] Reading #345: 192.4 cm | Risk: CRITICAL
[Sim Loop] Processing reading
[Broadcast] Sending to 1 connections
[Simulator] Reading #346: 192.9 cm (rising)
[Flood Engine] Reading #346: 192.9 cm | Risk: CRITICAL
[Sim Loop] Processing reading
[Broadcast] Sending to 1 connections
[Simulator] Reading #347: 193.6 cm (rising)
[Flood Engine] Reading #347: 193.6 cm | Risk: CRITICAL
[Sim Loop] Processing reading
[Broadcast] Sending to 1 connections
[Simulator] Reading #348: 194.0 cm (rising)
[Flood Engine] Reading #348: 194.0 cm | Risk: CRITICAL
[Sim Loop] Processing reading
[Broadcast] Sending to 1 connections
[Simulator] Reading #349: 194.6 cm (rising)
[Flood Engine] Reading #349: 194.6 cm | Risk: CRITICAL
[Sim Loop] Processing reading
[Broadcast] Sending to 1 connections
[Simulator] Reading #350: 195.0 cm (rising)
[Flood Engine] Reading #350: 195.0 cm | Risk: CRITICAL
[Sim Loop] Processing reading
[Broadcast] Sending to 1 connections
[Simulator] Reading #351: 195.5 cm (rising)
[Flood Engine] Reading #351: 195.5 cm | Risk: CRITICAL
[Sim Loop] Processing reading
[Broadcast] Sending to 1 connections
[Simulator] Reading #352: 196.1 cm (rising)
[Flood Engine] Reading #352: 196.1 cm | Risk: CRITICAL
[Sim Loop] Processing reading
[Broadcast] Sending to 1 connections
[Simulator] Reading #353: 196.8 cm (rising)
[Flood Engine] Reading #353: 196.8 cm | Risk: CRITICAL
[Sim Loop] Processing reading
[Broadcast] Sending to 1 connections
[Simulator] Reading #354: 196.8 cm (rising)
[Flood Engine] Reading #354: 196.8 cm | Risk: CRITICAL
[Sim Loop] Processing reading
[Broadcast] Sending to 1 connections
[Simulator] Reading #355: 197.5 cm (rising)
[Flood Engine] Reading #355: 197.5 cm | Risk: CRITICAL
[Sim Loop] Processing reading
[Broadcast] Sending to 1 connections
[Simulator] Reading #356: 198.2 cm (rising)
[Flood Engine] Reading #356: 198.2 cm | Risk: CRITICAL
[Sim Loop] Processing reading
[Broadcast] Sending to 1 connections
[Simulator] Reading #357: 198.4 cm (rising)
[Flood Engine] Reading #357: 198.4 cm | Risk: CRITICAL
[Sim Loop] Processing reading
[Broadcast] Sending to 1 connections
[Simulator] Reading #358: 199.1 cm (rising)
[Flood Engine] Reading #358: 199.1 cm | Risk: CRITICAL
[Sim Loop] Processing reading
[Broadcast] Sending to 1 connections
[Simulator] Reading #359: 199.6 cm (rising)
[Flood Engine] Reading #359: 199.6 cm | Risk: CRITICAL
[Sim Loop] Processing reading
[Broadcast] Sending to 1 connections
[Simulator] Reading #360: 199.8 cm (rising)
[Flood Engine] Reading #360: 199.8 cm | Risk: CRITICAL
[Sim Loop] Processing reading
[Broadcast] Sending to 1 connections
[Simulator] Reading #361: 200.6 cm (rising)
[Flood Engine] Reading #361: 200.6 cm | Risk: CRITICAL
[Sim Loop] Processing reading
[Broadcast] Sending to 1 connections
[Simulator] Reading #362: 200.9 cm (rising)
[Flood Engine] Reading #362: 200.9 cm | Risk: CRITICAL
[Sim Loop] Processing reading
[Broadcast] Sending to 1 connections
[Simulator] Reading #363: 201.8 cm (rising)
[Flood Engine] Reading #363: 201.8 cm | Risk: CRITICAL
[Sim Loop] Processing reading
[Broadcast] Sending to 1 connections
[Simulator] Reading #364: 201.8 cm (rising)
[Flood Engine] Reading #364: 201.8 cm | Risk: CRITICAL
[Sim Loop] Processing reading
[Broadcast] Sending to 1 connections
[Simulator] Reading #365: 202.8 cm (rising)
[Flood Engine] Reading #365: 202.8 cm | Risk: CRITICAL
[Sim Loop] Processing reading
[Broadcast] Sending to 1 connections
[Simulator] Reading #366: 203.2 cm (rising)
[Flood Engine] Reading #366: 203.2 cm | Risk: CRITICAL
[Sim Loop] Processing reading
[Broadcast] Sending to 1 connections
[Simulator] Reading #367: 203.2 cm (rising)
[Flood Engine] Reading #367: 203.2 cm | Risk: CRITICAL
[Sim Loop] Processing reading
[Broadcast] Sending to 1 connections
[Simulator] Reading #368: 204.1 cm (rising)
[Flood Engine] Reading #368: 204.1 cm | Risk: CRITICAL
[Sim Loop] Processing reading
[Broadcast] Sending to 1 connections
[Simulator] Reading #369: 204.5 cm (rising)
[Flood Engine] Reading #369: 204.5 cm | Risk: CRITICAL
[Sim Loop] Processing reading
[Broadcast] Sending to 1 connections
[Simulator] Reading #370: 204.9 cm (rising)
[Flood Engine] Reading #370: 204.9 cm | Risk: CRITICAL
[Sim Loop] Processing reading
[Broadcast] Sending to 1 connections
[Simulator] Reading #371: 205.2 cm (rising)
[Flood Engine] Reading #371: 205.2 cm | Risk: CRITICAL
[Sim Loop] Processing reading
[Broadcast] Sending to 1 connections
[Simulator] Reading #372: 205.8 cm (rising)
[Flood Engine] Reading #372: 205.8 cm | Risk: CRITICAL
[Sim Loop] Processing reading
[Broadcast] Sending to 1 connections
[Simulator] Reading #373: 206.4 cm (rising)
[Flood Engine] Reading #373: 206.4 cm | Risk: CRITICAL
[Sim Loop] Processing reading
[Broadcast] Sending to 1 connections
[Simulator] Reading #374: 207.1 cm (rising)
[Flood Engine] Reading #374: 207.1 cm | Risk: CRITICAL
[Sim Loop] Processing reading
[Broadcast] Sending to 1 connections
[Simulator] Reading #375: 207.7 cm (rising)
[Flood Engine] Reading #375: 207.7 cm | Risk: CRITICAL
[Sim Loop] Processing reading
[Broadcast] Sending to 1 connections
[Simulator] Reading #376: 208.2 cm (rising)
[Flood Engine] Reading #376: 208.2 cm | Risk: CRITICAL
[Sim Loop] Processing reading
[Broadcast] Sending to 1 connections
[Simulator] Reading #377: 208.4 cm (rising)
[Flood Engine] Reading #377: 208.4 cm | Risk: CRITICAL
[Sim Loop] Processing reading
[Broadcast] Sending to 1 connections
[Simulator] Reading #378: 209.2 cm (rising)
[Flood Engine] Reading #378: 209.2 cm | Risk: CRITICAL
[Sim Loop] Processing reading
[Broadcast] Sending to 1 connections
[Simulator] Reading #379: 209.2 cm (rising)
[Flood Engine] Reading #379: 209.2 cm | Risk: CRITICAL
[Sim Loop] Processing reading
[Broadcast] Sending to 1 connections
[Simulator] Reading #380: 209.8 cm (rising)
[Flood Engine] Reading #380: 209.8 cm | Risk: CRITICAL
[Sim Loop] Processing reading
[Broadcast] Sending to 1 connections
[Simulator] Reading #381: 210.4 cm (rising)
[Flood Engine] Reading #381: 210.4 cm | Risk: CRITICAL
[Sim Loop] Processing reading
[Broadcast] Sending to 1 connections
[Simulator] Reading #382: 211.0 cm (rising)
[Flood Engine] Reading #382: 211.0 cm | Risk: CRITICAL
[Sim Loop] Processing reading
[Broadcast] Sending to 1 connections
[Simulator] Reading #383: 211.7 cm (rising)
[Flood Engine] Reading #383: 211.7 cm | Risk: CRITICAL
[Sim Loop] Processing reading
[Broadcast] Sending to 1 connections
[Simulator] Reading #384: 211.8 cm (rising)
[Flood Engine] Reading #384: 211.8 cm | Risk: CRITICAL
[Sim Loop] Processing reading
[Broadcast] Sending to 1 connections
[Simulator] Reading #385: 212.8 cm (rising)
[Flood Engine] Reading #385: 212.8 cm | Risk: CRITICAL
[Sim Loop] Processing reading
[Broadcast] Sending to 1 connections
[Simulator] Reading #386: 213.1 cm (rising)
[Flood Engine] Reading #386: 213.1 cm | Risk: CRITICAL
[Sim Loop] Processing reading
[Broadcast] Sending to 1 connections
[Simulator] Reading #387: 213.4 cm (rising)
[Flood Engine] Reading #387: 213.4 cm | Risk: CRITICAL
[Sim Loop] Processing reading
[Broadcast] Sending to 1 connections
[Simulator] Reading #388: 213.9 cm (rising)
[Flood Engine] Reading #388: 213.9 cm | Risk: CRITICAL
[Sim Loop] Processing reading
[Broadcast] Sending to 1 connections
[Simulator] Reading #389: 214.6 cm (rising)
[Flood Engine] Reading #389: 214.6 cm | Risk: CRITICAL
[Sim Loop] Processing reading
[Broadcast] Sending to 1 connections
[Simulator] Reading #390: 215.0 cm (rising)
[Flood Engine] Reading #390: 215.0 cm | Risk: CRITICAL
[Sim Loop] Processing reading
[Broadcast] Sending to 1 connections
[Simulator] Reading #391: 215.7 cm (rising)
[Flood Engine] Reading #391: 215.7 cm | Risk: CRITICAL
[Sim Loop] Processing reading
[Broadcast] Sending to 1 connections
[Simulator] Reading #392: 216.1 cm (rising)
[Flood Engine] Reading #392: 216.1 cm | Risk: CRITICAL
[Sim Loop] Processing reading
[Broadcast] Sending to 1 connections
[Simulator] Reading #393: 216.7 cm (rising)
[Flood Engine] Reading #393: 216.7 cm | Risk: CRITICAL
[Sim Loop] Processing reading
[Broadcast] Sending to 1 connections
[Simulator] Reading #394: 216.7 cm (rising)
[Flood Engine] Reading #394: 216.7 cm | Risk: CRITICAL
[Sim Loop] Processing reading
[Broadcast] Sending to 1 connections
[Simulator] Reading #395: 217.7 cm (rising)
[Flood Engine] Reading #395: 217.7 cm | Risk: CRITICAL
[Sim Loop] Processing reading
[Broadcast] Sending to 1 connections
[Simulator] Reading #396: 218.3 cm (rising)
[Flood Engine] Reading #396: 218.3 cm | Risk: CRITICAL
[Sim Loop] Processing reading
[Broadcast] Sending to 1 connections
[Simulator] Reading #397: 218.7 cm (rising)
[Flood Engine] Reading #397: 218.7 cm | Risk: CRITICAL
[Sim Loop] Processing reading
[Broadcast] Sending to 1 connections
[Simulator] Reading #398: 219.2 cm (rising)
[Flood Engine] Reading #398: 219.2 cm | Risk: CRITICAL
[Sim Loop] Processing reading
[Broadcast] Sending to 1 connections
[Simulator] Reading #399: 219.5 cm (rising)
[Flood Engine] Reading #399: 219.5 cm | Risk: CRITICAL
[Sim Loop] Processing reading
[Broadcast] Sending to 1 connections
[Simulator] Reading #400: 220.1 cm (rising)
[Flood Engine] Reading #400: 220.1 cm | Risk: CRITICAL
[Sim Loop] Processing reading
[Broadcast] Sending to 1 connections
[Simulator] Reading #401: 220.6 cm (rising)
[Flood Engine] Reading #401: 220.6 cm | Risk: CRITICAL
[Sim Loop] Processing reading
[Broadcast] Sending to 1 connections
[Simulator] Reading #402: 220.9 cm (rising)
[Flood Engine] Reading #402: 220.9 cm | Risk: CRITICAL
[Sim Loop] Processing reading
[Broadcast] Sending to 1 connections
[Simulator] Reading #403: 221.6 cm (rising)
[Flood Engine] Reading #403: 221.6 cm | Risk: CRITICAL
[Sim Loop] Processing reading
[Broadcast] Sending to 1 connections
[Simulator] Reading #404: 222.1 cm (rising)
[Flood Engine] Reading #404: 222.1 cm | Risk: CRITICAL
[Sim Loop] Processing reading
[Broadcast] Sending to 1 connections
[Simulator] Reading #405: 222.4 cm (rising)
[Flood Engine] Reading #405: 222.4 cm | Risk: CRITICAL
[Sim Loop] Processing reading
[Broadcast] Sending to 1 connections
[Simulator] Reading #406: 222.8 cm (rising)
[Flood Engine] Reading #406: 222.8 cm | Risk: CRITICAL
[Sim Loop] Processing reading
[Broadcast] Sending to 1 connections
[Simulator] Reading #407: 223.3 cm (rising)
[Flood Engine] Reading #407: 223.3 cm | Risk: CRITICAL
[Sim Loop] Processing reading
[Broadcast] Sending to 1 connections
[Simulator] Reading #408: 223.9 cm (rising)
[Flood Engine] Reading #408: 223.9 cm | Risk: CRITICAL
[Sim Loop] Processing reading
[Broadcast] Sending to 1 connections
[Simulator] Reading #409: 224.4 cm (rising)
[Flood Engine] Reading #409: 224.4 cm | Risk: CRITICAL
[Sim Loop] Processing reading
[Broadcast] Sending to 1 connections
[Simulator] Reading #410: 224.9 cm (rising)
[Flood Engine] Reading #410: 224.9 cm | Risk: CRITICAL
[Sim Loop] Processing reading
[Broadcast] Sending to 1 connections
[Simulator] Reading #411: 225.3 cm (rising)
[Flood Engine] Reading #411: 225.3 cm | Risk: CRITICAL
[Sim Loop] Processing reading
[Broadcast] Sending to 1 connections
[Simulator] Reading #412: 226.1 cm (rising)
[Flood Engine] Reading #412: 226.1 cm | Risk: CRITICAL
[Sim Loop] Processing reading
[Broadcast] Sending to 1 connections
[Simulator] Reading #413: 226.7 cm (rising)
[Flood Engine] Reading #413: 226.7 cm | Risk: CRITICAL
[Sim Loop] Processing reading
[Broadcast] Sending to 1 connections
[Simulator] Reading #414: 226.8 cm (rising)
[Flood Engine] Reading #414: 226.8 cm | Risk: CRITICAL
[Sim Loop] Processing reading
[Broadcast] Sending to 1 connections
[Simulator] Reading #415: 227.7 cm (rising)
[Flood Engine] Reading #415: 227.7 cm | Risk: CRITICAL
[Sim Loop] Processing reading
[Broadcast] Sending to 1 connections
[Simulator] Reading #416: 228.2 cm (rising)
[Flood Engine] Reading #416: 228.2 cm | Risk: CRITICAL
[Sim Loop] Processing reading
[Broadcast] Sending to 1 connections
[Simulator] Reading #417: 228.7 cm (rising)
[Flood Engine] Reading #417: 228.7 cm | Risk: CRITICAL
[Sim Loop] Processing reading
[Broadcast] Sending to 1 connections
[Simulator] Reading #418: 229.0 cm (rising)
[Flood Engine] Reading #418: 229.0 cm | Risk: CRITICAL
[Sim Loop] Processing reading
[Broadcast] Sending to 1 connections
[Simulator] Reading #419: 229.4 cm (rising)
[Flood Engine] Reading #419: 229.4 cm | Risk: CRITICAL
[Sim Loop] Processing reading
[Broadcast] Sending to 1 connections
[Simulator] Reading #420: 229.8 cm (rising)
[Flood Engine] Reading #420: 229.8 cm | Risk: CRITICAL
[Sim Loop] Processing reading
[Broadcast] Sending to 1 connections
[Simulator] Reading #421: 230.3 cm (rising)
[Flood Engine] Reading #421: 230.3 cm | Risk: CRITICAL
[Sim Loop] Processing reading
[Broadcast] Sending to 1 connections
[Simulator] Reading #422: 230.7 cm (rising)
[Flood Engine] Reading #422: 230.7 cm | Risk: CRITICAL
[Sim Loop] Processing reading
[Broadcast] Sending to 1 connections
[Simulator] Reading #423: 231.3 cm (rising)
[Flood Engine] Reading #423: 231.3 cm | Risk: CRITICAL
[Sim Loop] Processing reading
[Broadcast] Sending to 1 connections
[Simulator] Reading #424: 232.0 cm (rising)
[Flood Engine] Reading #424: 232.0 cm | Risk: CRITICAL
[Sim Loop] Processing reading
[Broadcast] Sending to 1 connections
[Simulator] Reading #425: 232.4 cm (rising)
[Flood Engine] Reading #425: 232.4 cm | Risk: CRITICAL
[Sim Loop] Processing reading
[Broadcast] Sending to 1 connections
[Simulator] Reading #426: 233.1 cm (rising)
[Flood Engine] Reading #426: 233.1 cm | Risk: CRITICAL
[Sim Loop] Processing reading
[Broadcast] Sending to 1 connections
[Simulator] Reading #427: 233.7 cm (rising)
[Flood Engine] Reading #427: 233.7 cm | Risk: CRITICAL
[Sim Loop] Processing reading
[Broadcast] Sending to 1 connections
[Simulator] Reading #428: 233.9 cm (rising)
[Flood Engine] Reading #428: 233.9 cm | Risk: CRITICAL
[Sim Loop] Processing reading
[Broadcast] Sending to 1 connections
[Simulator] Reading #429: 234.3 cm (rising)
[Flood Engine] Reading #429: 234.3 cm | Risk: CRITICAL
[Sim Loop] Processing reading
[Broadcast] Sending to 1 connections
[Simulator] Reading #430: 235.0 cm (rising)
[Flood Engine] Reading #430: 235.0 cm | Risk: CRITICAL
[Sim Loop] Processing reading
[Broadcast] Sending to 1 connections
[Simulator] Reading #431: 235.6 cm (rising)
[Flood Engine] Reading #431: 235.6 cm | Risk: CRITICAL
[Sim Loop] Processing reading
[Broadcast] Sending to 1 connections
[Simulator] Reading #432: 236.0 cm (rising)
[Flood Engine] Reading #432: 236.0 cm | Risk: CRITICAL
[Sim Loop] Processing reading
[Broadcast] Sending to 1 connections
[Simulator] Reading #433: 236.4 cm (rising)
[Flood Engine] Reading #433: 236.4 cm | Risk: CRITICAL
[Sim Loop] Processing reading
[Broadcast] Sending to 1 connections
[Simulator] Reading #434: 236.8 cm (rising)
[Flood Engine] Reading #434: 236.8 cm | Risk: CRITICAL
[Sim Loop] Processing reading
[Broadcast] Sending to 1 connections
[Simulator] Reading #435: 237.4 cm (rising)
[Flood Engine] Reading #435: 237.4 cm | Risk: CRITICAL
[Sim Loop] Processing reading
[Broadcast] Sending to 1 connections
[Simulator] Reading #436: 237.9 cm (rising)
[Flood Engine] Reading #436: 237.9 cm | Risk: CRITICAL
[Sim Loop] Processing reading
[Broadcast] Sending to 1 connections
[Simulator] Reading #437: 238.3 cm (rising)
[Flood Engine] Reading #437: 238.3 cm | Risk: CRITICAL
[Sim Loop] Processing reading
[Broadcast] Sending to 1 connections
[Simulator] Reading #438: 238.8 cm (rising)
[Flood Engine] Reading #438: 238.8 cm | Risk: CRITICAL
[Sim Loop] Processing reading
[Broadcast] Sending to 1 connections
[Simulator] Reading #439: 239.5 cm (rising)
[Flood Engine] Reading #439: 239.5 cm | Risk: CRITICAL
[Sim Loop] Processing reading
[Broadcast] Sending to 1 connections
[Simulator] Reading #440: 240.1 cm (rising)
[Flood Engine] Reading #440: 240.1 cm | Risk: CRITICAL
[Sim Loop] Processing reading
[Broadcast] Sending to 1 connections
[Simulator] Reading #441: 240.5 cm (rising)
[Flood Engine] Reading #441: 240.5 cm | Risk: CRITICAL
[Sim Loop] Processing reading
[Broadcast] Sending to 1 connections
[Simulator] Reading #442: 241.3 cm (rising)
[Flood Engine] Reading #442: 241.3 cm | Risk: CRITICAL
[Sim Loop] Processing reading
[Broadcast] Sending to 1 connections
[Simulator] Reading #443: 241.6 cm (rising)
[Flood Engine] Reading #443: 241.6 cm | Risk: CRITICAL
[Sim Loop] Processing reading
[Broadcast] Sending to 1 connections
[Simulator] Reading #444: 241.9 cm (rising)
[Flood Engine] Reading #444: 241.9 cm | Risk: CRITICAL
[Sim Loop] Processing reading
[Broadcast] Sending to 1 connections
[Simulator] Reading #445: 242.5 cm (rising)
[Flood Engine] Reading #445: 242.5 cm | Risk: CRITICAL
[Sim Loop] Processing reading
[Broadcast] Sending to 1 connections
[Simulator] Reading #446: 242.9 cm (rising)
[Flood Engine] Reading #446: 242.9 cm | Risk: CRITICAL
[Sim Loop] Processing reading
[Broadcast] Sending to 1 connections
[Simulator] Reading #447: 243.4 cm (rising)
[Flood Engine] Reading #447: 243.4 cm | Risk: CRITICAL
[Sim Loop] Processing reading
[Broadcast] Sending to 1 connections
[Simulator] Reading #448: 244.1 cm (rising)
[Flood Engine] Reading #448: 244.1 cm | Risk: CRITICAL
[Sim Loop] Processing reading
[Broadcast] Sending to 1 connections
[Simulator] Reading #449: 244.6 cm (rising)
[Flood Engine] Reading #449: 244.6 cm | Risk: CRITICAL
[Sim Loop] Processing reading
[Broadcast] Sending to 1 connections
[Simulator] Reading #450: 245.0 cm (rising)
[Flood Engine] Reading #450: 245.0 cm | Risk: CRITICAL
[Sim Loop] Processing reading
[Broadcast] Sending to 1 connections
[Simulator] Reading #451: 245.7 cm (rising)
[Flood Engine] Reading #451: 245.7 cm | Risk: CRITICAL
[Sim Loop] Processing reading
[Broadcast] Sending to 1 connections
[Simulator] Reading #452: 246.3 cm (rising)
[Flood Engine] Reading #452: 246.3 cm | Risk: CRITICAL
[Sim Loop] Processing reading
[Broadcast] Sending to 1 connections
[Simulator] Reading #453: 246.4 cm (rising)
[Flood Engine] Reading #453: 246.4 cm | Risk: CRITICAL
[Sim Loop] Processing reading
[Broadcast] Sending to 1 connections
INFO:     127.0.0.1:61684 - "GET / HTTP/1.1" 200 OK
[Simulator] Reading #454: 246.7 cm (rising)
[Flood Engine] Reading #454: 246.7 cm | Risk: CRITICAL
[Sim Loop] Processing reading
[Broadcast] Sending to 1 connections
[WS Endpoint] Accepting connection...
[WebSocket] Client connected. Total: 2
[WS Endpoint] Connection registered, active: 2
[Simulator] Reading #455: 247.7 cm (rising)
[Flood Engine] Reading #455: 247.7 cm | Risk: CRITICAL
[Sim Loop] Processing reading
[Broadcast] Sending to 2 connections
[Simulator] Reading #456: 248.1 cm (rising)
[Flood Engine] Reading #456: 248.1 cm | Risk: CRITICAL
[Sim Loop] Processing reading
[Broadcast] Sending to 2 connections
[Simulator] Reading #457: 248.3 cm (rising)
[Flood Engine] Reading #457: 248.3 cm | Risk: CRITICAL
[Sim Loop] Processing reading
[Broadcast] Sending to 2 connections
[WebSocket] Client disconnected. Total: 1
[Simulator] Reading #458: 249.3 cm (rising)
[Flood Engine] Reading #458: 249.3 cm | Risk: CRITICAL
[Sim Loop] Processing reading
[Broadcast] Sending to 1 connections
[Simulator] Reading #459: 249.3 cm (rising)
[Flood Engine] Reading #459: 249.3 cm | Risk: CRITICAL
[Sim Loop] Processing reading
[Broadcast] Sending to 1 connections
[Simulator] Reading #460: 249.9 cm (rising)
[Flood Engine] Reading #460: 249.9 cm | Risk: CRITICAL
[Sim Loop] Processing reading
[Broadcast] Sending to 1 connections
[Simulator] Reading #461: 250.6 cm (rising)
[Flood Engine] Reading #461: 250.6 cm | Risk: CRITICAL
[Sim Loop] Processing reading
[Broadcast] Sending to 1 connections
[WebSocket] Client disconnected. Total: 0
[WS Endpoint] Accepting connection...
[WebSocket] Client connected. Total: 1
[WS Endpoint] Connection registered, active: 1
[Simulator] Reading #462: 251.2 cm (rising)
[Flood Engine] Reading #462: 251.2 cm | Risk: CRITICAL
[Sim Loop] Processing reading
[Broadcast] Sending to 1 connections
[Simulator] Reading #463: 251.4 cm (rising)
[Flood Engine] Reading #463: 251.4 cm | Risk: CRITICAL
[Sim Loop] Processing reading
[Broadcast] Sending to 1 connections
[Simulator] Reading #464: 252.0 cm (rising)
[Flood Engine] Reading #464: 252.0 cm | Risk: CRITICAL
[Sim Loop] Processing reading
[Broadcast] Sending to 1 connections
[Simulator] Reading #465: 252.5 cm (rising)
[Flood Engine] Reading #465: 252.5 cm | Risk: CRITICAL
[Sim Loop] Processing reading
[Broadcast] Sending to 1 connections
[Simulator] Reading #466: 252.7 cm (rising)
[Flood Engine] Reading #466: 252.7 cm | Risk: CRITICAL
[Sim Loop] Processing reading
[Broadcast] Sending to 1 connections
[Simulator] Reading #467: 253.2 cm (rising)
[Flood Engine] Reading #467: 253.2 cm | Risk: CRITICAL
[Sim Loop] Processing reading
[Broadcast] Sending to 1 connections
[Simulator] Reading #468: 254.1 cm (rising)
[Flood Engine] Reading #468: 254.1 cm | Risk: CRITICAL
[Sim Loop] Processing reading
[Broadcast] Sending to 1 connections
[Simulator] Reading #469: 254.7 cm (rising)
[Flood Engine] Reading #469: 254.7 cm | Risk: CRITICAL
[Sim Loop] Processing reading
[Broadcast] Sending to 1 connections
[Simulator] Reading #470: 255.2 cm (rising)
[Flood Engine] Reading #470: 255.2 cm | Risk: CRITICAL
[Sim Loop] Processing reading
[Broadcast] Sending to 1 connections
[Simulator] Reading #471: 255.6 cm (rising)
[Flood Engine] Reading #471: 255.6 cm | Risk: CRITICAL
[Sim Loop] Processing reading
[Broadcast] Sending to 1 connections
[Simulator] Reading #472: 256.0 cm (rising)
[Flood Engine] Reading #472: 256.0 cm | Risk: CRITICAL
[Sim Loop] Processing reading
[Broadcast] Sending to 1 connections
[Simulator] Reading #473: 256.4 cm (rising)
[Flood Engine] Reading #473: 256.4 cm | Risk: CRITICAL
[Sim Loop] Processing reading
[Broadcast] Sending to 1 connections
[Simulator] Reading #474: 257.0 cm (rising)
[Flood Engine] Reading #474: 257.0 cm | Risk: CRITICAL
[Sim Loop] Processing reading
[Broadcast] Sending to 1 connections
[Simulator] Reading #475: 257.5 cm (rising)
[Flood Engine] Reading #475: 257.5 cm | Risk: CRITICAL
[Sim Loop] Processing reading
[Broadcast] Sending to 1 connections
[Simulator] Reading #476: 257.7 cm (rising)
[Flood Engine] Reading #476: 257.7 cm | Risk: CRITICAL
[Sim Loop] Processing reading
[Broadcast] Sending to 1 connections
[Simulator] Reading #477: 258.3 cm (rising)
[Flood Engine] Reading #477: 258.3 cm | Risk: CRITICAL
[Sim Loop] Processing reading
[Broadcast] Sending to 1 connections
[Simulator] Reading #478: 259.3 cm (rising)
[Flood Engine] Reading #478: 259.3 cm | Risk: CRITICAL
[Sim Loop] Processing reading
[Broadcast] Sending to 1 connections
[Simulator] Reading #479: 259.5 cm (rising)
[Flood Engine] Reading #479: 259.5 cm | Risk: CRITICAL
[Sim Loop] Processing reading
[Broadcast] Sending to 1 connections
[Simulator] Reading #480: 260.1 cm (rising)
[Flood Engine] Reading #480: 260.1 cm | Risk: CRITICAL
[Sim Loop] Processing reading
[Broadcast] Sending to 1 connections
[Simulator] Reading #481: 260.4 cm (rising)
[Flood Engine] Reading #481: 260.4 cm | Risk: CRITICAL
[Sim Loop] Processing reading
[Broadcast] Sending to 1 connections
[Simulator] Reading #482: 261.0 cm (rising)
[Flood Engine] Reading #482: 261.0 cm | Risk: CRITICAL
[Sim Loop] Processing reading
[Broadcast] Sending to 1 connections
[Simulator] Reading #483: 261.4 cm (rising)
[Flood Engine] Reading #483: 261.4 cm | Risk: CRITICAL
[Sim Loop] Processing reading
[Broadcast] Sending to 1 connections
[Simulator] Reading #484: 261.9 cm (rising)
[Flood Engine] Reading #484: 261.9 cm | Risk: CRITICAL
[Sim Loop] Processing reading
[Broadcast] Sending to 1 connections
[Simulator] Reading #485: 262.5 cm (rising)
[Flood Engine] Reading #485: 262.5 cm | Risk: CRITICAL
[Sim Loop] Processing reading
[Broadcast] Sending to 1 connections
[Simulator] Reading #486: 262.9 cm (rising)
[Flood Engine] Reading #486: 262.9 cm | Risk: CRITICAL
[Sim Loop] Processing reading
[Broadcast] Sending to 1 connections
[Simulator] Reading #487: 263.4 cm (rising)
[Flood Engine] Reading #487: 263.4 cm | Risk: CRITICAL
[Sim Loop] Processing reading
[Broadcast] Sending to 1 connections
[Simulator] Reading #488: 264.3 cm (rising)
[Flood Engine] Reading #488: 264.3 cm | Risk: CRITICAL
[Sim Loop] Processing reading
[Broadcast] Sending to 1 connections
[Simulator] Reading #489: 264.5 cm (rising)
[Flood Engine] Reading #489: 264.5 cm | Risk: CRITICAL
[Sim Loop] Processing reading
[Broadcast] Sending to 1 connections
[Simulator] Reading #490: 265.0 cm (rising)
[Flood Engine] Reading #490: 265.0 cm | Risk: CRITICAL
[Sim Loop] Processing reading
[Broadcast] Sending to 1 connections
[Simulator] Reading #491: 265.7 cm (rising)
[Flood Engine] Reading #491: 265.7 cm | Risk: CRITICAL
[Sim Loop] Processing reading
[Broadcast] Sending to 1 connections
[Simulator] Reading #492: 266.1 cm (rising)
[Flood Engine] Reading #492: 266.1 cm | Risk: CRITICAL
[Sim Loop] Processing reading
[Broadcast] Sending to 1 connections
[Simulator] Reading #493: 266.3 cm (rising)
[Flood Engine] Reading #493: 266.3 cm | Risk: CRITICAL
[Sim Loop] Processing reading
[Broadcast] Sending to 1 connections
[Simulator] Reading #494: 266.8 cm (rising)
[Flood Engine] Reading #494: 266.8 cm | Risk: CRITICAL
[Sim Loop] Processing reading
[Broadcast] Sending to 1 connections
[Simulator] Reading #495: 267.6 cm (rising)
[Flood Engine] Reading #495: 267.6 cm | Risk: CRITICAL
[Sim Loop] Processing reading
[Broadcast] Sending to 1 connections
[Simulator] Reading #496: 267.9 cm (rising)
[Flood Engine] Reading #496: 267.9 cm | Risk: CRITICAL
[Sim Loop] Processing reading
[Broadcast] Sending to 1 connections
[Simulator] Reading #497: 268.2 cm (rising)
[Flood Engine] Reading #497: 268.2 cm | Risk: CRITICAL
[Sim Loop] Processing reading
[Broadcast] Sending to 1 connections
[Simulator] Reading #498: 268.9 cm (rising)
[Flood Engine] Reading #498: 268.9 cm | Risk: CRITICAL
[Sim Loop] Processing reading
[Broadcast] Sending to 1 connections
[Simulator] Reading #499: 269.3 cm (rising)
[Flood Engine] Reading #499: 269.3 cm | Risk: CRITICAL
[Sim Loop] Processing reading
[Broadcast] Sending to 1 connections
[Simulator] Reading #500: 269.7 cm (rising)
[Flood Engine] Reading #500: 269.7 cm | Risk: CRITICAL
[Sim Loop] Processing reading
[Broadcast] Sending to 1 connections
[Simulator] Reading #501: 270.7 cm (rising)
[Flood Engine] Reading #501: 270.7 cm | Risk: CRITICAL
[Sim Loop] Processing reading
[Broadcast] Sending to 1 connections
[Simulator] Reading #502: 270.9 cm (rising)
[Flood Engine] Reading #502: 270.9 cm | Risk: CRITICAL
[Sim Loop] Processing reading
[Broadcast] Sending to 1 connections
[Simulator] Reading #503: 271.4 cm (rising)
[Flood Engine] Reading #503: 271.4 cm | Risk: CRITICAL
[Sim Loop] Processing reading
[Broadcast] Sending to 1 connections
[Simulator] Reading #504: 271.8 cm (rising)
[Flood Engine] Reading #504: 271.8 cm | Risk: CRITICAL
[Sim Loop] Processing reading
[Broadcast] Sending to 1 connections
[Simulator] Reading #505: 272.5 cm (rising)
[Flood Engine] Reading #505: 272.5 cm | Risk: CRITICAL
[Sim Loop] Processing reading
[Broadcast] Sending to 1 connections
[Simulator] Reading #506: 272.9 cm (rising)
[Flood Engine] Reading #506: 272.9 cm | Risk: CRITICAL
[Sim Loop] Processing reading
[Broadcast] Sending to 1 connections
[Simulator] Reading #507: 273.8 cm (rising)
[Flood Engine] Reading #507: 273.8 cm | Risk: CRITICAL
[Sim Loop] Processing reading
[Broadcast] Sending to 1 connections
[Simulator] Reading #508: 273.9 cm (rising)
[Flood Engine] Reading #508: 273.9 cm | Risk: CRITICAL
[Sim Loop] Processing reading
[Broadcast] Sending to 1 connections
[Simulator] Reading #509: 274.7 cm (rising)
[Flood Engine] Reading #509: 274.7 cm | Risk: CRITICAL
[Sim Loop] Processing reading
[Broadcast] Sending to 1 connections
[Simulator] Reading #510: 275.3 cm (rising)
[Flood Engine] Reading #510: 275.3 cm | Risk: CRITICAL
[Sim Loop] Processing reading
[Broadcast] Sending to 1 connections
[Simulator] Reading #511: 275.5 cm (rising)
[Flood Engine] Reading #511: 275.5 cm | Risk: CRITICAL
[Sim Loop] Processing reading
[Broadcast] Sending to 1 connections
[Simulator] Reading #512: 276.2 cm (rising)
[Flood Engine] Reading #512: 276.2 cm | Risk: CRITICAL
[Sim Loop] Processing reading
[Broadcast] Sending to 1 connections
[Simulator] Reading #513: 276.2 cm (rising)
[Flood Engine] Reading #513: 276.2 cm | Risk: CRITICAL
[Sim Loop] Processing reading
[Broadcast] Sending to 1 connections
[Simulator] Reading #514: 277.2 cm (rising)
[Flood Engine] Reading #514: 277.2 cm | Risk: CRITICAL
[Sim Loop] Processing reading
[Broadcast] Sending to 1 connections
[Simulator] Reading #515: 277.7 cm (rising)
[Flood Engine] Reading #515: 277.7 cm | Risk: CRITICAL
[Sim Loop] Processing reading
[Broadcast] Sending to 1 connections
[Simulator] Reading #516: 277.8 cm (rising)
[Flood Engine] Reading #516: 277.8 cm | Risk: CRITICAL
[Sim Loop] Processing reading
[Broadcast] Sending to 1 connections
[Simulator] Reading #517: 278.3 cm (rising)
[Flood Engine] Reading #517: 278.3 cm | Risk: CRITICAL
[Sim Loop] Processing reading
[Broadcast] Sending to 1 connections
[Simulator] Reading #518: 278.8 cm (rising)
[Flood Engine] Reading #518: 278.8 cm | Risk: CRITICAL
[Sim Loop] Processing reading
[Broadcast] Sending to 1 connections
[Simulator] Reading #519: 279.3 cm (rising)
[Flood Engine] Reading #519: 279.3 cm | Risk: CRITICAL
[Sim Loop] Processing reading
[Broadcast] Sending to 1 connections
[Simulator] Reading #520: 279.9 cm (rising)
[Flood Engine] Reading #520: 279.9 cm | Risk: CRITICAL
[Sim Loop] Processing reading
[Broadcast] Sending to 1 connections
[Simulator] Reading #521: 280.7 cm (rising)
[Flood Engine] Reading #521: 280.7 cm | Risk: CRITICAL
[Sim Loop] Processing reading
[Broadcast] Sending to 1 connections
[Simulator] Reading #522: 280.8 cm (rising)
[Flood Engine] Reading #522: 280.8 cm | Risk: CRITICAL
[Sim Loop] Processing reading
[Broadcast] Sending to 1 connections
[Simulator] Reading #523: 281.4 cm (rising)
[Flood Engine] Reading #523: 281.4 cm | Risk: CRITICAL
[Sim Loop] Processing reading
[Broadcast] Sending to 1 connections
[Simulator] Reading #524: 282.3 cm (rising)
[Flood Engine] Reading #524: 282.3 cm | Risk: CRITICAL
[Sim Loop] Processing reading
[Broadcast] Sending to 1 connections
[Simulator] Reading #525: 282.5 cm (rising)
[Flood Engine] Reading #525: 282.5 cm | Risk: CRITICAL
[Sim Loop] Processing reading
[Broadcast] Sending to 1 connections
[Simulator] Reading #526: 282.9 cm (rising)
[Flood Engine] Reading #526: 282.9 cm | Risk: CRITICAL
[Sim Loop] Processing reading
[Broadcast] Sending to 1 connections
[Simulator] Reading #527: 283.8 cm (rising)
[Flood Engine] Reading #527: 283.8 cm | Risk: CRITICAL
[Sim Loop] Processing reading
[Broadcast] Sending to 1 connections
[Simulator] Reading #528: 284.0 cm (rising)
[Flood Engine] Reading #528: 284.0 cm | Risk: CRITICAL
[Sim Loop] Processing reading
[Broadcast] Sending to 1 connections
[Simulator] Reading #529: 284.3 cm (rising)
[Flood Engine] Reading #529: 284.3 cm | Risk: CRITICAL
[Sim Loop] Processing reading
[Broadcast] Sending to 1 connections
[Simulator] Reading #530: 285.1 cm (rising)
[Flood Engine] Reading #530: 285.1 cm | Risk: CRITICAL
[Sim Loop] Processing reading
[Broadcast] Sending to 1 connections
[Simulator] Reading #531: 285.5 cm (rising)
[Flood Engine] Reading #531: 285.5 cm | Risk: CRITICAL
[Sim Loop] Processing reading
[Broadcast] Sending to 1 connections
[Simulator] Reading #532: 286.1 cm (rising)
[Flood Engine] Reading #532: 286.1 cm | Risk: CRITICAL
[Sim Loop] Processing reading
[Broadcast] Sending to 1 connections
[Simulator] Reading #533: 286.8 cm (rising)
[Flood Engine] Reading #533: 286.8 cm | Risk: CRITICAL
[Sim Loop] Processing reading
[Broadcast] Sending to 1 connections
[Simulator] Reading #534: 286.9 cm (rising)
[Flood Engine] Reading #534: 286.9 cm | Risk: CRITICAL
[Sim Loop] Processing reading
[Broadcast] Sending to 1 connections
[Simulator] Reading #535: 287.6 cm (rising)
[Flood Engine] Reading #535: 287.6 cm | Risk: CRITICAL
[Sim Loop] Processing reading
[Broadcast] Sending to 1 connections
[Simulator] Reading #536: 288.3 cm (rising)
[Flood Engine] Reading #536: 288.3 cm | Risk: CRITICAL
[Sim Loop] Processing reading
[Broadcast] Sending to 1 connections
[Simulator] Reading #537: 288.3 cm (rising)
[Flood Engine] Reading #537: 288.3 cm | Risk: CRITICAL
[Sim Loop] Processing reading
[Broadcast] Sending to 1 connections
[Simulator] Reading #538: 289.1 cm (rising)
[Flood Engine] Reading #538: 289.1 cm | Risk: CRITICAL
[Sim Loop] Processing reading
[Broadcast] Sending to 1 connections
[Simulator] Reading #539: 289.2 cm (rising)
[Flood Engine] Reading #539: 289.2 cm | Risk: CRITICAL
[Sim Loop] Processing reading
[Broadcast] Sending to 1 connections
[Simulator] Reading #540: 290.0 cm (rising)
[Flood Engine] Reading #540: 290.0 cm | Risk: CRITICAL
[Sim Loop] Processing reading
[Broadcast] Sending to 1 connections
[Simulator] Reading #541: 290.3 cm (rising)
[Flood Engine] Reading #541: 290.3 cm | Risk: CRITICAL
[Sim Loop] Processing reading
[Broadcast] Sending to 1 connections
[Simulator] Reading #542: 291.1 cm (rising)
[Flood Engine] Reading #542: 291.1 cm | Risk: CRITICAL
[Sim Loop] Processing reading
[Broadcast] Sending to 1 connections
[Simulator] Reading #543: 291.3 cm (rising)
[Flood Engine] Reading #543: 291.3 cm | Risk: CRITICAL
[Sim Loop] Processing reading
[Broadcast] Sending to 1 connections
[Simulator] Reading #544: 291.7 cm (rising)
[Flood Engine] Reading #544: 291.7 cm | Risk: CRITICAL
[Sim Loop] Processing reading
[Broadcast] Sending to 1 connections
[Simulator] Reading #545: 292.4 cm (rising)
[Flood Engine] Reading #545: 292.4 cm | Risk: CRITICAL
[Sim Loop] Processing reading
[Broadcast] Sending to 1 connections
[Simulator] Reading #546: 292.7 cm (rising)
[Flood Engine] Reading #546: 292.7 cm | Risk: CRITICAL
[Sim Loop] Processing reading
[Broadcast] Sending to 1 connections
[Simulator] Reading #547: 293.3 cm (rising)
[Flood Engine] Reading #547: 293.3 cm | Risk: CRITICAL
[Sim Loop] Processing reading
[Broadcast] Sending to 1 connections
[Simulator] Reading #548: 294.2 cm (rising)
[Flood Engine] Reading #548: 294.2 cm | Risk: CRITICAL
[Sim Loop] Processing reading
[Broadcast] Sending to 1 connections
[Simulator] Reading #549: 294.5 cm (rising)
[Flood Engine] Reading #549: 294.5 cm | Risk: CRITICAL
[Sim Loop] Processing reading
[Broadcast] Sending to 1 connections
[Simulator] Reading #550: 295.0 cm (rising)
[Flood Engine] Reading #550: 295.0 cm | Risk: CRITICAL
[Sim Loop] Processing reading
[Broadcast] Sending to 1 connections
[Simulator] Reading #551: 295.8 cm (rising)
[Flood Engine] Reading #551: 295.8 cm | Risk: CRITICAL
[Sim Loop] Processing reading
[Broadcast] Sending to 1 connections
[Simulator] Reading #552: 296.2 cm (rising)
[Flood Engine] Reading #552: 296.2 cm | Risk: CRITICAL
[Sim Loop] Processing reading
[Broadcast] Sending to 1 connections
[Simulator] Reading #553: 296.7 cm (rising)
[Flood Engine] Reading #553: 296.7 cm | Risk: CRITICAL
[Sim Loop] Processing reading
[Broadcast] Sending to 1 connections
[Simulator] Reading #554: 296.8 cm (rising)
[Flood Engine] Reading #554: 296.8 cm | Risk: CRITICAL
[Sim Loop] Processing reading
[Broadcast] Sending to 1 connections
[Simulator] Reading #555: 297.5 cm (rising)
[Flood Engine] Reading #555: 297.5 cm | Risk: CRITICAL
[Sim Loop] Processing reading
[Broadcast] Sending to 1 connections
[Simulator] Reading #556: 298.0 cm (rising)
[Flood Engine] Reading #556: 298.0 cm | Risk: CRITICAL
[Sim Loop] Processing reading
[Broadcast] Sending to 1 connections
[Simulator] Reading #557: 298.5 cm (rising)
[Flood Engine] Reading #557: 298.5 cm | Risk: CRITICAL
[Sim Loop] Processing reading
[Broadcast] Sending to 1 connections
[Simulator] Reading #558: 299.1 cm (rising)
[Flood Engine] Reading #558: 299.1 cm | Risk: CRITICAL
[Sim Loop] Processing reading
[Broadcast] Sending to 1 connections
[Simulator] Reading #559: 299.4 cm (rising)
[Flood Engine] Reading #559: 299.4 cm | Risk: CRITICAL
[Sim Loop] Processing reading
[Broadcast] Sending to 1 connections
[Simulator] Reading #560: 299.8 cm (rising)
[Flood Engine] Reading #560: 299.8 cm | Risk: CRITICAL
[Sim Loop] Processing reading
[Broadcast] Sending to 1 connections
[Simulator] Reading #561: 300.4 cm (rising)
[Flood Engine] Reading #561: 300.4 cm | Risk: CRITICAL
[Sim Loop] Processing reading
[Broadcast] Sending to 1 connections
[Simulator] Reading #562: 301.1 cm (rising)
[Flood Engine] Reading #562: 301.1 cm | Risk: CRITICAL
[Sim Loop] Processing reading
[Broadcast] Sending to 1 connections
[Simulator] Reading #563: 301.4 cm (rising)
[Flood Engine] Reading #563: 301.4 cm | Risk: CRITICAL
[Sim Loop] Processing reading
[Broadcast] Sending to 1 connections
[Simulator] Reading #564: 302.0 cm (rising)
[Flood Engine] Reading #564: 302.0 cm | Risk: CRITICAL
[Sim Loop] Processing reading
[Broadcast] Sending to 1 connections
[Simulator] Reading #565: 302.7 cm (rising)
[Flood Engine] Reading #565: 302.7 cm | Risk: CRITICAL
[Sim Loop] Processing reading
[Broadcast] Sending to 1 connections
[Simulator] Reading #566: 302.8 cm (rising)
[Flood Engine] Reading #566: 302.8 cm | Risk: CRITICAL
[Sim Loop] Processing reading
[Broadcast] Sending to 1 connections
[Simulator] Reading #567: 303.2 cm (rising)
[Flood Engine] Reading #567: 303.2 cm | Risk: CRITICAL
[Sim Loop] Processing reading
[Broadcast] Sending to 1 connections
[Simulator] Reading #568: 303.7 cm (rising)
[Flood Engine] Reading #568: 303.7 cm | Risk: CRITICAL
[Sim Loop] Processing reading
[Broadcast] Sending to 1 connections
[Simulator] Reading #569: 304.7 cm (rising)
[Flood Engine] Reading #569: 304.7 cm | Risk: CRITICAL
[Sim Loop] Processing reading
[Broadcast] Sending to 1 connections
[Simulator] Reading #570: 305.0 cm (rising)
[Flood Engine] Reading #570: 305.0 cm | Risk: CRITICAL
[Sim Loop] Processing reading
[Broadcast] Sending to 1 connections
[Simulator] Reading #571: 305.7 cm (rising)
[Flood Engine] Reading #571: 305.7 cm | Risk: CRITICAL
[Sim Loop] Processing reading
[Broadcast] Sending to 1 connections
[Simulator] Reading #572: 305.8 cm (rising)
[Flood Engine] Reading #572: 305.8 cm | Risk: CRITICAL
[Sim Loop] Processing reading
[Broadcast] Sending to 1 connections
[Simulator] Reading #573: 306.7 cm (rising)
[Flood Engine] Reading #573: 306.7 cm | Risk: CRITICAL
[Sim Loop] Processing reading
[Broadcast] Sending to 1 connections
[Simulator] Reading #574: 307.0 cm (rising)
[Flood Engine] Reading #574: 307.0 cm | Risk: CRITICAL
[Sim Loop] Processing reading
[Broadcast] Sending to 1 connections
[Simulator] Reading #575: 307.4 cm (rising)
[Flood Engine] Reading #575: 307.4 cm | Risk: CRITICAL
[Sim Loop] Processing reading
[Broadcast] Sending to 1 connections
[Simulator] Reading #576: 307.9 cm (rising)
[Flood Engine] Reading #576: 307.9 cm | Risk: CRITICAL
[Sim Loop] Processing reading
[Broadcast] Sending to 1 connections
[Simulator] Reading #577: 308.5 cm (rising)
[Flood Engine] Reading #577: 308.5 cm | Risk: CRITICAL
[Sim Loop] Processing reading
[Broadcast] Sending to 1 connections
[Simulator] Reading #578: 309.1 cm (rising)
[Flood Engine] Reading #578: 309.1 cm | Risk: CRITICAL
[Sim Loop] Processing reading
[Broadcast] Sending to 1 connections
[Simulator] Reading #579: 309.3 cm (rising)
[Flood Engine] Reading #579: 309.3 cm | Risk: CRITICAL
[Sim Loop] Processing reading
[Broadcast] Sending to 1 connections
[Simulator] Reading #580: 309.8 cm (rising)
[Flood Engine] Reading #580: 309.8 cm | Risk: CRITICAL
[Sim Loop] Processing reading
[Broadcast] Sending to 1 connections
[Simulator] Reading #581: 310.6 cm (rising)
[Flood Engine] Reading #581: 310.6 cm | Risk: CRITICAL
[Sim Loop] Processing reading
[Broadcast] Sending to 1 connections
[Simulator] Reading #582: 310.9 cm (rising)
[Flood Engine] Reading #582: 310.9 cm | Risk: CRITICAL
[Sim Loop] Processing reading
[Broadcast] Sending to 1 connections
[Simulator] Reading #583: 311.4 cm (rising)
[Flood Engine] Reading #583: 311.4 cm | Risk: CRITICAL
[Sim Loop] Processing reading
[Broadcast] Sending to 1 connections
[Simulator] Reading #584: 312.0 cm (rising)
[Flood Engine] Reading #584: 312.0 cm | Risk: CRITICAL
[Sim Loop] Processing reading
[Broadcast] Sending to 1 connections
[Simulator] Reading #585: 312.6 cm (rising)
[Flood Engine] Reading #585: 312.6 cm | Risk: CRITICAL
[Sim Loop] Processing reading
[Broadcast] Sending to 1 connections
[Simulator] Reading #586: 312.7 cm (rising)
[Flood Engine] Reading #586: 312.7 cm | Risk: CRITICAL
[Sim Loop] Processing reading
[Broadcast] Sending to 1 connections
[Simulator] Reading #587: 313.5 cm (rising)
[Flood Engine] Reading #587: 313.5 cm | Risk: CRITICAL
[Sim Loop] Processing reading
[Broadcast] Sending to 1 connections
[Simulator] Reading #588: 314.0 cm (rising)
[Flood Engine] Reading #588: 314.0 cm | Risk: CRITICAL
[Sim Loop] Processing reading
[Broadcast] Sending to 1 connections
[Simulator] Reading #589: 314.2 cm (rising)
[Flood Engine] Reading #589: 314.2 cm | Risk: CRITICAL
[Sim Loop] Processing reading
[Broadcast] Sending to 1 connections
[Simulator] Reading #590: 314.7 cm (rising)
[Flood Engine] Reading #590: 314.7 cm | Risk: CRITICAL
[Sim Loop] Processing reading
[Broadcast] Sending to 1 connections
[Simulator] Reading #591: 315.3 cm (rising)
[Flood Engine] Reading #591: 315.3 cm | Risk: CRITICAL
[Sim Loop] Processing reading
[Broadcast] Sending to 1 connections
[Simulator] Reading #592: 315.9 cm (rising)
[Flood Engine] Reading #592: 315.9 cm | Risk: CRITICAL
[Sim Loop] Processing reading
[Broadcast] Sending to 1 connections
[Simulator] Reading #593: 316.8 cm (rising)
[Flood Engine] Reading #593: 316.8 cm | Risk: CRITICAL
[Sim Loop] Processing reading
[Broadcast] Sending to 1 connections
[Simulator] Reading #594: 316.9 cm (rising)
[Flood Engine] Reading #594: 316.9 cm | Risk: CRITICAL
[Sim Loop] Processing reading
[Broadcast] Sending to 1 connections
[Simulator] Reading #595: 317.6 cm (rising)
[Flood Engine] Reading #595: 317.6 cm | Risk: CRITICAL
[Sim Loop] Processing reading
[Broadcast] Sending to 1 connections
[Simulator] Reading #596: 317.9 cm (rising)
[Flood Engine] Reading #596: 317.9 cm | Risk: CRITICAL
[Sim Loop] Processing reading
[Broadcast] Sending to 1 connections
[Simulator] Reading #597: 318.7 cm (rising)
[Flood Engine] Reading #597: 318.7 cm | Risk: CRITICAL
[Sim Loop] Processing reading
[Broadcast] Sending to 1 connections
[Simulator] Reading #598: 318.9 cm (rising)
[Flood Engine] Reading #598: 318.9 cm | Risk: CRITICAL
[Sim Loop] Processing reading
[Broadcast] Sending to 1 connections
[Simulator] Reading #599: 319.4 cm (rising)
[Flood Engine] Reading #599: 319.4 cm | Risk: CRITICAL
[Sim Loop] Processing reading
[Broadcast] Sending to 1 connections
[Simulator] Reading #600: 319.8 cm (rising)
[Flood Engine] Reading #600: 319.8 cm | Risk: CRITICAL
[Sim Loop] Processing reading
[Broadcast] Sending to 1 connections
[Simulator] Reading #601: 320.7 cm (rising)
[Flood Engine] Reading #601: 320.7 cm | Risk: CRITICAL
[Sim Loop] Processing reading
[Broadcast] Sending to 1 connections
[Simulator] Reading #602: 321.3 cm (rising)
[Flood Engine] Reading #602: 321.3 cm | Risk: CRITICAL
[Sim Loop] Processing reading
[Broadcast] Sending to 1 connections
[Simulator] Reading #603: 321.5 cm (rising)
[Flood Engine] Reading #603: 321.5 cm | Risk: CRITICAL
[Sim Loop] Processing reading
[Broadcast] Sending to 1 connections
[Simulator] Reading #604: 321.8 cm (rising)
[Flood Engine] Reading #604: 321.8 cm | Risk: CRITICAL
[Sim Loop] Processing reading
[Broadcast] Sending to 1 connections
[Simulator] Reading #605: 322.7 cm (rising)
[Flood Engine] Reading #605: 322.7 cm | Risk: CRITICAL
[Sim Loop] Processing reading
[Broadcast] Sending to 1 connections
[Simulator] Reading #606: 323.2 cm (rising)
[Flood Engine] Reading #606: 323.2 cm | Risk: CRITICAL
[Sim Loop] Processing reading
[Broadcast] Sending to 1 connections
[Simulator] Reading #607: 323.3 cm (rising)
[Flood Engine] Reading #607: 323.3 cm | Risk: CRITICAL
[Sim Loop] Processing reading
[Broadcast] Sending to 1 connections
[Simulator] Reading #608: 324.0 cm (rising)
[Flood Engine] Reading #608: 324.0 cm | Risk: CRITICAL
[Sim Loop] Processing reading
[Broadcast] Sending to 1 connections
[Simulator] Reading #609: 324.7 cm (rising)
[Flood Engine] Reading #609: 324.7 cm | Risk: CRITICAL
[Sim Loop] Processing reading
[Broadcast] Sending to 1 connections
[Simulator] Reading #610: 324.9 cm (rising)
[Flood Engine] Reading #610: 324.9 cm | Risk: CRITICAL
[Sim Loop] Processing reading
[Broadcast] Sending to 1 connections
[Simulator] Reading #611: 325.7 cm (rising)
[Flood Engine] Reading #611: 325.7 cm | Risk: CRITICAL
[Sim Loop] Processing reading
[Broadcast] Sending to 1 connections
[Simulator] Reading #612: 326.0 cm (rising)
[Flood Engine] Reading #612: 326.0 cm | Risk: CRITICAL
[Sim Loop] Processing reading
[Broadcast] Sending to 1 connections
[Simulator] Reading #613: 326.3 cm (rising)
[Flood Engine] Reading #613: 326.3 cm | Risk: CRITICAL
[Sim Loop] Processing reading
[Broadcast] Sending to 1 connections
[Simulator] Reading #614: 327.2 cm (rising)
[Flood Engine] Reading #614: 327.2 cm | Risk: CRITICAL
[Sim Loop] Processing reading
[Broadcast] Sending to 1 connections
[Simulator] Reading #615: 327.7 cm (rising)
[Flood Engine] Reading #615: 327.7 cm | Risk: CRITICAL
[Sim Loop] Processing reading
[Broadcast] Sending to 1 connections
[Simulator] Reading #616: 328.2 cm (rising)
[Flood Engine] Reading #616: 328.2 cm | Risk: CRITICAL
[Sim Loop] Processing reading
[Broadcast] Sending to 1 connections
[Simulator] Reading #617: 328.8 cm (rising)
[Flood Engine] Reading #617: 328.8 cm | Risk: CRITICAL
[Sim Loop] Processing reading
[Broadcast] Sending to 1 connections
[WebSocket] Client disconnected. Total: 0
[Simulator] Reading #618: 329.0 cm (rising)
[Flood Engine] Reading #618: 329.0 cm | Risk: CRITICAL
[Sim Loop] Processing reading
[Broadcast] No active connections, skipping
[Simulator] Reading #619: 329.5 cm (rising)
[Flood Engine] Reading #619: 329.5 cm | Risk: CRITICAL
[Sim Loop] Processing reading
[Broadcast] No active connections, skipping
[Simulator] Reading #620: 330.1 cm (rising)
[Flood Engine] Reading #620: 330.1 cm | Risk: CRITICAL
[Sim Loop] Processing reading
[Broadcast] No active connections, skipping
[Simulator] Reading #621: 330.8 cm (rising)
[Flood Engine] Reading #621: 330.8 cm | Risk: CRITICAL
[Sim Loop] Processing reading
[Broadcast] No active connections, skipping
[Simulator] Reading #622: 330.8 cm (rising)
[Flood Engine] Reading #622: 330.8 cm | Risk: CRITICAL
[Sim Loop] Processing reading
[Broadcast] No active connections, skipping
[Simulator] Reading #623: 331.6 cm (rising)
[Flood Engine] Reading #623: 331.6 cm | Risk: CRITICAL
[Sim Loop] Processing reading
[Broadcast] No active connections, skipping
[Simulator] Reading #624: 331.8 cm (rising)
[Flood Engine] Reading #624: 331.8 cm | Risk: CRITICAL
[Sim Loop] Processing reading
[Broadcast] No active connections, skipping
[Simulator] Reading #625: 332.6 cm (rising)
[Flood Engine] Reading #625: 332.6 cm | Risk: CRITICAL
[Sim Loop] Processing reading
[Broadcast] No active connections, skipping
[Simulator] Reading #626: 333.3 cm (rising)
[Flood Engine] Reading #626: 333.3 cm | Risk: CRITICAL
[Sim Loop] Processing reading
[Broadcast] No active connections, skipping
[Simulator] Reading #627: 333.6 cm (rising)
[Flood Engine] Reading #627: 333.6 cm | Risk: CRITICAL
[Sim Loop] Processing reading
[Broadcast] No active connections, skipping
[Simulator] Reading #628: 334.2 cm (rising)
[Flood Engine] Reading #628: 334.2 cm | Risk: CRITICAL
[Sim Loop] Processing reading
[Broadcast] No active connections, skipping
[Simulator] Reading #629: 334.5 cm (rising)
[Flood Engine] Reading #629: 334.5 cm | Risk: CRITICAL
[Sim Loop] Processing reading
[Broadcast] No active connections, skipping
[Simulator] Reading #630: 334.8 cm (rising)
[Flood Engine] Reading #630: 334.8 cm | Risk: CRITICAL
[Sim Loop] Processing reading
[Broadcast] No active connections, skipping
[Simulator] Reading #631: 335.4 cm (rising)
[Flood Engine] Reading #631: 335.4 cm | Risk: CRITICAL
[Sim Loop] Processing reading
[Broadcast] No active connections, skipping
[Simulator] Reading #632: 335.8 cm (rising)
[Flood Engine] Reading #632: 335.8 cm | Risk: CRITICAL
[Sim Loop] Processing reading
[Broadcast] No active connections, skipping
[Simulator] Reading #633: 336.5 cm (rising)
[Flood Engine] Reading #633: 336.5 cm | Risk: CRITICAL
[Sim Loop] Processing reading
[Broadcast] No active connections, skipping
[Simulator] Reading #634: 336.9 cm (rising)
[Flood Engine] Reading #634: 336.9 cm | Risk: CRITICAL
[Sim Loop] Processing reading
[Broadcast] No active connections, skipping
[Simulator] Reading #635: 337.2 cm (rising)
[Flood Engine] Reading #635: 337.2 cm | Risk: CRITICAL
[Sim Loop] Processing reading
[Broadcast] No active connections, skipping
[Simulator] Reading #636: 338.1 cm (rising)
[Flood Engine] Reading #636: 338.1 cm | Risk: CRITICAL
[Sim Loop] Processing reading
[Broadcast] No active connections, skipping
[Simulator] Reading #637: 338.3 cm (rising)
[Flood Engine] Reading #637: 338.3 cm | Risk: CRITICAL
[Sim Loop] Processing reading
[Broadcast] No active connections, skipping
[Simulator] Reading #638: 338.8 cm (rising)
[Flood Engine] Reading #638: 338.8 cm | Risk: CRITICAL
[Sim Loop] Processing reading
[Broadcast] No active connections, skipping
[Simulator] Reading #639: 339.2 cm (rising)
[Flood Engine] Reading #639: 339.2 cm | Risk: CRITICAL
[Sim Loop] Processing reading
[Broadcast] No active connections, skipping
[Simulator] Reading #640: 340.2 cm (rising)
[Flood Engine] Reading #640: 340.2 cm | Risk: CRITICAL
[Sim Loop] Processing reading
[Broadcast] No active connections, skipping
[Simulator] Reading #641: 340.4 cm (rising)
[Flood Engine] Reading #641: 340.4 cm | Risk: CRITICAL
[Sim Loop] Processing reading
[Broadcast] No active connections, skipping
[Simulator] Reading #642: 341.0 cm (rising)
[Flood Engine] Reading #642: 341.0 cm | Risk: CRITICAL
[Sim Loop] Processing reading
[Broadcast] No active connections, skipping
[Simulator] Reading #643: 341.8 cm (rising)
[Flood Engine] Reading #643: 341.8 cm | Risk: CRITICAL
[Sim Loop] Processing reading
[Broadcast] No active connections, skipping
[Simulator] Reading #644: 342.0 cm (rising)
[Flood Engine] Reading #644: 342.0 cm | Risk: CRITICAL
[Sim Loop] Processing reading
[Broadcast] No active connections, skipping
[Simulator] Reading #645: 342.8 cm (rising)
[Flood Engine] Reading #645: 342.8 cm | Risk: CRITICAL
[Sim Loop] Processing reading
[Broadcast] No active connections, skipping
[Simulator] Reading #646: 342.8 cm (rising)
[Flood Engine] Reading #646: 342.8 cm | Risk: CRITICAL
[Sim Loop] Processing reading
[Broadcast] No active connections, skipping
[Simulator] Reading #647: 343.8 cm (rising)
[Flood Engine] Reading #647: 343.8 cm | Risk: CRITICAL
[Sim Loop] Processing reading
[Broadcast] No active connections, skipping
[Simulator] Reading #648: 343.8 cm (rising)
[Flood Engine] Reading #648: 343.8 cm | Risk: CRITICAL
[Sim Loop] Processing reading
[Broadcast] No active connections, skipping
[Simulator] Reading #649: 344.4 cm (rising)
[Flood Engine] Reading #649: 344.4 cm | Risk: CRITICAL
[Sim Loop] Processing reading
[Broadcast] No active connections, skipping
[Simulator] Reading #650: 344.8 cm (rising)
[Flood Engine] Reading #650: 344.8 cm | Risk: CRITICAL
[Sim Loop] Processing reading
[Broadcast] No active connections, skipping
[Simulator] Reading #651: 345.7 cm (rising)
[Flood Engine] Reading #651: 345.7 cm | Risk: CRITICAL
[Sim Loop] Processing reading
[Broadcast] No active connections, skipping
[Simulator] Reading #652: 346.2 cm (rising)
[Flood Engine] Reading #652: 346.2 cm | Risk: CRITICAL
[Sim Loop] Processing reading
[Broadcast] No active connections, skipping
[Simulator] Reading #653: 346.3 cm (rising)
[Flood Engine] Reading #653: 346.3 cm | Risk: CRITICAL
[Sim Loop] Processing reading
[Broadcast] No active connections, skipping
[Simulator] Reading #654: 346.7 cm (rising)
[Flood Engine] Reading #654: 346.7 cm | Risk: CRITICAL
[Sim Loop] Processing reading
[Broadcast] No active connections, skipping
[Simulator] Reading #655: 347.3 cm (rising)
[Flood Engine] Reading #655: 347.3 cm | Risk: CRITICAL
[Sim Loop] Processing reading
[Broadcast] No active connections, skipping
[Simulator] Reading #656: 348.2 cm (rising)
[Flood Engine] Reading #656: 348.2 cm | Risk: CRITICAL
[Sim Loop] Processing reading
[Broadcast] No active connections, skipping
[Simulator] Reading #657: 348.7 cm (rising)
[Flood Engine] Reading #657: 348.7 cm | Risk: CRITICAL
[Sim Loop] Processing reading
[Broadcast] No active connections, skipping
[Simulator] Reading #658: 348.7 cm (rising)
[Flood Engine] Reading #658: 348.7 cm | Risk: CRITICAL
[Sim Loop] Processing reading
[Broadcast] No active connections, skipping
[Simulator] Reading #659: 349.3 cm (rising)
[Flood Engine] Reading #659: 349.3 cm | Risk: CRITICAL
[Sim Loop] Processing reading
[Broadcast] No active connections, skipping
[Simulator] Reading #660: 349.9 cm (rising)
[Flood Engine] Reading #660: 349.9 cm | Risk: CRITICAL
[Sim Loop] Processing reading
[Broadcast] No active connections, skipping
[Simulator] Reading #661: 350.4 cm (rising)
[Flood Engine] Reading #661: 350.4 cm | Risk: CRITICAL
[Sim Loop] Processing reading
[Broadcast] No active connections, skipping
[Simulator] Reading #662: 350.9 cm (rising)
[Flood Engine] Reading #662: 350.9 cm | Risk: CRITICAL
[Sim Loop] Processing reading
[Broadcast] No active connections, skipping
[Simulator] Reading #663: 351.8 cm (rising)
[Flood Engine] Reading #663: 351.8 cm | Risk: CRITICAL
[Sim Loop] Processing reading
[Broadcast] No active connections, skipping
[Simulator] Reading #664: 351.8 cm (rising)
[Flood Engine] Reading #664: 351.8 cm | Risk: CRITICAL
[Sim Loop] Processing reading
[Broadcast] No active connections, skipping
[Simulator] Reading #665: 352.6 cm (rising)
[Flood Engine] Reading #665: 352.6 cm | Risk: CRITICAL
[Sim Loop] Processing reading
[Broadcast] No active connections, skipping
[Simulator] Reading #666: 353.0 cm (rising)
[Flood Engine] Reading #666: 353.0 cm | Risk: CRITICAL
[Sim Loop] Processing reading
[Broadcast] No active connections, skipping
[Simulator] Reading #667: 353.4 cm (rising)
[Flood Engine] Reading #667: 353.4 cm | Risk: CRITICAL
[Sim Loop] Processing reading
[Broadcast] No active connections, skipping
[Simulator] Reading #668: 353.8 cm (rising)
[Flood Engine] Reading #668: 353.8 cm | Risk: CRITICAL
[Sim Loop] Processing reading
[Broadcast] No active connections, skipping
[Simulator] Reading #669: 354.7 cm (rising)
[Flood Engine] Reading #669: 354.7 cm | Risk: CRITICAL
[Sim Loop] Processing reading
[Broadcast] No active connections, skipping
[Simulator] Reading #670: 355.2 cm (rising)
[Flood Engine] Reading #670: 355.2 cm | Risk: CRITICAL
[Sim Loop] Processing reading
[Broadcast] No active connections, skipping
[Simulator] Reading #671: 355.4 cm (rising)
[Flood Engine] Reading #671: 355.4 cm | Risk: CRITICAL
[Sim Loop] Processing reading
[Broadcast] No active connections, skipping
[Simulator] Reading #672: 356.0 cm (rising)
[Flood Engine] Reading #672: 356.0 cm | Risk: CRITICAL
[Sim Loop] Processing reading
[Broadcast] No active connections, skipping
[Simulator] Reading #673: 356.8 cm (rising)
[Flood Engine] Reading #673: 356.8 cm | Risk: CRITICAL
[Sim Loop] Processing reading
[Broadcast] No active connections, skipping
[Simulator] Reading #674: 357.1 cm (rising)
[Flood Engine] Reading #674: 357.1 cm | Risk: CRITICAL
[Sim Loop] Processing reading
[Broadcast] No active connections, skipping
[Simulator] Reading #675: 357.2 cm (rising)
[Flood Engine] Reading #675: 357.2 cm | Risk: CRITICAL
[Sim Loop] Processing reading
[Broadcast] No active connections, skipping
[Simulator] Reading #676: 357.7 cm (rising)
[Flood Engine] Reading #676: 357.7 cm | Risk: CRITICAL
[Sim Loop] Processing reading
[Broadcast] No active connections, skipping
[Simulator] Reading #677: 358.4 cm (rising)
[Flood Engine] Reading #677: 358.4 cm | Risk: CRITICAL
[Sim Loop] Processing reading
[Broadcast] No active connections, skipping
[Simulator] Reading #678: 358.9 cm (rising)
[Flood Engine] Reading #678: 358.9 cm | Risk: CRITICAL
[Sim Loop] Processing reading
[Broadcast] No active connections, skipping
[Simulator] Reading #679: 359.5 cm (rising)
[Flood Engine] Reading #679: 359.5 cm | Risk: CRITICAL
[Sim Loop] Processing reading
[Broadcast] No active connections, skipping
[Simulator] Reading #680: 359.8 cm (rising)
[Flood Engine] Reading #680: 359.8 cm | Risk: CRITICAL
[Sim Loop] Processing reading
[Broadcast] No active connections, skipping
[Simulator] Reading #681: 360.6 cm (rising)
[Flood Engine] Reading #681: 360.6 cm | Risk: CRITICAL
[Sim Loop] Processing reading
[Broadcast] No active connections, skipping
[Simulator] Reading #682: 361.1 cm (rising)
[Flood Engine] Reading #682: 361.1 cm | Risk: CRITICAL
[Sim Loop] Processing reading
[Broadcast] No active connections, skipping
[Simulator] Reading #683: 361.8 cm (rising)
[Flood Engine] Reading #683: 361.8 cm | Risk: CRITICAL
[Sim Loop] Processing reading
[Broadcast] No active connections, skipping
[Simulator] Reading #684: 361.8 cm (rising)
[Flood Engine] Reading #684: 361.8 cm | Risk: CRITICAL
[Sim Loop] Processing reading
[Broadcast] No active connections, skipping
[Simulator] Reading #685: 362.7 cm (rising)
[Flood Engine] Reading #685: 362.7 cm | Risk: CRITICAL
[Sim Loop] Processing reading
[Broadcast] No active connections, skipping
[Simulator] Reading #686: 363.0 cm (rising)
[Flood Engine] Reading #686: 363.0 cm | Risk: CRITICAL
[Sim Loop] Processing reading
[Broadcast] No active connections, skipping
[Simulator] Reading #687: 363.5 cm (rising)
[Flood Engine] Reading #687: 363.5 cm | Risk: CRITICAL
[Sim Loop] Processing reading
[Broadcast] No active connections, skipping
[Simulator] Reading #688: 363.9 cm (rising)
[Flood Engine] Reading #688: 363.9 cm | Risk: CRITICAL
[Sim Loop] Processing reading
[Broadcast] No active connections, skipping
[Simulator] Reading #689: 364.7 cm (rising)
[Flood Engine] Reading #689: 364.7 cm | Risk: CRITICAL
[Sim Loop] Processing reading
[Broadcast] No active connections, skipping
[Simulator] Reading #690: 364.9 cm (rising)
[Flood Engine] Reading #690: 364.9 cm | Risk: CRITICAL
[Sim Loop] Processing reading
[Broadcast] No active connections, skipping
[Simulator] Reading #691: 365.2 cm (rising)
[Flood Engine] Reading #691: 365.2 cm | Risk: CRITICAL
[Sim Loop] Processing reading
[Broadcast] No active connections, skipping
[Simulator] Reading #692: 366.0 cm (rising)
[Flood Engine] Reading #692: 366.0 cm | Risk: CRITICAL
[Sim Loop] Processing reading
[Broadcast] No active connections, skipping
[Simulator] Reading #693: 366.5 cm (rising)
[Flood Engine] Reading #693: 366.5 cm | Risk: CRITICAL
[Sim Loop] Processing reading
[Broadcast] No active connections, skipping
[Simulator] Reading #694: 367.2 cm (rising)
[Flood Engine] Reading #694: 367.2 cm | Risk: CRITICAL
[Sim Loop] Processing reading
[Broadcast] No active connections, skipping
[Simulator] Reading #695: 367.5 cm (rising)
[Flood Engine] Reading #695: 367.5 cm | Risk: CRITICAL
[Sim Loop] Processing reading
[Broadcast] No active connections, skipping
[Simulator] Reading #696: 367.8 cm (rising)
[Flood Engine] Reading #696: 367.8 cm | Risk: CRITICAL
[Sim Loop] Processing reading
[Broadcast] No active connections, skipping
[Simulator] Reading #697: 368.7 cm (rising)
[Flood Engine] Reading #697: 368.7 cm | Risk: CRITICAL
[Sim Loop] Processing reading
[Broadcast] No active connections, skipping
[Simulator] Reading #698: 369.0 cm (rising)
[Flood Engine] Reading #698: 369.0 cm | Risk: CRITICAL
[Sim Loop] Processing reading
[Broadcast] No active connections, skipping
[Simulator] Reading #699: 369.2 cm (rising)
[Flood Engine] Reading #699: 369.2 cm | Risk: CRITICAL
[Sim Loop] Processing reading
[Broadcast] No active connections, skipping
[Simulator] Reading #700: 369.8 cm (rising)
[Flood Engine] Reading #700: 369.8 cm | Risk: CRITICAL
[Sim Loop] Processing reading
[Broadcast] No active connections, skipping
[Simulator] Reading #701: 370.5 cm (rising)
[Flood Engine] Reading #701: 370.5 cm | Risk: CRITICAL
[Sim Loop] Processing reading
[Broadcast] No active connections, skipping
[Simulator] Reading #702: 370.9 cm (rising)
[Flood Engine] Reading #702: 370.9 cm | Risk: CRITICAL
[Sim Loop] Processing reading
[Broadcast] No active connections, skipping
[Simulator] Reading #703: 371.5 cm (rising)
[Flood Engine] Reading #703: 371.5 cm | Risk: CRITICAL
[Sim Loop] Processing reading
[Broadcast] No active connections, skipping
[Simulator] Reading #704: 371.7 cm (rising)
[Flood Engine] Reading #704: 371.7 cm | Risk: CRITICAL
[Sim Loop] Processing reading
[Broadcast] No active connections, skipping
[Simulator] Reading #705: 372.7 cm (rising)
[Flood Engine] Reading #705: 372.7 cm | Risk: CRITICAL
[Sim Loop] Processing reading
[Broadcast] No active connections, skipping
[Simulator] Reading #706: 373.2 cm (rising)
[Flood Engine] Reading #706: 373.2 cm | Risk: CRITICAL
[Sim Loop] Processing reading
[Broadcast] No active connections, skipping
[Simulator] Reading #707: 373.4 cm (rising)
[Flood Engine] Reading #707: 373.4 cm | Risk: CRITICAL
[Sim Loop] Processing reading
[Broadcast] No active connections, skipping
[Simulator] Reading #708: 374.2 cm (rising)
[Flood Engine] Reading #708: 374.2 cm | Risk: CRITICAL
[Sim Loop] Processing reading
[Broadcast] No active connections, skipping
[Simulator] Reading #709: 374.6 cm (rising)
[Flood Engine] Reading #709: 374.6 cm | Risk: CRITICAL
[Sim Loop] Processing reading
[Broadcast] No active connections, skipping
[Simulator] Reading #710: 375.2 cm (rising)
[Flood Engine] Reading #710: 375.2 cm | Risk: CRITICAL
[Sim Loop] Processing reading
[Broadcast] No active connections, skipping
[Simulator] Reading #711: 375.3 cm (rising)
[Flood Engine] Reading #711: 375.3 cm | Risk: CRITICAL
[Sim Loop] Processing reading
[Broadcast] No active connections, skipping
[Simulator] Reading #712: 376.0 cm (rising)
[Flood Engine] Reading #712: 376.0 cm | Risk: CRITICAL
[Sim Loop] Processing reading
[Broadcast] No active connections, skipping
[Simulator] Reading #713: 376.5 cm (rising)
[Flood Engine] Reading #713: 376.5 cm | Risk: CRITICAL
[Sim Loop] Processing reading
[Broadcast] No active connections, skipping
[Simulator] Reading #714: 377.0 cm (rising)
[Flood Engine] Reading #714: 377.0 cm | Risk: CRITICAL
[Sim Loop] Processing reading
[Broadcast] No active connections, skipping
[Simulator] Reading #715: 377.6 cm (rising)
[Flood Engine] Reading #715: 377.6 cm | Risk: CRITICAL
[Sim Loop] Processing reading
[Broadcast] No active connections, skipping
[Simulator] Reading #716: 377.8 cm (rising)
[Flood Engine] Reading #716: 377.8 cm | Risk: CRITICAL
[Sim Loop] Processing reading
[Broadcast] No active connections, skipping
[Simulator] Reading #717: 378.3 cm (rising)
[Flood Engine] Reading #717: 378.3 cm | Risk: CRITICAL
[Sim Loop] Processing reading
[Broadcast] No active connections, skipping
[Simulator] Reading #718: 379.1 cm (rising)
[Flood Engine] Reading #718: 379.1 cm | Risk: CRITICAL
[Sim Loop] Processing reading
[Broadcast] No active connections, skipping
[Simulator] Reading #719: 379.5 cm (rising)
[Flood Engine] Reading #719: 379.5 cm | Risk: CRITICAL
[Sim Loop] Processing reading
[Broadcast] No active connections, skipping
[Simulator] Reading #720: 380.2 cm (rising)
[Flood Engine] Reading #720: 380.2 cm | Risk: CRITICAL
[Sim Loop] Processing reading
[Broadcast] No active connections, skipping
[Simulator] Reading #721: 380.2 cm (rising)
[Flood Engine] Reading #721: 380.2 cm | Risk: CRITICAL
[Sim Loop] Processing reading
[Broadcast] No active connections, skipping
[Simulator] Reading #722: 380.8 cm (rising)
[Flood Engine] Reading #722: 380.8 cm | Risk: CRITICAL
[Sim Loop] Processing reading
[Broadcast] No active connections, skipping
[Simulator] Reading #723: 381.3 cm (rising)
[Flood Engine] Reading #723: 381.3 cm | Risk: CRITICAL
[Sim Loop] Processing reading
[Broadcast] No active connections, skipping
[Simulator] Reading #724: 381.9 cm (rising)
[Flood Engine] Reading #724: 381.9 cm | Risk: CRITICAL
[Sim Loop] Processing reading
[Broadcast] No active connections, skipping
[Simulator] Reading #725: 382.6 cm (rising)
[Flood Engine] Reading #725: 382.6 cm | Risk: CRITICAL
[Sim Loop] Processing reading
[Broadcast] No active connections, skipping
[Simulator] Reading #726: 382.7 cm (rising)
[Flood Engine] Reading #726: 382.7 cm | Risk: CRITICAL
[Sim Loop] Processing reading
[Broadcast] No active connections, skipping
[Simulator] Reading #727: 383.7 cm (rising)
[Flood Engine] Reading #727: 383.7 cm | Risk: CRITICAL
[Sim Loop] Processing reading
[Broadcast] No active connections, skipping
[Simulator] Reading #728: 383.9 cm (rising)
[Flood Engine] Reading #728: 383.9 cm | Risk: CRITICAL
[Sim Loop] Processing reading
[Broadcast] No active connections, skipping
[Simulator] Reading #729: 384.5 cm (rising)
[Flood Engine] Reading #729: 384.5 cm | Risk: CRITICAL
[Sim Loop] Processing reading
[Broadcast] No active connections, skipping
[Simulator] Reading #730: 384.7 cm (rising)
[Flood Engine] Reading #730: 384.7 cm | Risk: CRITICAL
[Sim Loop] Processing reading
[Broadcast] No active connections, skipping
[Simulator] Reading #731: 385.2 cm (rising)
[Flood Engine] Reading #731: 385.2 cm | Risk: CRITICAL
[Sim Loop] Processing reading
[Broadcast] No active connections, skipping
[Simulator] Reading #732: 386.1 cm (rising)
[Flood Engine] Reading #732: 386.1 cm | Risk: CRITICAL
[Sim Loop] Processing reading
[Broadcast] No active connections, skipping
[Simulator] Reading #733: 386.2 cm (rising)
[Flood Engine] Reading #733: 386.2 cm | Risk: CRITICAL
[Sim Loop] Processing reading
[Broadcast] No active connections, skipping
[Simulator] Reading #734: 387.2 cm (rising)
[Flood Engine] Reading #734: 387.2 cm | Risk: CRITICAL
[Sim Loop] Processing reading
[Broadcast] No active connections, skipping
[Simulator] Reading #735: 387.2 cm (rising)
[Flood Engine] Reading #735: 387.2 cm | Risk: CRITICAL
[Sim Loop] Processing reading
[Broadcast] No active connections, skipping
[Simulator] Reading #736: 387.8 cm (rising)
[Flood Engine] Reading #736: 387.8 cm | Risk: CRITICAL
[Sim Loop] Processing reading
[Broadcast] No active connections, skipping
[Simulator] Reading #737: 388.4 cm (rising)
[Flood Engine] Reading #737: 388.4 cm | Risk: CRITICAL
[Sim Loop] Processing reading
[Broadcast] No active connections, skipping
[Simulator] Reading #738: 388.8 cm (rising)
[Flood Engine] Reading #738: 388.8 cm | Risk: CRITICAL
[Sim Loop] Processing reading
[Broadcast] No active connections, skipping
[Simulator] Reading #739: 389.4 cm (rising)
[Flood Engine] Reading #739: 389.4 cm | Risk: CRITICAL
[Sim Loop] Processing reading
[Broadcast] No active connections, skipping
[Simulator] Reading #740: 390.3 cm (rising)
[Flood Engine] Reading #740: 390.3 cm | Risk: CRITICAL
[Sim Loop] Processing reading
[Broadcast] No active connections, skipping
[Simulator] Reading #741: 390.5 cm (rising)
[Flood Engine] Reading #741: 390.5 cm | Risk: CRITICAL
[Sim Loop] Processing reading
[Broadcast] No active connections, skipping
[Simulator] Reading #742: 390.8 cm (rising)
[Flood Engine] Reading #742: 390.8 cm | Risk: CRITICAL
[Sim Loop] Processing reading
[Broadcast] No active connections, skipping
[Simulator] Reading #743: 391.3 cm (rising)
[Flood Engine] Reading #743: 391.3 cm | Risk: CRITICAL
[Sim Loop] Processing reading
[Broadcast] No active connections, skipping
[Simulator] Reading #744: 392.2 cm (rising)
[Flood Engine] Reading #744: 392.2 cm | Risk: CRITICAL
[Sim Loop] Processing reading
[Broadcast] No active connections, skipping
[Simulator] Reading #745: 392.7 cm (rising)
[Flood Engine] Reading #745: 392.7 cm | Risk: CRITICAL
[Sim Loop] Processing reading
[Broadcast] No active connections, skipping
[Simulator] Reading #746: 393.0 cm (rising)
[Flood Engine] Reading #746: 393.0 cm | Risk: CRITICAL
[Sim Loop] Processing reading
[Broadcast] No active connections, skipping
[Simulator] Reading #747: 393.6 cm (rising)
[Flood Engine] Reading #747: 393.6 cm | Risk: CRITICAL
[Sim Loop] Processing reading
[Broadcast] No active connections, skipping
[Simulator] Reading #748: 393.7 cm (rising)
[Flood Engine] Reading #748: 393.7 cm | Risk: CRITICAL
[Sim Loop] Processing reading
[Broadcast] No active connections, skipping
[Simulator] Reading #749: 394.6 cm (rising)
[Flood Engine] Reading #749: 394.6 cm | Risk: CRITICAL
[Sim Loop] Processing reading
[Broadcast] No active connections, skipping
[Simulator] Reading #750: 395.2 cm (rising)
[Flood Engine] Reading #750: 395.2 cm | Risk: CRITICAL
[Sim Loop] Processing reading
[Broadcast] No active connections, skipping
[Simulator] Reading #751: 395.3 cm (rising)
[Flood Engine] Reading #751: 395.3 cm | Risk: CRITICAL
[Sim Loop] Processing reading
[Broadcast] No active connections, skipping
[Simulator] Reading #752: 395.7 cm (rising)
[Flood Engine] Reading #752: 395.7 cm | Risk: CRITICAL
[Sim Loop] Processing reading
[Broadcast] No active connections, skipping
[Simulator] Reading #753: 396.5 cm (rising)
[Flood Engine] Reading #753: 396.5 cm | Risk: CRITICAL
[Sim Loop] Processing reading
[Broadcast] No active connections, skipping
[Simulator] Reading #754: 396.9 cm (rising)
[Flood Engine] Reading #754: 396.9 cm | Risk: CRITICAL
[Sim Loop] Processing reading
[Broadcast] No active connections, skipping
[Simulator] Reading #755: 397.7 cm (rising)
[Flood Engine] Reading #755: 397.7 cm | Risk: CRITICAL
[Sim Loop] Processing reading
[Broadcast] No active connections, skipping
[Simulator] Reading #756: 397.8 cm (rising)
[Flood Engine] Reading #756: 397.8 cm | Risk: CRITICAL
[Sim Loop] Processing reading
[Broadcast] No active connections, skipping
[Simulator] Reading #757: 398.7 cm (rising)
[Flood Engine] Reading #757: 398.7 cm | Risk: CRITICAL
[Sim Loop] Processing reading
[Broadcast] No active connections, skipping
[Simulator] Reading #758: 399.3 cm (rising)
[Flood Engine] Reading #758: 399.3 cm | Risk: CRITICAL
[Sim Loop] Processing reading
[Broadcast] No active connections, skipping
[Simulator] Reading #759: 399.8 cm (rising)
[Flood Engine] Reading #759: 399.8 cm | Risk: CRITICAL
[Sim Loop] Processing reading
[Broadcast] No active connections, skipping
[Simulator] Reading #760: 399.8 cm (rising)
[Flood Engine] Reading #760: 399.8 cm | Risk: CRITICAL
[Sim Loop] Processing reading
[Broadcast] No active connections, skipping
[Simulator] Reading #761: 400.5 cm (rising)
[Flood Engine] Reading #761: 400.5 cm | Risk: CRITICAL
[Sim Loop] Processing reading
[Broadcast] No active connections, skipping
[Simulator] Reading #762: 400.8 cm (rising)
[Flood Engine] Reading #762: 400.8 cm | Risk: CRITICAL
[Sim Loop] Processing reading
[Broadcast] No active connections, skipping
[Simulator] Reading #763: 401.8 cm (rising)
[Flood Engine] Reading #763: 401.8 cm | Risk: CRITICAL
[Sim Loop] Processing reading
[Broadcast] No active connections, skipping
[Simulator] Reading #764: 402.0 cm (rising)
[Flood Engine] Reading #764: 402.0 cm | Risk: CRITICAL
[Sim Loop] Processing reading
[Broadcast] No active connections, skipping
[Simulator] Reading #765: 402.6 cm (rising)
[Flood Engine] Reading #765: 402.6 cm | Risk: CRITICAL
[Sim Loop] Processing reading
[Broadcast] No active connections, skipping
[Simulator] Reading #766: 403.1 cm (rising)
[Flood Engine] Reading #766: 403.1 cm | Risk: CRITICAL
[Sim Loop] Processing reading
[Broadcast] No active connections, skipping
[Simulator] Reading #767: 403.2 cm (rising)
[Flood Engine] Reading #767: 403.2 cm | Risk: CRITICAL
[Sim Loop] Processing reading
[Broadcast] No active connections, skipping
[Simulator] Reading #768: 404.0 cm (rising)
[Flood Engine] Reading #768: 404.0 cm | Risk: CRITICAL
[Sim Loop] Processing reading
[Broadcast] No active connections, skipping
[Simulator] Reading #769: 404.4 cm (rising)
[Flood Engine] Reading #769: 404.4 cm | Risk: CRITICAL
[Sim Loop] Processing reading
[Broadcast] No active connections, skipping
[Simulator] Reading #770: 405.0 cm (rising)
[Flood Engine] Reading #770: 405.0 cm | Risk: CRITICAL
[Sim Loop] Processing reading
[Broadcast] No active connections, skipping
[Simulator] Reading #771: 405.7 cm (rising)
[Flood Engine] Reading #771: 405.7 cm | Risk: CRITICAL
[Sim Loop] Processing reading
[Broadcast] No active connections, skipping
[Simulator] Reading #772: 405.8 cm (rising)
[Flood Engine] Reading #772: 405.8 cm | Risk: CRITICAL
[Sim Loop] Processing reading
[Broadcast] No active connections, skipping
[Simulator] Reading #773: 406.3 cm (rising)
[Flood Engine] Reading #773: 406.3 cm | Risk: CRITICAL
[Sim Loop] Processing reading
[Broadcast] No active connections, skipping
[Simulator] Reading #774: 407.1 cm (rising)
[Flood Engine] Reading #774: 407.1 cm | Risk: CRITICAL
[Sim Loop] Processing reading
[Broadcast] No active connections, skipping
[Simulator] Reading #775: 407.3 cm (rising)
[Flood Engine] Reading #775: 407.3 cm | Risk: CRITICAL
[Sim Loop] Processing reading
[Broadcast] No active connections, skipping
[Simulator] Reading #776: 408.2 cm (rising)
[Flood Engine] Reading #776: 408.2 cm | Risk: CRITICAL
[Sim Loop] Processing reading
[Broadcast] No active connections, skipping
[Simulator] Reading #777: 408.7 cm (rising)
[Flood Engine] Reading #777: 408.7 cm | Risk: CRITICAL
[Sim Loop] Processing reading
[Broadcast] No active connections, skipping
[Simulator] Reading #778: 409.0 cm (rising)
[Flood Engine] Reading #778: 409.0 cm | Risk: CRITICAL
[Sim Loop] Processing reading
[Broadcast] No active connections, skipping
[Simulator] Reading #779: 409.3 cm (rising)
[Flood Engine] Reading #779: 409.3 cm | Risk: CRITICAL
[Sim Loop] Processing reading
[Broadcast] No active connections, skipping
[Simulator] Reading #780: 410.2 cm (rising)
[Flood Engine] Reading #780: 410.2 cm | Risk: CRITICAL
[Sim Loop] Processing reading
[Broadcast] No active connections, skipping
[Simulator] Reading #781: 410.6 cm (rising)
[Flood Engine] Reading #781: 410.6 cm | Risk: CRITICAL
[Sim Loop] Processing reading
[Broadcast] No active connections, skipping
[Simulator] Reading #782: 411.2 cm (rising)
[Flood Engine] Reading #782: 411.2 cm | Risk: CRITICAL
[Sim Loop] Processing reading
[Broadcast] No active connections, skipping
[Simulator] Reading #783: 411.7 cm (rising)
[Flood Engine] Reading #783: 411.7 cm | Risk: CRITICAL
[Sim Loop] Processing reading
[Broadcast] No active connections, skipping
[Simulator] Reading #784: 412.2 cm (rising)
[Flood Engine] Reading #784: 412.2 cm | Risk: CRITICAL
[Sim Loop] Processing reading
[Broadcast] No active connections, skipping
[Simulator] Reading #785: 412.8 cm (rising)
[Flood Engine] Reading #785: 412.8 cm | Risk: CRITICAL
[Sim Loop] Processing reading
[Broadcast] No active connections, skipping
[Simulator] Reading #786: 413.2 cm (rising)
[Flood Engine] Reading #786: 413.2 cm | Risk: CRITICAL
[Sim Loop] Processing reading
[Broadcast] No active connections, skipping
[Simulator] Reading #787: 413.5 cm (rising)
[Flood Engine] Reading #787: 413.5 cm | Risk: CRITICAL
[Sim Loop] Processing reading
[Broadcast] No active connections, skipping
[Simulator] Reading #788: 413.7 cm (rising)
[Flood Engine] Reading #788: 413.7 cm | Risk: CRITICAL
[Sim Loop] Processing reading
[Broadcast] No active connections, skipping
[Simulator] Reading #789: 414.8 cm (rising)
[Flood Engine] Reading #789: 414.8 cm | Risk: CRITICAL
[Sim Loop] Processing reading
[Broadcast] No active connections, skipping
[Simulator] Reading #790: 415.1 cm (rising)
[Flood Engine] Reading #790: 415.1 cm | Risk: CRITICAL
[Sim Loop] Processing reading
[Broadcast] No active connections, skipping
[Simulator] Reading #791: 415.4 cm (rising)
[Flood Engine] Reading #791: 415.4 cm | Risk: CRITICAL
[Sim Loop] Processing reading
[Broadcast] No active connections, skipping
[Simulator] Reading #792: 416.0 cm (rising)
[Flood Engine] Reading #792: 416.0 cm | Risk: CRITICAL
[Sim Loop] Processing reading
[Broadcast] No active connections, skipping
[Simulator] Reading #793: 416.2 cm (rising)
[Flood Engine] Reading #793: 416.2 cm | Risk: CRITICAL
[Sim Loop] Processing reading
[Broadcast] No active connections, skipping
[Simulator] Reading #794: 417.3 cm (rising)
[Flood Engine] Reading #794: 417.3 cm | Risk: CRITICAL
[Sim Loop] Processing reading
[Broadcast] No active connections, skipping
[Simulator] Reading #795: 417.4 cm (rising)
[Flood Engine] Reading #795: 417.4 cm | Risk: CRITICAL
[Sim Loop] Processing reading
[Broadcast] No active connections, skipping
[Simulator] Reading #796: 418.0 cm (rising)
[Flood Engine] Reading #796: 418.0 cm | Risk: CRITICAL
[Sim Loop] Processing reading
[Broadcast] No active connections, skipping
[Simulator] Reading #797: 418.5 cm (rising)
[Flood Engine] Reading #797: 418.5 cm | Risk: CRITICAL
[Sim Loop] Processing reading
[Broadcast] No active connections, skipping
[Simulator] Reading #798: 419.2 cm (rising)
[Flood Engine] Reading #798: 419.2 cm | Risk: CRITICAL
[Sim Loop] Processing reading
[Broadcast] No active connections, skipping
[Simulator] Reading #799: 419.4 cm (rising)
[Flood Engine] Reading #799: 419.4 cm | Risk: CRITICAL
[Sim Loop] Processing reading
[Broadcast] No active connections, skipping
[Simulator] Reading #800: 420.1 cm (rising)
[Flood Engine] Reading #800: 420.1 cm | Risk: CRITICAL
[Sim Loop] Processing reading
[Broadcast] No active connections, skipping
[Simulator] Reading #801: 420.7 cm (rising)
[Flood Engine] Reading #801: 420.7 cm | Risk: CRITICAL
[Sim Loop] Processing reading
[Broadcast] No active connections, skipping
[Simulator] Reading #802: 421.3 cm (rising)
[Flood Engine] Reading #802: 421.3 cm | Risk: CRITICAL
[Sim Loop] Processing reading
[Broadcast] No active connections, skipping
[Simulator] Reading #803: 421.5 cm (rising)
[Flood Engine] Reading #803: 421.5 cm | Risk: CRITICAL
[Sim Loop] Processing reading
[Broadcast] No active connections, skipping
[Simulator] Reading #804: 422.1 cm (rising)
[Flood Engine] Reading #804: 422.1 cm | Risk: CRITICAL
[Sim Loop] Processing reading
[Broadcast] No active connections, skipping
[Simulator] Reading #805: 422.3 cm (rising)
[Flood Engine] Reading #805: 422.3 cm | Risk: CRITICAL
[Sim Loop] Processing reading
[Broadcast] No active connections, skipping
[Simulator] Reading #806: 423.0 cm (rising)
[Flood Engine] Reading #806: 423.0 cm | Risk: CRITICAL
[Sim Loop] Processing reading
[Broadcast] No active connections, skipping
[Simulator] Reading #807: 423.2 cm (rising)
[Flood Engine] Reading #807: 423.2 cm | Risk: CRITICAL
[Sim Loop] Processing reading
[Broadcast] No active connections, skipping
[Simulator] Reading #808: 424.3 cm (rising)
[Flood Engine] Reading #808: 424.3 cm | Risk: CRITICAL
[Sim Loop] Processing reading
[Broadcast] No active connections, skipping
[Simulator] Reading #809: 424.5 cm (rising)
[Flood Engine] Reading #809: 424.5 cm | Risk: CRITICAL
[Sim Loop] Processing reading
[Broadcast] No active connections, skipping
[Simulator] Reading #810: 424.9 cm (rising)
[Flood Engine] Reading #810: 424.9 cm | Risk: CRITICAL
[Sim Loop] Processing reading
[Broadcast] No active connections, skipping
[Simulator] Reading #811: 425.3 cm (rising)
[Flood Engine] Reading #811: 425.3 cm | Risk: CRITICAL
[Sim Loop] Processing reading
[Broadcast] No active connections, skipping
[Simulator] Reading #812: 426.0 cm (rising)
[Flood Engine] Reading #812: 426.0 cm | Risk: CRITICAL
[Sim Loop] Processing reading
[Broadcast] No active connections, skipping
[Simulator] Reading #813: 426.7 cm (rising)
[Flood Engine] Reading #813: 426.7 cm | Risk: CRITICAL
[Sim Loop] Processing reading
[Broadcast] No active connections, skipping
[Simulator] Reading #814: 426.9 cm (rising)
[Flood Engine] Reading #814: 426.9 cm | Risk: CRITICAL
[Sim Loop] Processing reading
[Broadcast] No active connections, skipping
[Simulator] Reading #815: 427.6 cm (rising)
[Flood Engine] Reading #815: 427.6 cm | Risk: CRITICAL
[Sim Loop] Processing reading
[Broadcast] No active connections, skipping
[Simulator] Reading #816: 428.2 cm (rising)
[Flood Engine] Reading #816: 428.2 cm | Risk: CRITICAL
[Sim Loop] Processing reading
[Broadcast] No active connections, skipping
[Simulator] Reading #817: 428.5 cm (rising)
[Flood Engine] Reading #817: 428.5 cm | Risk: CRITICAL
[Sim Loop] Processing reading
[Broadcast] No active connections, skipping
[Simulator] Reading #818: 428.8 cm (rising)
[Flood Engine] Reading #818: 428.8 cm | Risk: CRITICAL
[Sim Loop] Processing reading
[Broadcast] No active connections, skipping
[Simulator] Reading #819: 429.6 cm (rising)
[Flood Engine] Reading #819: 429.6 cm | Risk: CRITICAL
[Sim Loop] Processing reading
[Broadcast] No active connections, skipping
[Simulator] Reading #820: 430.1 cm (rising)
[Flood Engine] Reading #820: 430.1 cm | Risk: CRITICAL
[Sim Loop] Processing reading
[Broadcast] No active connections, skipping
[Simulator] Reading #821: 430.7 cm (rising)
[Flood Engine] Reading #821: 430.7 cm | Risk: CRITICAL
[Sim Loop] Processing reading
[Broadcast] No active connections, skipping
[Simulator] Reading #822: 430.9 cm (rising)
[Flood Engine] Reading #822: 430.9 cm | Risk: CRITICAL
[Sim Loop] Processing reading
[Broadcast] No active connections, skipping
[Simulator] Reading #823: 431.6 cm (rising)
[Flood Engine] Reading #823: 431.6 cm | Risk: CRITICAL
[Sim Loop] Processing reading
[Broadcast] No active connections, skipping
[Simulator] Reading #824: 432.1 cm (rising)
[Flood Engine] Reading #824: 432.1 cm | Risk: CRITICAL
[Sim Loop] Processing reading
[Broadcast] No active connections, skipping
[Simulator] Reading #825: 432.5 cm (rising)
[Flood Engine] Reading #825: 432.5 cm | Risk: CRITICAL
[Sim Loop] Processing reading
[Broadcast] No active connections, skipping
[Simulator] Reading #826: 433.1 cm (rising)
[Flood Engine] Reading #826: 433.1 cm | Risk: CRITICAL
[Sim Loop] Processing reading
[Broadcast] No active connections, skipping
[Simulator] Reading #827: 433.6 cm (rising)
[Flood Engine] Reading #827: 433.6 cm | Risk: CRITICAL
[Sim Loop] Processing reading
[Broadcast] No active connections, skipping
[Simulator] Reading #828: 433.7 cm (rising)
[Flood Engine] Reading #828: 433.7 cm | Risk: CRITICAL
[Sim Loop] Processing reading
[Broadcast] No active connections, skipping
[Simulator] Reading #829: 434.3 cm (rising)
[Flood Engine] Reading #829: 434.3 cm | Risk: CRITICAL
[Sim Loop] Processing reading
[Broadcast] No active connections, skipping
[Simulator] Reading #830: 435.1 cm (rising)
[Flood Engine] Reading #830: 435.1 cm | Risk: CRITICAL
[Sim Loop] Processing reading
[Broadcast] No active connections, skipping
[Simulator] Reading #831: 435.4 cm (rising)
[Flood Engine] Reading #831: 435.4 cm | Risk: CRITICAL
[Sim Loop] Processing reading
[Broadcast] No active connections, skipping
[Simulator] Reading #832: 436.1 cm (rising)
[Flood Engine] Reading #832: 436.1 cm | Risk: CRITICAL
[Sim Loop] Processing reading
[Broadcast] No active connections, skipping
[Simulator] Reading #833: 436.4 cm (rising)
[Flood Engine] Reading #833: 436.4 cm | Risk: CRITICAL
[Sim Loop] Processing reading
[Broadcast] No active connections, skipping
[Simulator] Reading #834: 436.9 cm (rising)
[Flood Engine] Reading #834: 436.9 cm | Risk: CRITICAL
[Sim Loop] Processing reading
[Broadcast] No active connections, skipping
[Simulator] Reading #835: 437.2 cm (rising)
[Flood Engine] Reading #835: 437.2 cm | Risk: CRITICAL
[Sim Loop] Processing reading
[Broadcast] No active connections, skipping
[Simulator] Reading #836: 438.0 cm (rising)
[Flood Engine] Reading #836: 438.0 cm | Risk: CRITICAL
[Sim Loop] Processing reading
[Broadcast] No active connections, skipping
[Simulator] Reading #837: 438.2 cm (rising)
[Flood Engine] Reading #837: 438.2 cm | Risk: CRITICAL
[Sim Loop] Processing reading
[Broadcast] No active connections, skipping
[Simulator] Reading #838: 439.2 cm (rising)
[Flood Engine] Reading #838: 439.2 cm | Risk: CRITICAL
[Sim Loop] Processing reading
[Broadcast] No active connections, skipping
[Simulator] Reading #839: 439.6 cm (rising)
[Flood Engine] Reading #839: 439.6 cm | Risk: CRITICAL
[Sim Loop] Processing reading
[Broadcast] No active connections, skipping
[Simulator] Reading #840: 440.0 cm (rising)
[Flood Engine] Reading #840: 440.0 cm | Risk: CRITICAL
[Sim Loop] Processing reading
[Broadcast] No active connections, skipping
[Simulator] Reading #841: 440.4 cm (rising)
[Flood Engine] Reading #841: 440.4 cm | Risk: CRITICAL
[Sim Loop] Processing reading
[Broadcast] No active connections, skipping
[Simulator] Reading #842: 440.7 cm (rising)
[Flood Engine] Reading #842: 440.7 cm | Risk: CRITICAL
[Sim Loop] Processing reading
[Broadcast] No active connections, skipping
[Simulator] Reading #843: 441.7 cm (rising)
[Flood Engine] Reading #843: 441.7 cm | Risk: CRITICAL
[Sim Loop] Processing reading
[Broadcast] No active connections, skipping
[Simulator] Reading #844: 442.0 cm (rising)
[Flood Engine] Reading #844: 442.0 cm | Risk: CRITICAL
[Sim Loop] Processing reading
[Broadcast] No active connections, skipping
[Simulator] Reading #845: 442.6 cm (rising)
[Flood Engine] Reading #845: 442.6 cm | Risk: CRITICAL
[Sim Loop] Processing reading
[Broadcast] No active connections, skipping
[Simulator] Reading #846: 442.9 cm (rising)
[Flood Engine] Reading #846: 442.9 cm | Risk: CRITICAL
[Sim Loop] Processing reading
[Broadcast] No active connections, skipping
[Simulator] Reading #847: 443.4 cm (rising)
[Flood Engine] Reading #847: 443.4 cm | Risk: CRITICAL
[Sim Loop] Processing reading
[Broadcast] No active connections, skipping
[Simulator] Reading #848: 444.2 cm (rising)
[Flood Engine] Reading #848: 444.2 cm | Risk: CRITICAL
[Sim Loop] Processing reading
[Broadcast] No active connections, skipping
[Simulator] Reading #849: 444.6 cm (rising)
[Flood Engine] Reading #849: 444.6 cm | Risk: CRITICAL
[Sim Loop] Processing reading
[Broadcast] No active connections, skipping
[Simulator] Reading #850: 445.0 cm (rising)
[Flood Engine] Reading #850: 445.0 cm | Risk: CRITICAL
[Sim Loop] Processing reading
[Broadcast] No active connections, skipping
[Simulator] Reading #851: 445.4 cm (rising)
[Flood Engine] Reading #851: 445.4 cm | Risk: CRITICAL
[Sim Loop] Processing reading
[Broadcast] No active connections, skipping
[Simulator] Reading #852: 446.2 cm (rising)
[Flood Engine] Reading #852: 446.2 cm | Risk: CRITICAL
[Sim Loop] Processing reading
[Broadcast] No active connections, skipping
[Simulator] Reading #853: 446.7 cm (rising)
[Flood Engine] Reading #853: 446.7 cm | Risk: CRITICAL
[Sim Loop] Processing reading
[Broadcast] No active connections, skipping
[Simulator] Reading #854: 446.9 cm (rising)
[Flood Engine] Reading #854: 446.9 cm | Risk: CRITICAL
[Sim Loop] Processing reading
[Broadcast] No active connections, skipping
[Simulator] Reading #855: 447.5 cm (rising)
[Flood Engine] Reading #855: 447.5 cm | Risk: CRITICAL
[Sim Loop] Processing reading
[Broadcast] No active connections, skipping
[Simulator] Reading #856: 448.2 cm (rising)
[Flood Engine] Reading #856: 448.2 cm | Risk: CRITICAL
[Sim Loop] Processing reading
[Broadcast] No active connections, skipping
[Simulator] Reading #857: 448.4 cm (rising)
[Flood Engine] Reading #857: 448.4 cm | Risk: CRITICAL
[Sim Loop] Processing reading
[Broadcast] No active connections, skipping
[Simulator] Reading #858: 448.8 cm (rising)
[Flood Engine] Reading #858: 448.8 cm | Risk: CRITICAL
[Sim Loop] Processing reading
[Broadcast] No active connections, skipping
[Simulator] Reading #859: 449.3 cm (rising)
[Flood Engine] Reading #859: 449.3 cm | Risk: CRITICAL
[Sim Loop] Processing reading
[Broadcast] No active connections, skipping
[Simulator] Reading #860: 450.0 cm (rising)
[Flood Engine] Reading #860: 450.0 cm | Risk: CRITICAL
[Sim Loop] Processing reading
[Broadcast] No active connections, skipping
[Simulator] Reading #861: 450.4 cm (rising)
[Flood Engine] Reading #861: 450.4 cm | Risk: CRITICAL
[Sim Loop] Processing reading
[Broadcast] No active connections, skipping
[Simulator] Reading #862: 450.8 cm (rising)
[Flood Engine] Reading #862: 450.8 cm | Risk: CRITICAL
[Sim Loop] Processing reading
[Broadcast] No active connections, skipping
[Simulator] Reading #863: 451.6 cm (rising)
[Flood Engine] Reading #863: 451.6 cm | Risk: CRITICAL
[Sim Loop] Processing reading
[Broadcast] No active connections, skipping
[Simulator] Reading #864: 452.1 cm (rising)
[Flood Engine] Reading #864: 452.1 cm | Risk: CRITICAL
[Sim Loop] Processing reading
[Broadcast] No active connections, skipping
[Simulator] Reading #865: 452.7 cm (rising)
[Flood Engine] Reading #865: 452.7 cm | Risk: CRITICAL
[Sim Loop] Processing reading
[Broadcast] No active connections, skipping
[Simulator] Reading #866: 453.2 cm (rising)
[Flood Engine] Reading #866: 453.2 cm | Risk: CRITICAL
[Sim Loop] Processing reading
[Broadcast] No active connections, skipping
[Simulator] Reading #867: 453.2 cm (rising)
[Flood Engine] Reading #867: 453.2 cm | Risk: CRITICAL
[Sim Loop] Processing reading
[Broadcast] No active connections, skipping
[Simulator] Reading #868: 454.0 cm (rising)
[Flood Engine] Reading #868: 454.0 cm | Risk: CRITICAL
[Sim Loop] Processing reading
[Broadcast] No active connections, skipping
[Simulator] Reading #869: 454.3 cm (rising)
[Flood Engine] Reading #869: 454.3 cm | Risk: CRITICAL
[Sim Loop] Processing reading
[Broadcast] No active connections, skipping
[Simulator] Reading #870: 454.9 cm (rising)
[Flood Engine] Reading #870: 454.9 cm | Risk: CRITICAL
[Sim Loop] Processing reading
[Broadcast] No active connections, skipping
[Simulator] Reading #871: 455.7 cm (rising)
[Flood Engine] Reading #871: 455.7 cm | Risk: CRITICAL
[Sim Loop] Processing reading
[Broadcast] No active connections, skipping
[Simulator] Reading #872: 455.9 cm (rising)
[Flood Engine] Reading #872: 455.9 cm | Risk: CRITICAL
[Sim Loop] Processing reading
[Broadcast] No active connections, skipping
[Simulator] Reading #873: 456.4 cm (rising)
[Flood Engine] Reading #873: 456.4 cm | Risk: CRITICAL
[Sim Loop] Processing reading
[Broadcast] No active connections, skipping
[Simulator] Reading #874: 456.8 cm (rising)
[Flood Engine] Reading #874: 456.8 cm | Risk: CRITICAL
[Sim Loop] Processing reading
[Broadcast] No active connections, skipping
[Simulator] Reading #875: 457.6 cm (rising)
[Flood Engine] Reading #875: 457.6 cm | Risk: CRITICAL
[Sim Loop] Processing reading
[Broadcast] No active connections, skipping
[Simulator] Reading #876: 458.1 cm (rising)
[Flood Engine] Reading #876: 458.1 cm | Risk: CRITICAL
[Sim Loop] Processing reading
[Broadcast] No active connections, skipping
[Simulator] Reading #877: 458.5 cm (rising)
[Flood Engine] Reading #877: 458.5 cm | Risk: CRITICAL
[Sim Loop] Processing reading
[Broadcast] No active connections, skipping
[Simulator] Reading #878: 458.9 cm (rising)
[Flood Engine] Reading #878: 458.9 cm | Risk: CRITICAL
[Sim Loop] Processing reading
[Broadcast] No active connections, skipping
[Simulator] Reading #879: 459.6 cm (rising)
[Flood Engine] Reading #879: 459.6 cm | Risk: CRITICAL
[Sim Loop] Processing reading
[Broadcast] No active connections, skipping
[Simulator] Reading #880: 459.8 cm (rising)
[Flood Engine] Reading #880: 459.8 cm | Risk: CRITICAL
[Sim Loop] Processing reading
[Broadcast] No active connections, skipping
[Simulator] Reading #881: 460.2 cm (rising)
[Flood Engine] Reading #881: 460.2 cm | Risk: CRITICAL
[Sim Loop] Processing reading
[Broadcast] No active connections, skipping
[Simulator] Reading #882: 461.3 cm (rising)
[Flood Engine] Reading #882: 461.3 cm | Risk: CRITICAL
[Sim Loop] Processing reading
[Broadcast] No active connections, skipping
[Simulator] Reading #883: 461.4 cm (rising)
[Flood Engine] Reading #883: 461.4 cm | Risk: CRITICAL
[Sim Loop] Processing reading
[Broadcast] No active connections, skipping
[Simulator] Reading #884: 462.2 cm (rising)
[Flood Engine] Reading #884: 462.2 cm | Risk: CRITICAL
[Sim Loop] Processing reading
[Broadcast] No active connections, skipping
[Simulator] Reading #885: 462.6 cm (rising)
[Flood Engine] Reading #885: 462.6 cm | Risk: CRITICAL
[Sim Loop] Processing reading
[Broadcast] No active connections, skipping
[Simulator] Reading #886: 463.1 cm (rising)
[Flood Engine] Reading #886: 463.1 cm | Risk: CRITICAL
[Sim Loop] Processing reading
[Broadcast] No active connections, skipping
[Simulator] Reading #887: 463.6 cm (rising)
[Flood Engine] Reading #887: 463.6 cm | Risk: CRITICAL
[Sim Loop] Processing reading
[Broadcast] No active connections, skipping
[Simulator] Reading #888: 464.0 cm (rising)
[Flood Engine] Reading #888: 464.0 cm | Risk: CRITICAL
[Sim Loop] Processing reading
[Broadcast] No active connections, skipping
[Simulator] Reading #889: 464.7 cm (rising)
[Flood Engine] Reading #889: 464.7 cm | Risk: CRITICAL
[Sim Loop] Processing reading
[Broadcast] No active connections, skipping
[Simulator] Reading #890: 465.0 cm (rising)
[Flood Engine] Reading #890: 465.0 cm | Risk: CRITICAL
[Sim Loop] Processing reading
[Broadcast] No active connections, skipping
[Simulator] Reading #891: 465.5 cm (rising)
[Flood Engine] Reading #891: 465.5 cm | Risk: CRITICAL
[Sim Loop] Processing reading
[Broadcast] No active connections, skipping
[Simulator] Reading #892: 466.2 cm (rising)
[Flood Engine] Reading #892: 466.2 cm | Risk: CRITICAL
[Sim Loop] Processing reading
[Broadcast] No active connections, skipping
[Simulator] Reading #893: 466.5 cm (rising)
[Flood Engine] Reading #893: 466.5 cm | Risk: CRITICAL
[Sim Loop] Processing reading
[Broadcast] No active connections, skipping
[Simulator] Reading #894: 466.9 cm (rising)
[Flood Engine] Reading #894: 466.9 cm | Risk: CRITICAL
[Sim Loop] Processing reading
[Broadcast] No active connections, skipping
[Simulator] Reading #895: 467.4 cm (rising)
[Flood Engine] Reading #895: 467.4 cm | Risk: CRITICAL
[Sim Loop] Processing reading
[Broadcast] No active connections, skipping
[Simulator] Reading #896: 468.2 cm (rising)
[Flood Engine] Reading #896: 468.2 cm | Risk: CRITICAL
[Sim Loop] Processing reading
[Broadcast] No active connections, skipping
[Simulator] Reading #897: 468.3 cm (rising)
[Flood Engine] Reading #897: 468.3 cm | Risk: CRITICAL
[Sim Loop] Processing reading
[Broadcast] No active connections, skipping
[Simulator] Reading #898: 468.9 cm (rising)
[Flood Engine] Reading #898: 468.9 cm | Risk: CRITICAL
[Sim Loop] Processing reading
[Broadcast] No active connections, skipping
[Simulator] Reading #899: 469.5 cm (rising)
[Flood Engine] Reading #899: 469.5 cm | Risk: CRITICAL
[Sim Loop] Processing reading
[Broadcast] No active connections, skipping
[Simulator] Reading #900: 469.7 cm (rising)
[Flood Engine] Reading #900: 469.7 cm | Risk: CRITICAL
[Sim Loop] Processing reading
[Broadcast] No active connections, skipping
[Simulator] Reading #901: 470.6 cm (rising)
[Flood Engine] Reading #901: 470.6 cm | Risk: CRITICAL
[Sim Loop] Processing reading
[Broadcast] No active connections, skipping
[Simulator] Reading #902: 471.1 cm (rising)
[Flood Engine] Reading #902: 471.1 cm | Risk: CRITICAL
[Sim Loop] Processing reading
[Broadcast] No active connections, skipping
[Simulator] Reading #903: 471.5 cm (rising)
[Flood Engine] Reading #903: 471.5 cm | Risk: CRITICAL
[Sim Loop] Processing reading
[Broadcast] No active connections, skipping
[Simulator] Reading #904: 472.2 cm (rising)
[Flood Engine] Reading #904: 472.2 cm | Risk: CRITICAL
[Sim Loop] Processing reading
[Broadcast] No active connections, skipping
[Simulator] Reading #905: 472.4 cm (rising)
[Flood Engine] Reading #905: 472.4 cm | Risk: CRITICAL
[Sim Loop] Processing reading
[Broadcast] No active connections, skipping
[Simulator] Reading #906: 473.0 cm (rising)
[Flood Engine] Reading #906: 473.0 cm | Risk: CRITICAL
[Sim Loop] Processing reading
[Broadcast] No active connections, skipping
[Simulator] Reading #907: 473.4 cm (rising)
[Flood Engine] Reading #907: 473.4 cm | Risk: CRITICAL
[Sim Loop] Processing reading
[Broadcast] No active connections, skipping
[Simulator] Reading #908: 473.7 cm (rising)
[Flood Engine] Reading #908: 473.7 cm | Risk: CRITICAL
[Sim Loop] Processing reading
[Broadcast] No active connections, skipping
[Simulator] Reading #909: 474.3 cm (rising)
[Flood Engine] Reading #909: 474.3 cm | Risk: CRITICAL
[Sim Loop] Processing reading
[Broadcast] No active connections, skipping
[Simulator] Reading #910: 474.8 cm (rising)
[Flood Engine] Reading #910: 474.8 cm | Risk: CRITICAL
[Sim Loop] Processing reading
[Broadcast] No active connections, skipping
[Simulator] Reading #911: 475.5 cm (rising)
[Flood Engine] Reading #911: 475.5 cm | Risk: CRITICAL
[Sim Loop] Processing reading
[Broadcast] No active connections, skipping
[Simulator] Reading #912: 476.2 cm (rising)
[Flood Engine] Reading #912: 476.2 cm | Risk: CRITICAL
[Sim Loop] Processing reading
[Broadcast] No active connections, skipping
[Simulator] Reading #913: 476.3 cm (rising)
[Flood Engine] Reading #913: 476.3 cm | Risk: CRITICAL
[Sim Loop] Processing reading
[Broadcast] No active connections, skipping
[Simulator] Reading #914: 476.9 cm (rising)
[Flood Engine] Reading #914: 476.9 cm | Risk: CRITICAL
[Sim Loop] Processing reading
[Broadcast] No active connections, skipping
[Simulator] Reading #915: 477.2 cm (rising)
[Flood Engine] Reading #915: 477.2 cm | Risk: CRITICAL
[Sim Loop] Processing reading
[Broadcast] No active connections, skipping
[Simulator] Reading #916: 478.0 cm (rising)
[Flood Engine] Reading #916: 478.0 cm | Risk: CRITICAL
[Sim Loop] Processing reading
[Broadcast] No active connections, skipping
[Simulator] Reading #917: 478.5 cm (rising)
[Flood Engine] Reading #917: 478.5 cm | Risk: CRITICAL
[Sim Loop] Processing reading
[Broadcast] No active connections, skipping
[Simulator] Reading #918: 478.8 cm (rising)
[Flood Engine] Reading #918: 478.8 cm | Risk: CRITICAL
[Sim Loop] Processing reading
[Broadcast] No active connections, skipping
[Simulator] Reading #919: 479.7 cm (rising)
[Flood Engine] Reading #919: 479.7 cm | Risk: CRITICAL
[Sim Loop] Processing reading
[Broadcast] No active connections, skipping
[Simulator] Reading #920: 480.2 cm (rising)
[Flood Engine] Reading #920: 480.2 cm | Risk: CRITICAL
[Sim Loop] Processing reading
[Broadcast] No active connections, skipping
[Simulator] Reading #921: 480.2 cm (rising)
[Flood Engine] Reading #921: 480.2 cm | Risk: CRITICAL
[Sim Loop] Processing reading
[Broadcast] No active connections, skipping
[Simulator] Reading #922: 481.0 cm (rising)
[Flood Engine] Reading #922: 481.0 cm | Risk: CRITICAL
[Sim Loop] Processing reading
[Broadcast] No active connections, skipping
[Simulator] Reading #923: 481.7 cm (rising)
[Flood Engine] Reading #923: 481.7 cm | Risk: CRITICAL
[Sim Loop] Processing reading
[Broadcast] No active connections, skipping
[Simulator] Reading #924: 482.0 cm (rising)
[Flood Engine] Reading #924: 482.0 cm | Risk: CRITICAL
[Sim Loop] Processing reading
[Broadcast] No active connections, skipping
[Simulator] Reading #925: 482.3 cm (rising)
[Flood Engine] Reading #925: 482.3 cm | Risk: CRITICAL
[Sim Loop] Processing reading
[Broadcast] No active connections, skipping
[Simulator] Reading #926: 483.3 cm (rising)
[Flood Engine] Reading #926: 483.3 cm | Risk: CRITICAL
[Sim Loop] Processing reading
[Broadcast] No active connections, skipping
[Simulator] Reading #927: 483.3 cm (rising)
[Flood Engine] Reading #927: 483.3 cm | Risk: CRITICAL
[Sim Loop] Processing reading
[Broadcast] No active connections, skipping
[Simulator] Reading #928: 484.0 cm (rising)
[Flood Engine] Reading #928: 484.0 cm | Risk: CRITICAL
[Sim Loop] Processing reading
[Broadcast] No active connections, skipping
[Simulator] Reading #929: 484.7 cm (rising)
[Flood Engine] Reading #929: 484.7 cm | Risk: CRITICAL
[Sim Loop] Processing reading
[Broadcast] No active connections, skipping
[Simulator] Reading #930: 485.0 cm (rising)
[Flood Engine] Reading #930: 485.0 cm | Risk: CRITICAL
[Sim Loop] Processing reading
[Broadcast] No active connections, skipping
[Simulator] Reading #931: 485.7 cm (rising)
[Flood Engine] Reading #931: 485.7 cm | Risk: CRITICAL
[Sim Loop] Processing reading
[Broadcast] No active connections, skipping
[Simulator] Reading #932: 486.1 cm (rising)
[Flood Engine] Reading #932: 486.1 cm | Risk: CRITICAL
[Sim Loop] Processing reading
[Broadcast] No active connections, skipping
[Simulator] Reading #933: 486.4 cm (rising)
[Flood Engine] Reading #933: 486.4 cm | Risk: CRITICAL
[Sim Loop] Processing reading
[Broadcast] No active connections, skipping
[Simulator] Reading #934: 486.7 cm (rising)
[Flood Engine] Reading #934: 486.7 cm | Risk: CRITICAL
[Sim Loop] Processing reading
[Broadcast] No active connections, skipping
[Simulator] Reading #935: 487.2 cm (rising)
[Flood Engine] Reading #935: 487.2 cm | Risk: CRITICAL
[Sim Loop] Processing reading
[Broadcast] No active connections, skipping
[Simulator] Reading #936: 488.1 cm (rising)
[Flood Engine] Reading #936: 488.1 cm | Risk: CRITICAL
[Sim Loop] Processing reading
[Broadcast] No active connections, skipping
[Simulator] Reading #937: 488.5 cm (rising)
[Flood Engine] Reading #937: 488.5 cm | Risk: CRITICAL
[Sim Loop] Processing reading
[Broadcast] No active connections, skipping
[Simulator] Reading #938: 489.3 cm (rising)
[Flood Engine] Reading #938: 489.3 cm | Risk: CRITICAL
[Sim Loop] Processing reading
[Broadcast] No active connections, skipping
[Simulator] Reading #939: 489.8 cm (rising)
[Flood Engine] Reading #939: 489.8 cm | Risk: CRITICAL
[Sim Loop] Processing reading
[Broadcast] No active connections, skipping
[Simulator] Reading #940: 490.1 cm (rising)
[Flood Engine] Reading #940: 490.1 cm | Risk: CRITICAL
[Sim Loop] Processing reading
[Broadcast] No active connections, skipping
[Simulator] Reading #941: 490.3 cm (rising)
[Flood Engine] Reading #941: 490.3 cm | Risk: CRITICAL
[Sim Loop] Processing reading
[Broadcast] No active connections, skipping
[Simulator] Reading #942: 491.2 cm (rising)
[Flood Engine] Reading #942: 491.2 cm | Risk: CRITICAL
[Sim Loop] Processing reading
[Broadcast] No active connections, skipping
[Simulator] Reading #943: 491.4 cm (rising)
[Flood Engine] Reading #943: 491.4 cm | Risk: CRITICAL
[Sim Loop] Processing reading
[Broadcast] No active connections, skipping
[Simulator] Reading #944: 492.2 cm (rising)
[Flood Engine] Reading #944: 492.2 cm | Risk: CRITICAL
[Sim Loop] Processing reading
[Broadcast] No active connections, skipping
[Simulator] Reading #945: 492.7 cm (rising)
[Flood Engine] Reading #945: 492.7 cm | Risk: CRITICAL
[Sim Loop] Processing reading
[Broadcast] No active connections, skipping
[Simulator] Reading #946: 492.8 cm (rising)
[Flood Engine] Reading #946: 492.8 cm | Risk: CRITICAL
[Sim Loop] Processing reading
[Broadcast] No active connections, skipping
[Simulator] Reading #947: 493.6 cm (rising)
[Flood Engine] Reading #947: 493.6 cm | Risk: CRITICAL
[Sim Loop] Processing reading
[Broadcast] No active connections, skipping
[Simulator] Reading #948: 494.2 cm (rising)
[Flood Engine] Reading #948: 494.2 cm | Risk: CRITICAL
[Sim Loop] Processing reading
[Broadcast] No active connections, skipping
[Simulator] Reading #949: 494.7 cm (rising)
[Flood Engine] Reading #949: 494.7 cm | Risk: CRITICAL
[Sim Loop] Processing reading
[Broadcast] No active connections, skipping
[Simulator] Reading #950: 494.9 cm (rising)
[Flood Engine] Reading #950: 494.9 cm | Risk: CRITICAL
[Sim Loop] Processing reading
[Broadcast] No active connections, skipping
[Simulator] Reading #951: 495.8 cm (rising)
[Flood Engine] Reading #951: 495.8 cm | Risk: CRITICAL
[Sim Loop] Processing reading
[Broadcast] No active connections, skipping
[Simulator] Reading #952: 495.9 cm (rising)
[Flood Engine] Reading #952: 495.9 cm | Risk: CRITICAL
[Sim Loop] Processing reading
[Broadcast] No active connections, skipping
[Simulator] Reading #953: 496.3 cm (rising)
[Flood Engine] Reading #953: 496.3 cm | Risk: CRITICAL
[Sim Loop] Processing reading
[Broadcast] No active connections, skipping
[Simulator] Reading #954: 497.2 cm (rising)
[Flood Engine] Reading #954: 497.2 cm | Risk: CRITICAL
[Sim Loop] Processing reading
[Broadcast] No active connections, skipping
[Simulator] Reading #955: 497.6 cm (rising)
[Flood Engine] Reading #955: 497.6 cm | Risk: CRITICAL
[Sim Loop] Processing reading
[Broadcast] No active connections, skipping
[Simulator] Reading #956: 498.1 cm (rising)
[Flood Engine] Reading #956: 498.1 cm | Risk: CRITICAL
[Sim Loop] Processing reading
[Broadcast] No active connections, skipping
[Simulator] Reading #957: 498.7 cm (rising)
[Flood Engine] Reading #957: 498.7 cm | Risk: CRITICAL
[Sim Loop] Processing reading
[Broadcast] No active connections, skipping
[Simulator] Reading #958: 499.2 cm (rising)
[Flood Engine] Reading #958: 499.2 cm | Risk: CRITICAL
[Sim Loop] Processing reading
[Broadcast] No active connections, skipping
[Simulator] Reading #959: 499.3 cm (rising)
[Flood Engine] Reading #959: 499.3 cm | Risk: CRITICAL
[Sim Loop] Processing reading
[Broadcast] No active connections, skipping
[Simulator] Reading #960: 499.9 cm (rising)
[Flood Engine] Reading #960: 499.9 cm | Risk: CRITICAL
[Sim Loop] Processing reading
[Broadcast] No active connections, skipping
[Simulator] Reading #961: 500.7 cm (rising)
[Flood Engine] Reading #961: 500.7 cm | Risk: CRITICAL
[Sim Loop] Processing reading
[Broadcast] No active connections, skipping
[Simulator] Reading #962: 501.3 cm (rising)
[Flood Engine] Reading #962: 501.3 cm | Risk: CRITICAL
[Sim Loop] Processing reading
[Broadcast] No active connections, skipping
[Simulator] Reading #963: 501.4 cm (rising)
[Flood Engine] Reading #963: 501.4 cm | Risk: CRITICAL
[Sim Loop] Processing reading
[Broadcast] No active connections, skipping
[Simulator] Reading #964: 502.2 cm (rising)
[Flood Engine] Reading #964: 502.2 cm | Risk: CRITICAL
[Sim Loop] Processing reading
[Broadcast] No active connections, skipping
[Simulator] Reading #965: 502.6 cm (rising)
[Flood Engine] Reading #965: 502.6 cm | Risk: CRITICAL
[Sim Loop] Processing reading
[Broadcast] No active connections, skipping
[Simulator] Reading #966: 502.8 cm (rising)
[Flood Engine] Reading #966: 502.8 cm | Risk: CRITICAL
[Sim Loop] Processing reading
[Broadcast] No active connections, skipping
[Simulator] Reading #967: 503.6 cm (rising)
[Flood Engine] Reading #967: 503.6 cm | Risk: CRITICAL
[Sim Loop] Processing reading
[Broadcast] No active connections, skipping
[Simulator] Reading #968: 504.2 cm (rising)
[Flood Engine] Reading #968: 504.2 cm | Risk: CRITICAL
[Sim Loop] Processing reading
[Broadcast] No active connections, skipping
[Simulator] Reading #969: 504.7 cm (rising)
[Flood Engine] Reading #969: 504.7 cm | Risk: CRITICAL
[Sim Loop] Processing reading
[Broadcast] No active connections, skipping
[Simulator] Reading #970: 505.2 cm (rising)
[Flood Engine] Reading #970: 505.2 cm | Risk: CRITICAL
[Sim Loop] Processing reading
[Broadcast] No active connections, skipping
[Simulator] Reading #971: 505.6 cm (rising)
[Flood Engine] Reading #971: 505.6 cm | Risk: CRITICAL
[Sim Loop] Processing reading
[Broadcast] No active connections, skipping
[Simulator] Reading #972: 505.8 cm (rising)
[Flood Engine] Reading #972: 505.8 cm | Risk: CRITICAL
[Sim Loop] Processing reading
[Broadcast] No active connections, skipping
[Simulator] Reading #973: 506.4 cm (rising)
[Flood Engine] Reading #973: 506.4 cm | Risk: CRITICAL
[Sim Loop] Processing reading
[Broadcast] No active connections, skipping
[Simulator] Reading #974: 506.9 cm (rising)
[Flood Engine] Reading #974: 506.9 cm | Risk: CRITICAL
[Sim Loop] Processing reading
[Broadcast] No active connections, skipping
[Simulator] Reading #975: 507.5 cm (rising)
[Flood Engine] Reading #975: 507.5 cm | Risk: CRITICAL
[Sim Loop] Processing reading
[Broadcast] No active connections, skipping
[Simulator] Reading #976: 507.8 cm (rising)
[Flood Engine] Reading #976: 507.8 cm | Risk: CRITICAL
[Sim Loop] Processing reading
[Broadcast] No active connections, skipping
[Simulator] Reading #977: 508.3 cm (rising)
[Flood Engine] Reading #977: 508.3 cm | Risk: CRITICAL
[Sim Loop] Processing reading
[Broadcast] No active connections, skipping
[Simulator] Reading #978: 509.2 cm (rising)
[Flood Engine] Reading #978: 509.2 cm | Risk: CRITICAL
[Sim Loop] Processing reading
[Broadcast] No active connections, skipping
[Simulator] Reading #979: 509.7 cm (rising)
[Flood Engine] Reading #979: 509.7 cm | Risk: CRITICAL
[Sim Loop] Processing reading
[Broadcast] No active connections, skipping
[Simulator] Reading #980: 510.2 cm (rising)
[Flood Engine] Reading #980: 510.2 cm | Risk: CRITICAL
[Sim Loop] Processing reading
[Broadcast] No active connections, skipping
[Simulator] Reading #981: 510.5 cm (rising)
[Flood Engine] Reading #981: 510.5 cm | Risk: CRITICAL
[Sim Loop] Processing reading
[Broadcast] No active connections, skipping
[Simulator] Reading #982: 510.8 cm (rising)
[Flood Engine] Reading #982: 510.8 cm | Risk: CRITICAL
[Sim Loop] Processing reading
[Broadcast] No active connections, skipping
[Simulator] Reading #983: 511.5 cm (rising)
[Flood Engine] Reading #983: 511.5 cm | Risk: CRITICAL
[Sim Loop] Processing reading
[Broadcast] No active connections, skipping
[Simulator] Reading #984: 512.3 cm (rising)
[Flood Engine] Reading #984: 512.3 cm | Risk: CRITICAL
[Sim Loop] Processing reading
[Broadcast] No active connections, skipping
[Simulator] Reading #985: 512.8 cm (rising)
[Flood Engine] Reading #985: 512.8 cm | Risk: CRITICAL
[Sim Loop] Processing reading
[Broadcast] No active connections, skipping
[Simulator] Reading #986: 512.8 cm (rising)
[Flood Engine] Reading #986: 512.8 cm | Risk: CRITICAL
[Sim Loop] Processing reading
[Broadcast] No active connections, skipping
[Simulator] Reading #987: 513.4 cm (rising)
[Flood Engine] Reading #987: 513.4 cm | Risk: CRITICAL
[Sim Loop] Processing reading
[Broadcast] No active connections, skipping
[Simulator] Reading #988: 513.7 cm (rising)
[Flood Engine] Reading #988: 513.7 cm | Risk: CRITICAL
[Sim Loop] Processing reading
[Broadcast] No active connections, skipping
[Simulator] Reading #989: 514.3 cm (rising)
[Flood Engine] Reading #989: 514.3 cm | Risk: CRITICAL
[Sim Loop] Processing reading
[Broadcast] No active connections, skipping
[Simulator] Reading #990: 514.9 cm (rising)
[Flood Engine] Reading #990: 514.9 cm | Risk: CRITICAL
[Sim Loop] Processing reading
[Broadcast] No active connections, skipping
[Simulator] Reading #991: 515.4 cm (rising)
[Flood Engine] Reading #991: 515.4 cm | Risk: CRITICAL
[Sim Loop] Processing reading
[Broadcast] No active connections, skipping
[Simulator] Reading #992: 515.7 cm (rising)
[Flood Engine] Reading #992: 515.7 cm | Risk: CRITICAL
[Sim Loop] Processing reading
[Broadcast] No active connections, skipping
[Simulator] Reading #993: 516.6 cm (rising)
[Flood Engine] Reading #993: 516.6 cm | Risk: CRITICAL
[Sim Loop] Processing reading
[Broadcast] No active connections, skipping
[Simulator] Reading #994: 517.1 cm (rising)
[Flood Engine] Reading #994: 517.1 cm | Risk: CRITICAL
[Sim Loop] Processing reading
[Broadcast] No active connections, skipping
[Simulator] Reading #995: 517.3 cm (rising)
[Flood Engine] Reading #995: 517.3 cm | Risk: CRITICAL
[Sim Loop] Processing reading
[Broadcast] No active connections, skipping
[Simulator] Reading #996: 517.8 cm (rising)
[Flood Engine] Reading #996: 517.8 cm | Risk: CRITICAL
[Sim Loop] Processing reading
[Broadcast] No active connections, skipping
[Simulator] Reading #997: 518.3 cm (rising)
[Flood Engine] Reading #997: 518.3 cm | Risk: CRITICAL
[Sim Loop] Processing reading
[Broadcast] No active connections, skipping
[Simulator] Reading #998: 519.0 cm (rising)
[Flood Engine] Reading #998: 519.0 cm | Risk: CRITICAL
[Sim Loop] Processing reading
[Broadcast] No active connections, skipping
[Simulator] Reading #999: 519.4 cm (rising)
[Flood Engine] Reading #999: 519.4 cm | Risk: CRITICAL
[Sim Loop] Processing reading
[Broadcast] No active connections, skipping
[Simulator] Reading #1000: 520.0 cm (rising)
[Flood Engine] Reading #1000: 520.0 cm | Risk: CRITICAL
[Sim Loop] Processing reading
[Broadcast] No active connections, skipping
[Simulator] Reading #1001: 520.6 cm (rising)
[Flood Engine] Reading #1001: 520.6 cm | Risk: CRITICAL
[Sim Loop] Processing reading
[Broadcast] No active connections, skipping
[Simulator] Reading #1002: 521.2 cm (rising)
[Flood Engine] Reading #1002: 521.2 cm | Risk: CRITICAL
[Sim Loop] Processing reading
[Broadcast] No active connections, skipping
[Simulator] Reading #1003: 521.7 cm (rising)
[Flood Engine] Reading #1003: 521.7 cm | Risk: CRITICAL
[Sim Loop] Processing reading
[Broadcast] No active connections, skipping
[Simulator] Reading #1004: 522.1 cm (rising)
[Flood Engine] Reading #1004: 522.1 cm | Risk: CRITICAL
[Sim Loop] Processing reading
[Broadcast] No active connections, skipping
[Simulator] Reading #1005: 522.5 cm (rising)
[Flood Engine] Reading #1005: 522.5 cm | Risk: CRITICAL
[Sim Loop] Processing reading
[Broadcast] No active connections, skipping
[Simulator] Reading #1006: 523.1 cm (rising)
[Flood Engine] Reading #1006: 523.1 cm | Risk: CRITICAL
[Sim Loop] Processing reading
[Broadcast] No active connections, skipping
[Simulator] Reading #1007: 523.3 cm (rising)
[Flood Engine] Reading #1007: 523.3 cm | Risk: CRITICAL
[Sim Loop] Processing reading
[Broadcast] No active connections, skipping
[Simulator] Reading #1008: 524.2 cm (rising)
[Flood Engine] Reading #1008: 524.2 cm | Risk: CRITICAL
[Sim Loop] Processing reading
[Broadcast] No active connections, skipping
[Simulator] Reading #1009: 524.4 cm (rising)
[Flood Engine] Reading #1009: 524.4 cm | Risk: CRITICAL
[Sim Loop] Processing reading
[Broadcast] No active connections, skipping
[Simulator] Reading #1010: 525.3 cm (rising)
[Flood Engine] Reading #1010: 525.3 cm | Risk: CRITICAL
[Sim Loop] Processing reading
[Broadcast] No active connections, skipping
[Simulator] Reading #1011: 525.7 cm (rising)
[Flood Engine] Reading #1011: 525.7 cm | Risk: CRITICAL
[Sim Loop] Processing reading
[Broadcast] No active connections, skipping
[Simulator] Reading #1012: 526.1 cm (rising)
[Flood Engine] Reading #1012: 526.1 cm | Risk: CRITICAL
[Sim Loop] Processing reading
[Broadcast] No active connections, skipping
[Simulator] Reading #1013: 526.6 cm (rising)
[Flood Engine] Reading #1013: 526.6 cm | Risk: CRITICAL
[Sim Loop] Processing reading
[Broadcast] No active connections, skipping
[Simulator] Reading #1014: 527.1 cm (rising)
[Flood Engine] Reading #1014: 527.1 cm | Risk: CRITICAL
[Sim Loop] Processing reading
[Broadcast] No active connections, skipping
[Simulator] Reading #1015: 527.2 cm (rising)
[Flood Engine] Reading #1015: 527.2 cm | Risk: CRITICAL
[Sim Loop] Processing reading
[Broadcast] No active connections, skipping
[Simulator] Reading #1016: 528.2 cm (rising)
[Flood Engine] Reading #1016: 528.2 cm | Risk: CRITICAL
[Sim Loop] Processing reading
[Broadcast] No active connections, skipping
[Simulator] Reading #1017: 528.8 cm (rising)
[Flood Engine] Reading #1017: 528.8 cm | Risk: CRITICAL
[Sim Loop] Processing reading
[Broadcast] No active connections, skipping
[Simulator] Reading #1018: 528.9 cm (rising)
[Flood Engine] Reading #1018: 528.9 cm | Risk: CRITICAL
[Sim Loop] Processing reading
[Broadcast] No active connections, skipping
[Simulator] Reading #1019: 529.6 cm (rising)
[Flood Engine] Reading #1019: 529.6 cm | Risk: CRITICAL
[Sim Loop] Processing reading
[Broadcast] No active connections, skipping
[Simulator] Reading #1020: 530.1 cm (rising)
[Flood Engine] Reading #1020: 530.1 cm | Risk: CRITICAL
[Sim Loop] Processing reading
[Broadcast] No active connections, skipping
[Simulator] Reading #1021: 530.5 cm (rising)
[Flood Engine] Reading #1021: 530.5 cm | Risk: CRITICAL
[Sim Loop] Processing reading
[Broadcast] No active connections, skipping
[Simulator] Reading #1022: 531.1 cm (rising)
[Flood Engine] Reading #1022: 531.1 cm | Risk: CRITICAL
[Sim Loop] Processing reading
[Broadcast] No active connections, skipping
[Simulator] Reading #1023: 531.6 cm (rising)
[Flood Engine] Reading #1023: 531.6 cm | Risk: CRITICAL
[Sim Loop] Processing reading
[Broadcast] No active connections, skipping
[Simulator] Reading #1024: 532.3 cm (rising)
[Flood Engine] Reading #1024: 532.3 cm | Risk: CRITICAL
[Sim Loop] Processing reading
[Broadcast] No active connections, skipping
[Simulator] Reading #1025: 532.4 cm (rising)
[Flood Engine] Reading #1025: 532.4 cm | Risk: CRITICAL
[Sim Loop] Processing reading
[Broadcast] No active connections, skipping
[Simulator] Reading #1026: 533.3 cm (rising)
[Flood Engine] Reading #1026: 533.3 cm | Risk: CRITICAL
[Sim Loop] Processing reading
[Broadcast] No active connections, skipping
[Simulator] Reading #1027: 533.3 cm (rising)
[Flood Engine] Reading #1027: 533.3 cm | Risk: CRITICAL
[Sim Loop] Processing reading
[Broadcast] No active connections, skipping
[Simulator] Reading #1028: 534.0 cm (rising)
[Flood Engine] Reading #1028: 534.0 cm | Risk: CRITICAL
[Sim Loop] Processing reading
[Broadcast] No active connections, skipping
[Simulator] Reading #1029: 534.7 cm (rising)
[Flood Engine] Reading #1029: 534.7 cm | Risk: CRITICAL
[Sim Loop] Processing reading
[Broadcast] No active connections, skipping
[Simulator] Reading #1030: 535.2 cm (rising)
[Flood Engine] Reading #1030: 535.2 cm | Risk: CRITICAL
[Sim Loop] Processing reading
[Broadcast] No active connections, skipping
[Simulator] Reading #1031: 535.5 cm (rising)
[Flood Engine] Reading #1031: 535.5 cm | Risk: CRITICAL
[Sim Loop] Processing reading
[Broadcast] No active connections, skipping
[Simulator] Reading #1032: 535.8 cm (rising)
[Flood Engine] Reading #1032: 535.8 cm | Risk: CRITICAL
[Sim Loop] Processing reading
[Broadcast] No active connections, skipping
[Simulator] Reading #1033: 536.3 cm (rising)
[Flood Engine] Reading #1033: 536.3 cm | Risk: CRITICAL
[Sim Loop] Processing reading
[Broadcast] No active connections, skipping
[Simulator] Reading #1034: 537.1 cm (rising)
[Flood Engine] Reading #1034: 537.1 cm | Risk: CRITICAL
[Sim Loop] Processing reading
[Broadcast] No active connections, skipping
[Simulator] Reading #1035: 537.7 cm (rising)
[Flood Engine] Reading #1035: 537.7 cm | Risk: CRITICAL
[Sim Loop] Processing reading
[Broadcast] No active connections, skipping
[Simulator] Reading #1036: 538.0 cm (rising)
[Flood Engine] Reading #1036: 538.0 cm | Risk: CRITICAL
[Sim Loop] Processing reading
[Broadcast] No active connections, skipping
[Simulator] Reading #1037: 538.8 cm (rising)
[Flood Engine] Reading #1037: 538.8 cm | Risk: CRITICAL
[Sim Loop] Processing reading
[Broadcast] No active connections, skipping
[Simulator] Reading #1038: 538.9 cm (rising)
[Flood Engine] Reading #1038: 538.9 cm | Risk: CRITICAL
[Sim Loop] Processing reading
[Broadcast] No active connections, skipping
[Simulator] Reading #1039: 539.6 cm (rising)
[Flood Engine] Reading #1039: 539.6 cm | Risk: CRITICAL
[Sim Loop] Processing reading
[Broadcast] No active connections, skipping
[Simulator] Reading #1040: 539.9 cm (rising)
[Flood Engine] Reading #1040: 539.9 cm | Risk: CRITICAL
[Sim Loop] Processing reading
[Broadcast] No active connections, skipping
[Simulator] Reading #1041: 540.4 cm (rising)
[Flood Engine] Reading #1041: 540.4 cm | Risk: CRITICAL
[Sim Loop] Processing reading
[Broadcast] No active connections, skipping
[Simulator] Reading #1042: 541.2 cm (rising)
[Flood Engine] Reading #1042: 541.2 cm | Risk: CRITICAL
[Sim Loop] Processing reading
[Broadcast] No active connections, skipping
[Simulator] Reading #1043: 541.5 cm (rising)
[Flood Engine] Reading #1043: 541.5 cm | Risk: CRITICAL
[Sim Loop] Processing reading
[Broadcast] No active connections, skipping
[Simulator] Reading #1044: 542.3 cm (rising)
[Flood Engine] Reading #1044: 542.3 cm | Risk: CRITICAL
[Sim Loop] Processing reading
[Broadcast] No active connections, skipping
[Simulator] Reading #1045: 542.2 cm (rising)
[Flood Engine] Reading #1045: 542.2 cm | Risk: CRITICAL
[Sim Loop] Processing reading
[Broadcast] No active connections, skipping
[Simulator] Reading #1046: 543.3 cm (rising)
[Flood Engine] Reading #1046: 543.3 cm | Risk: CRITICAL
[Sim Loop] Processing reading
[Broadcast] No active connections, skipping
[Simulator] Reading #1047: 543.7 cm (rising)
[Flood Engine] Reading #1047: 543.7 cm | Risk: CRITICAL
[Sim Loop] Processing reading
[Broadcast] No active connections, skipping
[Simulator] Reading #1048: 543.9 cm (rising)
[Flood Engine] Reading #1048: 543.9 cm | Risk: CRITICAL
[Sim Loop] Processing reading
[Broadcast] No active connections, skipping
[Simulator] Reading #1049: 544.6 cm (rising)
[Flood Engine] Reading #1049: 544.6 cm | Risk: CRITICAL
[Sim Loop] Processing reading
[Broadcast] No active connections, skipping
[Simulator] Reading #1050: 544.9 cm (rising)
[Flood Engine] Reading #1050: 544.9 cm | Risk: CRITICAL
[Sim Loop] Processing reading
[Broadcast] No active connections, skipping
[Simulator] Reading #1051: 545.2 cm (rising)
[Flood Engine] Reading #1051: 545.2 cm | Risk: CRITICAL
[Sim Loop] Processing reading
[Broadcast] No active connections, skipping
[Simulator] Reading #1052: 546.2 cm (rising)
[Flood Engine] Reading #1052: 546.2 cm | Risk: CRITICAL
[Sim Loop] Processing reading
[Broadcast] No active connections, skipping
[Simulator] Reading #1053: 546.6 cm (rising)
[Flood Engine] Reading #1053: 546.6 cm | Risk: CRITICAL
[Sim Loop] Processing reading
[Broadcast] No active connections, skipping
[Simulator] Reading #1054: 547.1 cm (rising)
[Flood Engine] Reading #1054: 547.1 cm | Risk: CRITICAL
[Sim Loop] Processing reading
[Broadcast] No active connections, skipping
[Simulator] Reading #1055: 547.7 cm (rising)
[Flood Engine] Reading #1055: 547.7 cm | Risk: CRITICAL
[Sim Loop] Processing reading
[Broadcast] No active connections, skipping
[Simulator] Reading #1056: 548.1 cm (rising)
[Flood Engine] Reading #1056: 548.1 cm | Risk: CRITICAL
[Sim Loop] Processing reading
[Broadcast] No active connections, skipping
[Simulator] Reading #1057: 548.2 cm (rising)
[Flood Engine] Reading #1057: 548.2 cm | Risk: CRITICAL
[Sim Loop] Processing reading
[Broadcast] No active connections, skipping
[Simulator] Reading #1058: 549.3 cm (rising)
[Flood Engine] Reading #1058: 549.3 cm | Risk: CRITICAL
[Sim Loop] Processing reading
[Broadcast] No active connections, skipping
[Simulator] Reading #1059: 549.6 cm (rising)
[Flood Engine] Reading #1059: 549.6 cm | Risk: CRITICAL
[Sim Loop] Processing reading
[Broadcast] No active connections, skipping
[Simulator] Reading #1060: 550.0 cm (rising)
[Flood Engine] Reading #1060: 550.0 cm | Risk: CRITICAL
[Sim Loop] Processing reading
[Broadcast] No active connections, skipping
[Simulator] Reading #1061: 550.6 cm (rising)
[Flood Engine] Reading #1061: 550.6 cm | Risk: CRITICAL
[Sim Loop] Processing reading
[Broadcast] No active connections, skipping
[Simulator] Reading #1062: 550.9 cm (rising)
[Flood Engine] Reading #1062: 550.9 cm | Risk: CRITICAL
[Sim Loop] Processing reading
[Broadcast] No active connections, skipping
[Simulator] Reading #1063: 551.6 cm (rising)
[Flood Engine] Reading #1063: 551.6 cm | Risk: CRITICAL
[Sim Loop] Processing reading
[Broadcast] No active connections, skipping
[Simulator] Reading #1064: 552.3 cm (rising)
[Flood Engine] Reading #1064: 552.3 cm | Risk: CRITICAL
[Sim Loop] Processing reading
[Broadcast] No active connections, skipping
[Simulator] Reading #1065: 552.4 cm (rising)
[Flood Engine] Reading #1065: 552.4 cm | Risk: CRITICAL
[Sim Loop] Processing reading
[Broadcast] No active connections, skipping
[Simulator] Reading #1066: 553.2 cm (rising)
[Flood Engine] Reading #1066: 553.2 cm | Risk: CRITICAL
[Sim Loop] Processing reading
[Broadcast] No active connections, skipping
[Simulator] Reading #1067: 553.7 cm (rising)
[Flood Engine] Reading #1067: 553.7 cm | Risk: CRITICAL
[Sim Loop] Processing reading
[Broadcast] No active connections, skipping
[Simulator] Reading #1068: 554.1 cm (rising)
[Flood Engine] Reading #1068: 554.1 cm | Risk: CRITICAL
[Sim Loop] Processing reading
[Broadcast] No active connections, skipping
[Simulator] Reading #1069: 554.5 cm (rising)
[Flood Engine] Reading #1069: 554.5 cm | Risk: CRITICAL
[Sim Loop] Processing reading
[Broadcast] No active connections, skipping
[Simulator] Reading #1070: 554.9 cm (rising)
[Flood Engine] Reading #1070: 554.9 cm | Risk: CRITICAL
[Sim Loop] Processing reading
[Broadcast] No active connections, skipping
[Simulator] Reading #1071: 555.3 cm (rising)
[Flood Engine] Reading #1071: 555.3 cm | Risk: CRITICAL
[Sim Loop] Processing reading
[Broadcast] No active connections, skipping
[Simulator] Reading #1072: 556.0 cm (rising)
[Flood Engine] Reading #1072: 556.0 cm | Risk: CRITICAL
[Sim Loop] Processing reading
[Broadcast] No active connections, skipping
[Simulator] Reading #1073: 556.3 cm (rising)
[Flood Engine] Reading #1073: 556.3 cm | Risk: CRITICAL
[Sim Loop] Processing reading
[Broadcast] No active connections, skipping
[Simulator] Reading #1074: 557.0 cm (rising)
[Flood Engine] Reading #1074: 557.0 cm | Risk: CRITICAL
[Sim Loop] Processing reading
[Broadcast] No active connections, skipping
[Simulator] Reading #1075: 557.6 cm (rising)
[Flood Engine] Reading #1075: 557.6 cm | Risk: CRITICAL
[Sim Loop] Processing reading
[Broadcast] No active connections, skipping
[Simulator] Reading #1076: 557.7 cm (rising)
[Flood Engine] Reading #1076: 557.7 cm | Risk: CRITICAL
[Sim Loop] Processing reading
[Broadcast] No active connections, skipping
[Simulator] Reading #1077: 558.8 cm (rising)
[Flood Engine] Reading #1077: 558.8 cm | Risk: CRITICAL
[Sim Loop] Processing reading
[Broadcast] No active connections, skipping
[Simulator] Reading #1078: 558.7 cm (rising)
[Flood Engine] Reading #1078: 558.7 cm | Risk: CRITICAL
[Sim Loop] Processing reading
[Broadcast] No active connections, skipping
[Simulator] Reading #1079: 559.7 cm (rising)
[Flood Engine] Reading #1079: 559.7 cm | Risk: CRITICAL
[Sim Loop] Processing reading
[Broadcast] No active connections, skipping
[Simulator] Reading #1080: 560.2 cm (rising)
[Flood Engine] Reading #1080: 560.2 cm | Risk: CRITICAL
[Sim Loop] Processing reading
[Broadcast] No active connections, skipping
[Simulator] Reading #1081: 560.3 cm (rising)
[Flood Engine] Reading #1081: 560.3 cm | Risk: CRITICAL
[Sim Loop] Processing reading
[Broadcast] No active connections, skipping
[Simulator] Reading #1082: 561.0 cm (rising)
[Flood Engine] Reading #1082: 561.0 cm | Risk: CRITICAL
[Sim Loop] Processing reading
[Broadcast] No active connections, skipping
[Simulator] Reading #1083: 561.8 cm (rising)
[Flood Engine] Reading #1083: 561.8 cm | Risk: CRITICAL
[Sim Loop] Processing reading
[Broadcast] No active connections, skipping
[Simulator] Reading #1084: 561.8 cm (rising)
[Flood Engine] Reading #1084: 561.8 cm | Risk: CRITICAL
[Sim Loop] Processing reading
[Broadcast] No active connections, skipping
[Simulator] Reading #1085: 562.4 cm (rising)
[Flood Engine] Reading #1085: 562.4 cm | Risk: CRITICAL
[Sim Loop] Processing reading
[Broadcast] No active connections, skipping
[Simulator] Reading #1086: 563.0 cm (rising)
[Flood Engine] Reading #1086: 563.0 cm | Risk: CRITICAL
[Sim Loop] Processing reading
[Broadcast] No active connections, skipping
[Simulator] Reading #1087: 563.4 cm (rising)
[Flood Engine] Reading #1087: 563.4 cm | Risk: CRITICAL
[Sim Loop] Processing reading
[Broadcast] No active connections, skipping
[Simulator] Reading #1088: 563.8 cm (rising)
[Flood Engine] Reading #1088: 563.8 cm | Risk: CRITICAL
[Sim Loop] Processing reading
[Broadcast] No active connections, skipping
[Simulator] Reading #1089: 564.7 cm (rising)
[Flood Engine] Reading #1089: 564.7 cm | Risk: CRITICAL
[Sim Loop] Processing reading
[Broadcast] No active connections, skipping
[Simulator] Reading #1090: 564.8 cm (rising)
[Flood Engine] Reading #1090: 564.8 cm | Risk: CRITICAL
[Sim Loop] Processing reading
[Broadcast] No active connections, skipping
[Simulator] Reading #1091: 565.8 cm (rising)
[Flood Engine] Reading #1091: 565.8 cm | Risk: CRITICAL
[Sim Loop] Processing reading
[Broadcast] No active connections, skipping
[Simulator] Reading #1092: 566.0 cm (rising)
[Flood Engine] Reading #1092: 566.0 cm | Risk: CRITICAL
[Sim Loop] Processing reading
[Broadcast] No active connections, skipping
[Simulator] Reading #1093: 566.5 cm (rising)
[Flood Engine] Reading #1093: 566.5 cm | Risk: CRITICAL
[Sim Loop] Processing reading
[Broadcast] No active connections, skipping
[Simulator] Reading #1094: 566.7 cm (rising)
[Flood Engine] Reading #1094: 566.7 cm | Risk: CRITICAL
[Sim Loop] Processing reading
[Broadcast] No active connections, skipping
[Simulator] Reading #1095: 567.3 cm (rising)
[Flood Engine] Reading #1095: 567.3 cm | Risk: CRITICAL
[Sim Loop] Processing reading
[Broadcast] No active connections, skipping
[Simulator] Reading #1096: 568.0 cm (rising)
[Flood Engine] Reading #1096: 568.0 cm | Risk: CRITICAL
[Sim Loop] Processing reading
[Broadcast] No active connections, skipping
[Simulator] Reading #1097: 568.7 cm (rising)
[Flood Engine] Reading #1097: 568.7 cm | Risk: CRITICAL
[Sim Loop] Processing reading
[Broadcast] No active connections, skipping
[Simulator] Reading #1098: 568.8 cm (rising)
[Flood Engine] Reading #1098: 568.8 cm | Risk: CRITICAL
[Sim Loop] Processing reading
[Broadcast] No active connections, skipping
[Simulator] Reading #1099: 569.7 cm (rising)
[Flood Engine] Reading #1099: 569.7 cm | Risk: CRITICAL
[Sim Loop] Processing reading
[Broadcast] No active connections, skipping
[Simulator] Reading #1100: 570.2 cm (rising)
[Flood Engine] Reading #1100: 570.2 cm | Risk: CRITICAL
[Sim Loop] Processing reading
[Broadcast] No active connections, skipping
[Simulator] Reading #1101: 570.5 cm (rising)
[Flood Engine] Reading #1101: 570.5 cm | Risk: CRITICAL
[Sim Loop] Processing reading
[Broadcast] No active connections, skipping
[Simulator] Reading #1102: 570.8 cm (rising)
[Flood Engine] Reading #1102: 570.8 cm | Risk: CRITICAL
[Sim Loop] Processing reading
[Broadcast] No active connections, skipping
[Simulator] Reading #1103: 571.2 cm (rising)
[Flood Engine] Reading #1103: 571.2 cm | Risk: CRITICAL
[Sim Loop] Processing reading
[Broadcast] No active connections, skipping
[Simulator] Reading #1104: 572.2 cm (rising)
[Flood Engine] Reading #1104: 572.2 cm | Risk: CRITICAL
[Sim Loop] Processing reading
[Broadcast] No active connections, skipping
[Simulator] Reading #1105: 572.7 cm (rising)
[Flood Engine] Reading #1105: 572.7 cm | Risk: CRITICAL
[Sim Loop] Processing reading
[Broadcast] No active connections, skipping
[Simulator] Reading #1106: 572.9 cm (rising)
[Flood Engine] Reading #1106: 572.9 cm | Risk: CRITICAL
[Sim Loop] Processing reading
[Broadcast] No active connections, skipping
[Simulator] Reading #1107: 573.3 cm (rising)
[Flood Engine] Reading #1107: 573.3 cm | Risk: CRITICAL
[Sim Loop] Processing reading
[Broadcast] No active connections, skipping
[Simulator] Reading #1108: 574.1 cm (rising)
[Flood Engine] Reading #1108: 574.1 cm | Risk: CRITICAL
[Sim Loop] Processing reading
[Broadcast] No active connections, skipping
[Simulator] Reading #1109: 574.4 cm (rising)
[Flood Engine] Reading #1109: 574.4 cm | Risk: CRITICAL
[Sim Loop] Processing reading
[Broadcast] No active connections, skipping
[Simulator] Reading #1110: 575.1 cm (rising)
[Flood Engine] Reading #1110: 575.1 cm | Risk: CRITICAL
[Sim Loop] Processing reading
[Broadcast] No active connections, skipping
[Simulator] Reading #1111: 575.5 cm (rising)
[Flood Engine] Reading #1111: 575.5 cm | Risk: CRITICAL
[Sim Loop] Processing reading
[Broadcast] No active connections, skipping
[Simulator] Reading #1112: 575.9 cm (rising)
[Flood Engine] Reading #1112: 575.9 cm | Risk: CRITICAL
[Sim Loop] Processing reading
[Broadcast] No active connections, skipping
[Simulator] Reading #1113: 576.3 cm (rising)
[Flood Engine] Reading #1113: 576.3 cm | Risk: CRITICAL
[Sim Loop] Processing reading
[Broadcast] No active connections, skipping
[Simulator] Reading #1114: 576.8 cm (rising)
[Flood Engine] Reading #1114: 576.8 cm | Risk: CRITICAL
[Sim Loop] Processing reading
[Broadcast] No active connections, skipping
[Simulator] Reading #1115: 577.7 cm (rising)
[Flood Engine] Reading #1115: 577.7 cm | Risk: CRITICAL
[Sim Loop] Processing reading
[Broadcast] No active connections, skipping
[Simulator] Reading #1116: 578.2 cm (rising)
[Flood Engine] Reading #1116: 578.2 cm | Risk: CRITICAL
[Sim Loop] Processing reading
[Broadcast] No active connections, skipping
[Simulator] Reading #1117: 578.7 cm (rising)
[Flood Engine] Reading #1117: 578.7 cm | Risk: CRITICAL
[Sim Loop] Processing reading
[Broadcast] No active connections, skipping
[Simulator] Reading #1118: 578.7 cm (rising)
[Flood Engine] Reading #1118: 578.7 cm | Risk: CRITICAL
[Sim Loop] Processing reading
[Broadcast] No active connections, skipping
[Simulator] Reading #1119: 579.3 cm (rising)
[Flood Engine] Reading #1119: 579.3 cm | Risk: CRITICAL
[Sim Loop] Processing reading
[Broadcast] No active connections, skipping
[Simulator] Reading #1120: 580.0 cm (rising)
[Flood Engine] Reading #1120: 580.0 cm | Risk: CRITICAL
[Sim Loop] Processing reading
[Broadcast] No active connections, skipping
[Simulator] Reading #1121: 580.5 cm (rising)
[Flood Engine] Reading #1121: 580.5 cm | Risk: CRITICAL
[Sim Loop] Processing reading
[Broadcast] No active connections, skipping
[Simulator] Reading #1122: 580.9 cm (rising)
[Flood Engine] Reading #1122: 580.9 cm | Risk: CRITICAL
[Sim Loop] Processing reading
[Broadcast] No active connections, skipping
[Simulator] Reading #1123: 581.5 cm (rising)
[Flood Engine] Reading #1123: 581.5 cm | Risk: CRITICAL
[Sim Loop] Processing reading
[Broadcast] No active connections, skipping
[Simulator] Reading #1124: 582.2 cm (rising)
[Flood Engine] Reading #1124: 582.2 cm | Risk: CRITICAL
[Sim Loop] Processing reading
[Broadcast] No active connections, skipping
[Simulator] Reading #1125: 582.7 cm (rising)
[Flood Engine] Reading #1125: 582.7 cm | Risk: CRITICAL
[Sim Loop] Processing reading
[Broadcast] No active connections, skipping
[Simulator] Reading #1126: 583.0 cm (rising)
[Flood Engine] Reading #1126: 583.0 cm | Risk: CRITICAL
[Sim Loop] Processing reading
[Broadcast] No active connections, skipping
[Simulator] Reading #1127: 583.7 cm (rising)
[Flood Engine] Reading #1127: 583.7 cm | Risk: CRITICAL
[Sim Loop] Processing reading
[Broadcast] No active connections, skipping
[Simulator] Reading #1128: 584.2 cm (rising)
[Flood Engine] Reading #1128: 584.2 cm | Risk: CRITICAL
[Sim Loop] Processing reading
[Broadcast] No active connections, skipping
[Simulator] Reading #1129: 584.7 cm (rising)
[Flood Engine] Reading #1129: 584.7 cm | Risk: CRITICAL
[Sim Loop] Processing reading
[Broadcast] No active connections, skipping
[Simulator] Reading #1130: 585.3 cm (rising)
[Flood Engine] Reading #1130: 585.3 cm | Risk: CRITICAL
[Sim Loop] Processing reading
[Broadcast] No active connections, skipping
[Simulator] Reading #1131: 585.2 cm (rising)
[Flood Engine] Reading #1131: 585.2 cm | Risk: CRITICAL
[Sim Loop] Processing reading
[Broadcast] No active connections, skipping
[Simulator] Reading #1132: 585.7 cm (rising)
[Flood Engine] Reading #1132: 585.7 cm | Risk: CRITICAL
[Sim Loop] Processing reading
[Broadcast] No active connections, skipping
[Simulator] Reading #1133: 586.4 cm (rising)
[Flood Engine] Reading #1133: 586.4 cm | Risk: CRITICAL
[Sim Loop] Processing reading
[Broadcast] No active connections, skipping
[Simulator] Reading #1134: 586.8 cm (rising)
[Flood Engine] Reading #1134: 586.8 cm | Risk: CRITICAL
[Sim Loop] Processing reading
[Broadcast] No active connections, skipping
[Simulator] Reading #1135: 587.7 cm (rising)
[Flood Engine] Reading #1135: 587.7 cm | Risk: CRITICAL
[Sim Loop] Processing reading
[Broadcast] No active connections, skipping
[Simulator] Reading #1136: 587.7 cm (rising)
[Flood Engine] Reading #1136: 587.7 cm | Risk: CRITICAL
[Sim Loop] Processing reading
[Broadcast] No active connections, skipping
[Simulator] Reading #1137: 588.7 cm (rising)
[Flood Engine] Reading #1137: 588.7 cm | Risk: CRITICAL
[Sim Loop] Processing reading
[Broadcast] No active connections, skipping
[Simulator] Reading #1138: 589.1 cm (rising)
[Flood Engine] Reading #1138: 589.1 cm | Risk: CRITICAL
[Sim Loop] Processing reading
[Broadcast] No active connections, skipping
[Simulator] Reading #1139: 589.4 cm (rising)
[Flood Engine] Reading #1139: 589.4 cm | Risk: CRITICAL
[Sim Loop] Processing reading
[Broadcast] No active connections, skipping
[Simulator] Reading #1140: 589.8 cm (rising)
[Flood Engine] Reading #1140: 589.8 cm | Risk: CRITICAL
[Sim Loop] Processing reading
[Broadcast] No active connections, skipping
[Simulator] Reading #1141: 590.5 cm (rising)
[Flood Engine] Reading #1141: 590.5 cm | Risk: CRITICAL
[Sim Loop] Processing reading
[Broadcast] No active connections, skipping
[Simulator] Reading #1142: 590.8 cm (rising)
[Flood Engine] Reading #1142: 590.8 cm | Risk: CRITICAL
[Sim Loop] Processing reading
[Broadcast] No active connections, skipping
[Simulator] Reading #1143: 591.2 cm (rising)
[Flood Engine] Reading #1143: 591.2 cm | Risk: CRITICAL
[Sim Loop] Processing reading
[Broadcast] No active connections, skipping
[Simulator] Reading #1144: 592.0 cm (rising)
[Flood Engine] Reading #1144: 592.0 cm | Risk: CRITICAL
[Sim Loop] Processing reading
[Broadcast] No active connections, skipping
[Simulator] Reading #1145: 592.4 cm (rising)
[Flood Engine] Reading #1145: 592.4 cm | Risk: CRITICAL
[Sim Loop] Processing reading
[Broadcast] No active connections, skipping
[Simulator] Reading #1146: 593.3 cm (rising)
[Flood Engine] Reading #1146: 593.3 cm | Risk: CRITICAL
[Sim Loop] Processing reading
[Broadcast] No active connections, skipping
[Simulator] Reading #1147: 593.5 cm (rising)
[Flood Engine] Reading #1147: 593.5 cm | Risk: CRITICAL
[Sim Loop] Processing reading
[Broadcast] No active connections, skipping
[Simulator] Reading #1148: 593.9 cm (rising)
[Flood Engine] Reading #1148: 593.9 cm | Risk: CRITICAL
[Sim Loop] Processing reading
[Broadcast] No active connections, skipping
[Simulator] Reading #1149: 594.4 cm (rising)
[Flood Engine] Reading #1149: 594.4 cm | Risk: CRITICAL
[Sim Loop] Processing reading
[Broadcast] No active connections, skipping
[Simulator] Reading #1150: 595.2 cm (rising)
[Flood Engine] Reading #1150: 595.2 cm | Risk: CRITICAL
[Sim Loop] Processing reading
[Broadcast] No active connections, skipping
[Simulator] Reading #1151: 595.3 cm (rising)
[Flood Engine] Reading #1151: 595.3 cm | Risk: CRITICAL
[Sim Loop] Processing reading
[Broadcast] No active connections, skipping
[Simulator] Reading #1152: 596.2 cm (rising)
[Flood Engine] Reading #1152: 596.2 cm | Risk: CRITICAL
[Sim Loop] Processing reading
[Broadcast] No active connections, skipping
[Simulator] Reading #1153: 596.3 cm (rising)
[Flood Engine] Reading #1153: 596.3 cm | Risk: CRITICAL
[Sim Loop] Processing reading
[Broadcast] No active connections, skipping
[Simulator] Reading #1154: 597.1 cm (rising)
[Flood Engine] Reading #1154: 597.1 cm | Risk: CRITICAL
[Sim Loop] Processing reading
[Broadcast] No active connections, skipping
[Simulator] Reading #1155: 597.8 cm (rising)
[Flood Engine] Reading #1155: 597.8 cm | Risk: CRITICAL
[Sim Loop] Processing reading
[Broadcast] No active connections, skipping
[Simulator] Reading #1156: 598.2 cm (rising)
[Flood Engine] Reading #1156: 598.2 cm | Risk: CRITICAL
[Sim Loop] Processing reading
[Broadcast] No active connections, skipping
[Simulator] Reading #1157: 598.3 cm (rising)
[Flood Engine] Reading #1157: 598.3 cm | Risk: CRITICAL
[Sim Loop] Processing reading
[Broadcast] No active connections, skipping
[Simulator] Reading #1158: 599.2 cm (rising)
[Flood Engine] Reading #1158: 599.2 cm | Risk: CRITICAL
[Sim Loop] Processing reading
[Broadcast] No active connections, skipping
[Simulator] Reading #1159: 599.8 cm (rising)
[Flood Engine] Reading #1159: 599.8 cm | Risk: CRITICAL
[Sim Loop] Processing reading
[Broadcast] No active connections, skipping
[Simulator] Reading #1160: 599.7 cm (rising)
[Flood Engine] Reading #1160: 599.7 cm | Risk: CRITICAL
[Sim Loop] Processing reading
[Broadcast] No active connections, skipping
[Simulator] Reading #1161: 600.7 cm (rising)
[Flood Engine] Reading #1161: 600.7 cm | Risk: CRITICAL
[Sim Loop] Processing reading
[Broadcast] No active connections, skipping
[Simulator] Reading #1162: 601.3 cm (rising)
[Flood Engine] Reading #1162: 601.3 cm | Risk: CRITICAL
[Sim Loop] Processing reading
[Broadcast] No active connections, skipping
[Simulator] Reading #1163: 601.4 cm (rising)
[Flood Engine] Reading #1163: 601.4 cm | Risk: CRITICAL
[Sim Loop] Processing reading
[Broadcast] No active connections, skipping
[Simulator] Reading #1164: 602.0 cm (rising)
[Flood Engine] Reading #1164: 602.0 cm | Risk: CRITICAL
[Sim Loop] Processing reading
[Broadcast] No active connections, skipping
[Simulator] Reading #1165: 602.3 cm (rising)
[Flood Engine] Reading #1165: 602.3 cm | Risk: CRITICAL
[Sim Loop] Processing reading
[Broadcast] No active connections, skipping
[Simulator] Reading #1166: 602.9 cm (rising)
[Flood Engine] Reading #1166: 602.9 cm | Risk: CRITICAL
[Sim Loop] Processing reading
[Broadcast] No active connections, skipping
[Simulator] Reading #1167: 603.2 cm (rising)
[Flood Engine] Reading #1167: 603.2 cm | Risk: CRITICAL
[Sim Loop] Processing reading
[Broadcast] No active connections, skipping
[Simulator] Reading #1168: 604.1 cm (rising)
[Flood Engine] Reading #1168: 604.1 cm | Risk: CRITICAL
[Sim Loop] Processing reading
[Broadcast] No active connections, skipping
[Simulator] Reading #1169: 604.3 cm (rising)
[Flood Engine] Reading #1169: 604.3 cm | Risk: CRITICAL
[Sim Loop] Processing reading
[Broadcast] No active connections, skipping
[Simulator] Reading #1170: 605.2 cm (rising)
[Flood Engine] Reading #1170: 605.2 cm | Risk: CRITICAL
[Sim Loop] Processing reading
[Broadcast] No active connections, skipping
[Simulator] Reading #1171: 605.4 cm (rising)
[Flood Engine] Reading #1171: 605.4 cm | Risk: CRITICAL
[Sim Loop] Processing reading
[Broadcast] No active connections, skipping
[Simulator] Reading #1172: 606.3 cm (rising)
[Flood Engine] Reading #1172: 606.3 cm | Risk: CRITICAL
[Sim Loop] Processing reading
[Broadcast] No active connections, skipping
[Simulator] Reading #1173: 606.5 cm (rising)
[Flood Engine] Reading #1173: 606.5 cm | Risk: CRITICAL
[Sim Loop] Processing reading
[Broadcast] No active connections, skipping
[Simulator] Reading #1174: 606.8 cm (rising)
[Flood Engine] Reading #1174: 606.8 cm | Risk: CRITICAL
[Sim Loop] Processing reading
[Broadcast] No active connections, skipping
[Simulator] Reading #1175: 607.4 cm (rising)
[Flood Engine] Reading #1175: 607.4 cm | Risk: CRITICAL
[Sim Loop] Processing reading
[Broadcast] No active connections, skipping
[Simulator] Reading #1176: 608.0 cm (rising)
[Flood Engine] Reading #1176: 608.0 cm | Risk: CRITICAL
[Sim Loop] Processing reading
[Broadcast] No active connections, skipping
[Simulator] Reading #1177: 608.5 cm (rising)
[Flood Engine] Reading #1177: 608.5 cm | Risk: CRITICAL
[Sim Loop] Processing reading
[Broadcast] No active connections, skipping
[Simulator] Reading #1178: 609.3 cm (rising)
[Flood Engine] Reading #1178: 609.3 cm | Risk: CRITICAL
[Sim Loop] Processing reading
[Broadcast] No active connections, skipping
[Simulator] Reading #1179: 609.3 cm (rising)
[Flood Engine] Reading #1179: 609.3 cm | Risk: CRITICAL
[Sim Loop] Processing reading
[Broadcast] No active connections, skipping
[Simulator] Reading #1180: 610.1 cm (rising)
[Flood Engine] Reading #1180: 610.1 cm | Risk: CRITICAL
[Sim Loop] Processing reading
[Broadcast] No active connections, skipping
[Simulator] Reading #1181: 610.5 cm (rising)
[Flood Engine] Reading #1181: 610.5 cm | Risk: CRITICAL
[Sim Loop] Processing reading
[Broadcast] No active connections, skipping
[Simulator] Reading #1182: 610.7 cm (rising)
[Flood Engine] Reading #1182: 610.7 cm | Risk: CRITICAL
[Sim Loop] Processing reading
[Broadcast] No active connections, skipping
[Simulator] Reading #1183: 611.8 cm (rising)
[Flood Engine] Reading #1183: 611.8 cm | Risk: CRITICAL
[Sim Loop] Processing reading
[Broadcast] No active connections, skipping
[Simulator] Reading #1184: 611.8 cm (rising)
[Flood Engine] Reading #1184: 611.8 cm | Risk: CRITICAL
[Sim Loop] Processing reading
[Broadcast] No active connections, skipping
[Simulator] Reading #1185: 612.5 cm (rising)
[Flood Engine] Reading #1185: 612.5 cm | Risk: CRITICAL
[Sim Loop] Processing reading
[Broadcast] No active connections, skipping
[Simulator] Reading #1186: 612.9 cm (rising)
[Flood Engine] Reading #1186: 612.9 cm | Risk: CRITICAL
[Sim Loop] Processing reading
[Broadcast] No active connections, skipping
[Simulator] Reading #1187: 613.2 cm (rising)
[Flood Engine] Reading #1187: 613.2 cm | Risk: CRITICAL
[Sim Loop] Processing reading
[Broadcast] No active connections, skipping
[Simulator] Reading #1188: 614.0 cm (rising)
[Flood Engine] Reading #1188: 614.0 cm | Risk: CRITICAL
[Sim Loop] Processing reading
[Broadcast] No active connections, skipping
[Simulator] Reading #1189: 614.4 cm (rising)
[Flood Engine] Reading #1189: 614.4 cm | Risk: CRITICAL
[Sim Loop] Processing reading
[Broadcast] No active connections, skipping
[Simulator] Reading #1190: 615.0 cm (rising)
[Flood Engine] Reading #1190: 615.0 cm | Risk: CRITICAL
[Sim Loop] Processing reading
[Broadcast] No active connections, skipping
[Simulator] Reading #1191: 615.5 cm (rising)
[Flood Engine] Reading #1191: 615.5 cm | Risk: CRITICAL
[Sim Loop] Processing reading
[Broadcast] No active connections, skipping
[Simulator] Reading #1192: 616.2 cm (rising)
[Flood Engine] Reading #1192: 616.2 cm | Risk: CRITICAL
[Sim Loop] Processing reading
[Broadcast] No active connections, skipping
[Simulator] Reading #1193: 616.6 cm (rising)
[Flood Engine] Reading #1193: 616.6 cm | Risk: CRITICAL
[Sim Loop] Processing reading
[Broadcast] No active connections, skipping
[Simulator] Reading #1194: 617.2 cm (rising)
[Flood Engine] Reading #1194: 617.2 cm | Risk: CRITICAL
[Sim Loop] Processing reading
[Broadcast] No active connections, skipping
[Simulator] Reading #1195: 617.5 cm (rising)
[Flood Engine] Reading #1195: 617.5 cm | Risk: CRITICAL
[Sim Loop] Processing reading
[Broadcast] No active connections, skipping
[Simulator] Reading #1196: 617.8 cm (rising)
[Flood Engine] Reading #1196: 617.8 cm | Risk: CRITICAL
[Sim Loop] Processing reading
[Broadcast] No active connections, skipping
[Simulator] Reading #1197: 618.2 cm (rising)
[Flood Engine] Reading #1197: 618.2 cm | Risk: CRITICAL
[Sim Loop] Processing reading
[Broadcast] No active connections, skipping
[Simulator] Reading #1198: 618.9 cm (rising)
[Flood Engine] Reading #1198: 618.9 cm | Risk: CRITICAL
[Sim Loop] Processing reading
[Broadcast] No active connections, skipping
[Simulator] Reading #1199: 619.4 cm (rising)
[Flood Engine] Reading #1199: 619.4 cm | Risk: CRITICAL
[Sim Loop] Processing reading
[Broadcast] No active connections, skipping
[Simulator] Reading #1200: 620.3 cm (rising)
[Flood Engine] Reading #1200: 620.3 cm | Risk: CRITICAL
[Sim Loop] Processing reading
[Broadcast] No active connections, skipping
[Simulator] Reading #1201: 620.4 cm (rising)
[Flood Engine] Reading #1201: 620.4 cm | Risk: CRITICAL
[Sim Loop] Processing reading
[Broadcast] No active connections, skipping
[Simulator] Reading #1202: 620.9 cm (rising)
[Flood Engine] Reading #1202: 620.9 cm | Risk: CRITICAL
[Sim Loop] Processing reading
[Broadcast] No active connections, skipping
[Simulator] Reading #1203: 621.3 cm (rising)
[Flood Engine] Reading #1203: 621.3 cm | Risk: CRITICAL
[Sim Loop] Processing reading
[Broadcast] No active connections, skipping
[Simulator] Reading #1204: 622.1 cm (rising)
[Flood Engine] Reading #1204: 622.1 cm | Risk: CRITICAL
[Sim Loop] Processing reading
[Broadcast] No active connections, skipping
[Simulator] Reading #1205: 622.6 cm (rising)
[Flood Engine] Reading #1205: 622.6 cm | Risk: CRITICAL
[Sim Loop] Processing reading
[Broadcast] No active connections, skipping
[Simulator] Reading #1206: 622.9 cm (rising)
[Flood Engine] Reading #1206: 622.9 cm | Risk: CRITICAL
[Sim Loop] Processing reading
[Broadcast] No active connections, skipping
[Simulator] Reading #1207: 623.3 cm (rising)
[Flood Engine] Reading #1207: 623.3 cm | Risk: CRITICAL
[Sim Loop] Processing reading
[Broadcast] No active connections, skipping
[Simulator] Reading #1208: 623.9 cm (rising)
[Flood Engine] Reading #1208: 623.9 cm | Risk: CRITICAL
[Sim Loop] Processing reading
[Broadcast] No active connections, skipping
[Simulator] Reading #1209: 624.5 cm (rising)
[Flood Engine] Reading #1209: 624.5 cm | Risk: CRITICAL
[Sim Loop] Processing reading
[Broadcast] No active connections, skipping
[Simulator] Reading #1210: 624.8 cm (rising)
[Flood Engine] Reading #1210: 624.8 cm | Risk: CRITICAL
[Sim Loop] Processing reading
[Broadcast] No active connections, skipping
[Simulator] Reading #1211: 625.3 cm (rising)
[Flood Engine] Reading #1211: 625.3 cm | Risk: CRITICAL
[Sim Loop] Processing reading
[Broadcast] No active connections, skipping
[Simulator] Reading #1212: 625.7 cm (rising)
[Flood Engine] Reading #1212: 625.7 cm | Risk: CRITICAL
[Sim Loop] Processing reading
[Broadcast] No active connections, skipping
[Simulator] Reading #1213: 626.5 cm (rising)
[Flood Engine] Reading #1213: 626.5 cm | Risk: CRITICAL
[Sim Loop] Processing reading
[Broadcast] No active connections, skipping
[Simulator] Reading #1214: 626.9 cm (rising)
[Flood Engine] Reading #1214: 626.9 cm | Risk: CRITICAL
[Sim Loop] Processing reading
[Broadcast] No active connections, skipping
[Simulator] Reading #1215: 627.5 cm (rising)
[Flood Engine] Reading #1215: 627.5 cm | Risk: CRITICAL
[Sim Loop] Processing reading
[Broadcast] No active connections, skipping
[Simulator] Reading #1216: 627.9 cm (rising)
[Flood Engine] Reading #1216: 627.9 cm | Risk: CRITICAL
[Sim Loop] Processing reading
[Broadcast] No active connections, skipping
[Simulator] Reading #1217: 628.3 cm (rising)
[Flood Engine] Reading #1217: 628.3 cm | Risk: CRITICAL
[Sim Loop] Processing reading
[Broadcast] No active connections, skipping
[Simulator] Reading #1218: 629.0 cm (rising)
[Flood Engine] Reading #1218: 629.0 cm | Risk: CRITICAL
[Sim Loop] Processing reading
[Broadcast] No active connections, skipping
[Simulator] Reading #1219: 629.3 cm (rising)
[Flood Engine] Reading #1219: 629.3 cm | Risk: CRITICAL
[Sim Loop] Processing reading
[Broadcast] No active connections, skipping
[Simulator] Reading #1220: 630.3 cm (rising)
[Flood Engine] Reading #1220: 630.3 cm | Risk: CRITICAL
[Sim Loop] Processing reading
[Broadcast] No active connections, skipping
[Simulator] Reading #1221: 630.5 cm (rising)
[Flood Engine] Reading #1221: 630.5 cm | Risk: CRITICAL
[Sim Loop] Processing reading
[Broadcast] No active connections, skipping
[Simulator] Reading #1222: 630.7 cm (rising)
[Flood Engine] Reading #1222: 630.7 cm | Risk: CRITICAL
[Sim Loop] Processing reading
[Broadcast] No active connections, skipping
[Simulator] Reading #1223: 631.5 cm (rising)
[Flood Engine] Reading #1223: 631.5 cm | Risk: CRITICAL
[Sim Loop] Processing reading
[Broadcast] No active connections, skipping
[Simulator] Reading #1224: 632.2 cm (rising)
[Flood Engine] Reading #1224: 632.2 cm | Risk: CRITICAL
[Sim Loop] Processing reading
[Broadcast] No active connections, skipping
[Simulator] Reading #1225: 632.3 cm (rising)
[Flood Engine] Reading #1225: 632.3 cm | Risk: CRITICAL
[Sim Loop] Processing reading
[Broadcast] No active connections, skipping
[Simulator] Reading #1226: 633.1 cm (rising)
[Flood Engine] Reading #1226: 633.1 cm | Risk: CRITICAL
[Sim Loop] Processing reading
[Broadcast] No active connections, skipping
[Simulator] Reading #1227: 633.3 cm (rising)
[Flood Engine] Reading #1227: 633.3 cm | Risk: CRITICAL
[Sim Loop] Processing reading
[Broadcast] No active connections, skipping
[Simulator] Reading #1228: 634.2 cm (rising)
[Flood Engine] Reading #1228: 634.2 cm | Risk: CRITICAL
[Sim Loop] Processing reading
[Broadcast] No active connections, skipping
[Simulator] Reading #1229: 634.5 cm (rising)
[Flood Engine] Reading #1229: 634.5 cm | Risk: CRITICAL
[Sim Loop] Processing reading
[Broadcast] No active connections, skipping
[Simulator] Reading #1230: 634.8 cm (rising)
[Flood Engine] Reading #1230: 634.8 cm | Risk: CRITICAL
[Sim Loop] Processing reading
[Broadcast] No active connections, skipping
[Simulator] Reading #1231: 635.7 cm (rising)
[Flood Engine] Reading #1231: 635.7 cm | Risk: CRITICAL
[Sim Loop] Processing reading
[Broadcast] No active connections, skipping
[Simulator] Reading #1232: 636.0 cm (rising)
[Flood Engine] Reading #1232: 636.0 cm | Risk: CRITICAL
[Sim Loop] Processing reading
[Broadcast] No active connections, skipping
[Simulator] Reading #1233: 636.2 cm (rising)
[Flood Engine] Reading #1233: 636.2 cm | Risk: CRITICAL
[Sim Loop] Processing reading
[Broadcast] No active connections, skipping
[Simulator] Reading #1234: 636.8 cm (rising)
[Flood Engine] Reading #1234: 636.8 cm | Risk: CRITICAL
[Sim Loop] Processing reading
[Broadcast] No active connections, skipping
[Simulator] Reading #1235: 637.4 cm (rising)
[Flood Engine] Reading #1235: 637.4 cm | Risk: CRITICAL
[Sim Loop] Processing reading
[Broadcast] No active connections, skipping
[Simulator] Reading #1236: 638.3 cm (rising)
[Flood Engine] Reading #1236: 638.3 cm | Risk: CRITICAL
[Sim Loop] Processing reading
[Broadcast] No active connections, skipping
[Simulator] Reading #1237: 638.6 cm (rising)
[Flood Engine] Reading #1237: 638.6 cm | Risk: CRITICAL
[Sim Loop] Processing reading
[Broadcast] No active connections, skipping
[Simulator] Reading #1238: 639.0 cm (rising)
[Flood Engine] Reading #1238: 639.0 cm | Risk: CRITICAL
[Sim Loop] Processing reading
[Broadcast] No active connections, skipping
[Simulator] Reading #1239: 639.2 cm (rising)
[Flood Engine] Reading #1239: 639.2 cm | Risk: CRITICAL
[Sim Loop] Processing reading
[Broadcast] No active connections, skipping
[Simulator] Reading #1240: 639.9 cm (rising)
[Flood Engine] Reading #1240: 639.9 cm | Risk: CRITICAL
[Sim Loop] Processing reading
[Broadcast] No active connections, skipping
[Simulator] Reading #1241: 640.5 cm (rising)
[Flood Engine] Reading #1241: 640.5 cm | Risk: CRITICAL
[Sim Loop] Processing reading
[Broadcast] No active connections, skipping
[Simulator] Reading #1242: 640.7 cm (rising)
[Flood Engine] Reading #1242: 640.7 cm | Risk: CRITICAL
[Sim Loop] Processing reading
[Broadcast] No active connections, skipping
[Simulator] Reading #1243: 641.7 cm (rising)
[Flood Engine] Reading #1243: 641.7 cm | Risk: CRITICAL
[Sim Loop] Processing reading
[Broadcast] No active connections, skipping
[Simulator] Reading #1244: 641.7 cm (rising)
[Flood Engine] Reading #1244: 641.7 cm | Risk: CRITICAL
[Sim Loop] Processing reading
[Broadcast] No active connections, skipping
[Simulator] Reading #1245: 642.6 cm (rising)
[Flood Engine] Reading #1245: 642.6 cm | Risk: CRITICAL
[Sim Loop] Processing reading
[Broadcast] No active connections, skipping
[Simulator] Reading #1246: 642.8 cm (rising)
[Flood Engine] Reading #1246: 642.8 cm | Risk: CRITICAL
[Sim Loop] Processing reading
[Broadcast] No active connections, skipping
[Simulator] Reading #1247: 643.3 cm (rising)
[Flood Engine] Reading #1247: 643.3 cm | Risk: CRITICAL
[Sim Loop] Processing reading
[Broadcast] No active connections, skipping
[Simulator] Reading #1248: 643.7 cm (rising)
[Flood Engine] Reading #1248: 643.7 cm | Risk: CRITICAL
[Sim Loop] Processing reading
[Broadcast] No active connections, skipping
[Simulator] Reading #1249: 644.6 cm (rising)
[Flood Engine] Reading #1249: 644.6 cm | Risk: CRITICAL
[Sim Loop] Processing reading
[Broadcast] No active connections, skipping
[Simulator] Reading #1250: 645.1 cm (rising)
[Flood Engine] Reading #1250: 645.1 cm | Risk: CRITICAL
[Sim Loop] Processing reading
[Broadcast] No active connections, skipping
[Simulator] Reading #1251: 645.5 cm (rising)
[Flood Engine] Reading #1251: 645.5 cm | Risk: CRITICAL
[Sim Loop] Processing reading
[Broadcast] No active connections, skipping
[Simulator] Reading #1252: 645.9 cm (rising)
[Flood Engine] Reading #1252: 645.9 cm | Risk: CRITICAL
[Sim Loop] Processing reading
[Broadcast] No active connections, skipping
[Simulator] Reading #1253: 646.2 cm (rising)
[Flood Engine] Reading #1253: 646.2 cm | Risk: CRITICAL
[Sim Loop] Processing reading
[Broadcast] No active connections, skipping
[Simulator] Reading #1254: 647.0 cm (rising)
[Flood Engine] Reading #1254: 647.0 cm | Risk: CRITICAL
[Sim Loop] Processing reading
[Broadcast] No active connections, skipping
[Simulator] Reading #1255: 647.5 cm (rising)
[Flood Engine] Reading #1255: 647.5 cm | Risk: CRITICAL
[Sim Loop] Processing reading
[Broadcast] No active connections, skipping
[Simulator] Reading #1256: 647.7 cm (rising)
[Flood Engine] Reading #1256: 647.7 cm | Risk: CRITICAL
[Sim Loop] Processing reading
[Broadcast] No active connections, skipping
[Simulator] Reading #1257: 648.3 cm (rising)
[Flood Engine] Reading #1257: 648.3 cm | Risk: CRITICAL
[Sim Loop] Processing reading
[Broadcast] No active connections, skipping
[Simulator] Reading #1258: 648.7 cm (rising)
[Flood Engine] Reading #1258: 648.7 cm | Risk: CRITICAL
[Sim Loop] Processing reading
[Broadcast] No active connections, skipping
[Simulator] Reading #1259: 649.4 cm (rising)
[Flood Engine] Reading #1259: 649.4 cm | Risk: CRITICAL
[Sim Loop] Processing reading
[Broadcast] No active connections, skipping
[Simulator] Reading #1260: 649.8 cm (rising)
[Flood Engine] Reading #1260: 649.8 cm | Risk: CRITICAL
[Sim Loop] Processing reading
[Broadcast] No active connections, skipping
[Simulator] Reading #1261: 650.5 cm (rising)
[Flood Engine] Reading #1261: 650.5 cm | Risk: CRITICAL
[Sim Loop] Processing reading
[Broadcast] No active connections, skipping
[Simulator] Reading #1262: 650.8 cm (rising)
[Flood Engine] Reading #1262: 650.8 cm | Risk: CRITICAL
[Sim Loop] Processing reading
[Broadcast] No active connections, skipping
[Simulator] Reading #1263: 651.8 cm (rising)
[Flood Engine] Reading #1263: 651.8 cm | Risk: CRITICAL
[Sim Loop] Processing reading
[Broadcast] No active connections, skipping
[Simulator] Reading #1264: 652.2 cm (rising)
[Flood Engine] Reading #1264: 652.2 cm | Risk: CRITICAL
[Sim Loop] Processing reading
[Broadcast] No active connections, skipping
[Simulator] Reading #1265: 652.3 cm (rising)
[Flood Engine] Reading #1265: 652.3 cm | Risk: CRITICAL
[Sim Loop] Processing reading
[Broadcast] No active connections, skipping
[Simulator] Reading #1266: 652.8 cm (rising)
[Flood Engine] Reading #1266: 652.8 cm | Risk: CRITICAL
[Sim Loop] Processing reading
[Broadcast] No active connections, skipping
[Simulator] Reading #1267: 653.3 cm (rising)
[Flood Engine] Reading #1267: 653.3 cm | Risk: CRITICAL
[Sim Loop] Processing reading
[Broadcast] No active connections, skipping
[Simulator] Reading #1268: 654.1 cm (rising)
[Flood Engine] Reading #1268: 654.1 cm | Risk: CRITICAL
[Sim Loop] Processing reading
[Broadcast] No active connections, skipping
[Simulator] Reading #1269: 654.4 cm (rising)
[Flood Engine] Reading #1269: 654.4 cm | Risk: CRITICAL
[Sim Loop] Processing reading
[Broadcast] No active connections, skipping
[Simulator] Reading #1270: 655.2 cm (rising)
[Flood Engine] Reading #1270: 655.2 cm | Risk: CRITICAL
[Sim Loop] Processing reading
[Broadcast] No active connections, skipping
[Simulator] Reading #1271: 655.7 cm (rising)
[Flood Engine] Reading #1271: 655.7 cm | Risk: CRITICAL
[Sim Loop] Processing reading
[Broadcast] No active connections, skipping
[Simulator] Reading #1272: 655.9 cm (rising)
[Flood Engine] Reading #1272: 655.9 cm | Risk: CRITICAL
[Sim Loop] Processing reading
[Broadcast] No active connections, skipping
[Simulator] Reading #1273: 656.6 cm (rising)
[Flood Engine] Reading #1273: 656.6 cm | Risk: CRITICAL
[Sim Loop] Processing reading
[Broadcast] No active connections, skipping
[Simulator] Reading #1274: 656.8 cm (rising)
[Flood Engine] Reading #1274: 656.8 cm | Risk: CRITICAL
[Sim Loop] Processing reading
[Broadcast] No active connections, skipping
[Simulator] Reading #1275: 657.3 cm (rising)
[Flood Engine] Reading #1275: 657.3 cm | Risk: CRITICAL
[Sim Loop] Processing reading
[Broadcast] No active connections, skipping
[Simulator] Reading #1276: 657.9 cm (rising)
[Flood Engine] Reading #1276: 657.9 cm | Risk: CRITICAL
[Sim Loop] Processing reading
[Broadcast] No active connections, skipping
[Simulator] Reading #1277: 658.8 cm (rising)
[Flood Engine] Reading #1277: 658.8 cm | Risk: CRITICAL
[Sim Loop] Processing reading
[Broadcast] No active connections, skipping
[Simulator] Reading #1278: 659.2 cm (rising)
[Flood Engine] Reading #1278: 659.2 cm | Risk: CRITICAL
[Sim Loop] Processing reading
[Broadcast] No active connections, skipping
[Simulator] Reading #1279: 659.5 cm (rising)
[Flood Engine] Reading #1279: 659.5 cm | Risk: CRITICAL
[Sim Loop] Processing reading
[Broadcast] No active connections, skipping
[Simulator] Reading #1280: 660.1 cm (rising)
[Flood Engine] Reading #1280: 660.1 cm | Risk: CRITICAL
[Sim Loop] Processing reading
[Broadcast] No active connections, skipping
[Simulator] Reading #1281: 660.3 cm (rising)
[Flood Engine] Reading #1281: 660.3 cm | Risk: CRITICAL
[Sim Loop] Processing reading
[Broadcast] No active connections, skipping
[Simulator] Reading #1282: 661.1 cm (rising)
[Flood Engine] Reading #1282: 661.1 cm | Risk: CRITICAL
[Sim Loop] Processing reading
[Broadcast] No active connections, skipping
[Simulator] Reading #1283: 661.2 cm (rising)
[Flood Engine] Reading #1283: 661.2 cm | Risk: CRITICAL
[Sim Loop] Processing reading
[Broadcast] No active connections, skipping
[Simulator] Reading #1284: 661.8 cm (rising)
[Flood Engine] Reading #1284: 661.8 cm | Risk: CRITICAL
[Sim Loop] Processing reading
[Broadcast] No active connections, skipping
[Simulator] Reading #1285: 662.7 cm (rising)
[Flood Engine] Reading #1285: 662.7 cm | Risk: CRITICAL
[Sim Loop] Processing reading
[Broadcast] No active connections, skipping
[Simulator] Reading #1286: 662.9 cm (rising)
[Flood Engine] Reading #1286: 662.9 cm | Risk: CRITICAL
[Sim Loop] Processing reading
[Broadcast] No active connections, skipping
[Simulator] Reading #1287: 663.6 cm (rising)
[Flood Engine] Reading #1287: 663.6 cm | Risk: CRITICAL
[Sim Loop] Processing reading
[Broadcast] No active connections, skipping
[Simulator] Reading #1288: 664.0 cm (rising)
[Flood Engine] Reading #1288: 664.0 cm | Risk: CRITICAL
[Sim Loop] Processing reading
[Broadcast] No active connections, skipping
[Simulator] Reading #1289: 664.4 cm (rising)
[Flood Engine] Reading #1289: 664.4 cm | Risk: CRITICAL
[Sim Loop] Processing reading
[Broadcast] No active connections, skipping
[Simulator] Reading #1290: 665.2 cm (rising)
[Flood Engine] Reading #1290: 665.2 cm | Risk: CRITICAL
[Sim Loop] Processing reading
[Broadcast] No active connections, skipping
[Simulator] Reading #1291: 665.3 cm (rising)
[Flood Engine] Reading #1291: 665.3 cm | Risk: CRITICAL
[Sim Loop] Processing reading
[Broadcast] No active connections, skipping
[Simulator] Reading #1292: 666.1 cm (rising)
[Flood Engine] Reading #1292: 666.1 cm | Risk: CRITICAL
[Sim Loop] Processing reading
[Broadcast] No active connections, skipping
[Simulator] Reading #1293: 666.5 cm (rising)
[Flood Engine] Reading #1293: 666.5 cm | Risk: CRITICAL
[Sim Loop] Processing reading
[Broadcast] No active connections, skipping
[Simulator] Reading #1294: 667.0 cm (rising)
[Flood Engine] Reading #1294: 667.0 cm | Risk: CRITICAL
[Sim Loop] Processing reading
[Broadcast] No active connections, skipping
[Simulator] Reading #1295: 667.4 cm (rising)
[Flood Engine] Reading #1295: 667.4 cm | Risk: CRITICAL
[Sim Loop] Processing reading
[Broadcast] No active connections, skipping
[Simulator] Reading #1296: 668.1 cm (rising)
[Flood Engine] Reading #1296: 668.1 cm | Risk: CRITICAL
[Sim Loop] Processing reading
[Broadcast] No active connections, skipping
[Simulator] Reading #1297: 668.8 cm (rising)
[Flood Engine] Reading #1297: 668.8 cm | Risk: CRITICAL
[Sim Loop] Processing reading
[Broadcast] No active connections, skipping
[Simulator] Reading #1298: 669.1 cm (rising)
[Flood Engine] Reading #1298: 669.1 cm | Risk: CRITICAL
[Sim Loop] Processing reading
[Broadcast] No active connections, skipping
[Simulator] Reading #1299: 669.4 cm (rising)
[Flood Engine] Reading #1299: 669.4 cm | Risk: CRITICAL
[Sim Loop] Processing reading
[Broadcast] No active connections, skipping
[Simulator] Reading #1300: 669.7 cm (rising)
[Flood Engine] Reading #1300: 669.7 cm | Risk: CRITICAL
[Sim Loop] Processing reading
[Broadcast] No active connections, skipping
[Simulator] Reading #1301: 670.4 cm (rising)
[Flood Engine] Reading #1301: 670.4 cm | Risk: CRITICAL
[Sim Loop] Processing reading
[Broadcast] No active connections, skipping
[Simulator] Reading #1302: 671.1 cm (rising)
[Flood Engine] Reading #1302: 671.1 cm | Risk: CRITICAL
[Sim Loop] Processing reading
[Broadcast] No active connections, skipping
[Simulator] Reading #1303: 671.5 cm (rising)
[Flood Engine] Reading #1303: 671.5 cm | Risk: CRITICAL
[Sim Loop] Processing reading
[Broadcast] No active connections, skipping
[Simulator] Reading #1304: 671.8 cm (rising)
[Flood Engine] Reading #1304: 671.8 cm | Risk: CRITICAL
[Sim Loop] Processing reading
[Broadcast] No active connections, skipping
[Simulator] Reading #1305: 672.8 cm (rising)
[Flood Engine] Reading #1305: 672.8 cm | Risk: CRITICAL
[Sim Loop] Processing reading
[Broadcast] No active connections, skipping
[Simulator] Reading #1306: 672.8 cm (rising)
[Flood Engine] Reading #1306: 672.8 cm | Risk: CRITICAL
[Sim Loop] Processing reading
[Broadcast] No active connections, skipping
[Simulator] Reading #1307: 673.6 cm (rising)
[Flood Engine] Reading #1307: 673.6 cm | Risk: CRITICAL
[Sim Loop] Processing reading
[Broadcast] No active connections, skipping
[Simulator] Reading #1308: 673.7 cm (rising)
[Flood Engine] Reading #1308: 673.7 cm | Risk: CRITICAL
[Sim Loop] Processing reading
[Broadcast] No active connections, skipping
[Simulator] Reading #1309: 674.2 cm (rising)
[Flood Engine] Reading #1309: 674.2 cm | Risk: CRITICAL
[Sim Loop] Processing reading
[Broadcast] No active connections, skipping
[Simulator] Reading #1310: 675.2 cm (rising)
[Flood Engine] Reading #1310: 675.2 cm | Risk: CRITICAL
[Sim Loop] Processing reading
[Broadcast] No active connections, skipping
[Simulator] Reading #1311: 675.6 cm (rising)
[Flood Engine] Reading #1311: 675.6 cm | Risk: CRITICAL
[Sim Loop] Processing reading
[Broadcast] No active connections, skipping
[Simulator] Reading #1312: 676.2 cm (rising)
[Flood Engine] Reading #1312: 676.2 cm | Risk: CRITICAL
[Sim Loop] Processing reading
[Broadcast] No active connections, skipping
[Simulator] Reading #1313: 676.8 cm (rising)
[Flood Engine] Reading #1313: 676.8 cm | Risk: CRITICAL
[Sim Loop] Processing reading
[Broadcast] No active connections, skipping
[Simulator] Reading #1314: 676.8 cm (rising)
[Flood Engine] Reading #1314: 676.8 cm | Risk: CRITICAL
[Sim Loop] Processing reading
[Broadcast] No active connections, skipping
[Simulator] Reading #1315: 677.3 cm (rising)
[Flood Engine] Reading #1315: 677.3 cm | Risk: CRITICAL
[Sim Loop] Processing reading
[Broadcast] No active connections, skipping
[Simulator] Reading #1316: 677.8 cm (rising)
[Flood Engine] Reading #1316: 677.8 cm | Risk: CRITICAL
[Sim Loop] Processing reading
[Broadcast] No active connections, skipping
[Simulator] Reading #1317: 678.4 cm (rising)
[Flood Engine] Reading #1317: 678.4 cm | Risk: CRITICAL
[Sim Loop] Processing reading
[Broadcast] No active connections, skipping
[Simulator] Reading #1318: 679.1 cm (rising)
[Flood Engine] Reading #1318: 679.1 cm | Risk: CRITICAL
[Sim Loop] Processing reading
[Broadcast] No active connections, skipping
[Simulator] Reading #1319: 679.8 cm (rising)
[Flood Engine] Reading #1319: 679.8 cm | Risk: CRITICAL
[Sim Loop] Processing reading
[Broadcast] No active connections, skipping
[Simulator] Reading #1320: 679.9 cm (rising)
[Flood Engine] Reading #1320: 679.9 cm | Risk: CRITICAL
[Sim Loop] Processing reading
[Broadcast] No active connections, skipping
[Simulator] Reading #1321: 680.5 cm (rising)
[Flood Engine] Reading #1321: 680.5 cm | Risk: CRITICAL
[Sim Loop] Processing reading
[Broadcast] No active connections, skipping
[Simulator] Reading #1322: 681.0 cm (rising)
[Flood Engine] Reading #1322: 681.0 cm | Risk: CRITICAL
[Sim Loop] Processing reading
[Broadcast] No active connections, skipping
[Simulator] Reading #1323: 681.4 cm (rising)
[Flood Engine] Reading #1323: 681.4 cm | Risk: CRITICAL
[Sim Loop] Processing reading
[Broadcast] No active connections, skipping
[Simulator] Reading #1324: 682.2 cm (rising)
[Flood Engine] Reading #1324: 682.2 cm | Risk: CRITICAL
[Sim Loop] Processing reading
[Broadcast] No active connections, skipping
[Simulator] Reading #1325: 682.3 cm (rising)
[Flood Engine] Reading #1325: 682.3 cm | Risk: CRITICAL
[Sim Loop] Processing reading
[Broadcast] No active connections, skipping
[Simulator] Reading #1326: 682.9 cm (rising)
[Flood Engine] Reading #1326: 682.9 cm | Risk: CRITICAL
[Sim Loop] Processing reading
[Broadcast] No active connections, skipping
[Simulator] Reading #1327: 683.7 cm (rising)
[Flood Engine] Reading #1327: 683.7 cm | Risk: CRITICAL
[Sim Loop] Processing reading
[Broadcast] No active connections, skipping
[Simulator] Reading #1328: 683.7 cm (rising)
[Flood Engine] Reading #1328: 683.7 cm | Risk: CRITICAL
[Sim Loop] Processing reading
[Broadcast] No active connections, skipping
[Simulator] Reading #1329: 684.4 cm (rising)
[Flood Engine] Reading #1329: 684.4 cm | Risk: CRITICAL
[Sim Loop] Processing reading
[Broadcast] No active connections, skipping
[Simulator] Reading #1330: 685.1 cm (rising)
[Flood Engine] Reading #1330: 685.1 cm | Risk: CRITICAL
[Sim Loop] Processing reading
[Broadcast] No active connections, skipping
[Simulator] Reading #1331: 685.7 cm (rising)
[Flood Engine] Reading #1331: 685.7 cm | Risk: CRITICAL
[Sim Loop] Processing reading
[Broadcast] No active connections, skipping
[Simulator] Reading #1332: 685.8 cm (rising)
[Flood Engine] Reading #1332: 685.8 cm | Risk: CRITICAL
[Sim Loop] Processing reading
[Broadcast] No active connections, skipping
[Simulator] Reading #1333: 686.8 cm (rising)
[Flood Engine] Reading #1333: 686.8 cm | Risk: CRITICAL
[Sim Loop] Processing reading
[Broadcast] No active connections, skipping
[Simulator] Reading #1334: 687.1 cm (rising)
[Flood Engine] Reading #1334: 687.1 cm | Risk: CRITICAL
[Sim Loop] Processing reading
[Broadcast] No active connections, skipping
[Simulator] Reading #1335: 687.8 cm (rising)
[Flood Engine] Reading #1335: 687.8 cm | Risk: CRITICAL
[Sim Loop] Processing reading
[Broadcast] No active connections, skipping
[Simulator] Reading #1336: 688.1 cm (rising)
[Flood Engine] Reading #1336: 688.1 cm | Risk: CRITICAL
[Sim Loop] Processing reading
[Broadcast] No active connections, skipping
[Simulator] Reading #1337: 688.3 cm (rising)
[Flood Engine] Reading #1337: 688.3 cm | Risk: CRITICAL
[Sim Loop] Processing reading
[Broadcast] No active connections, skipping
[Simulator] Reading #1338: 689.2 cm (rising)
[Flood Engine] Reading #1338: 689.2 cm | Risk: CRITICAL
[Sim Loop] Processing reading
[Broadcast] No active connections, skipping
[Simulator] Reading #1339: 689.7 cm (rising)
[Flood Engine] Reading #1339: 689.7 cm | Risk: CRITICAL
[Sim Loop] Processing reading
[Broadcast] No active connections, skipping
[Simulator] Reading #1340: 689.7 cm (rising)
[Flood Engine] Reading #1340: 689.7 cm | Risk: CRITICAL
[Sim Loop] Processing reading
[Broadcast] No active connections, skipping
[Simulator] Reading #1341: 690.5 cm (rising)
[Flood Engine] Reading #1341: 690.5 cm | Risk: CRITICAL
[Sim Loop] Processing reading
[Broadcast] No active connections, skipping
[Simulator] Reading #1342: 691.0 cm (rising)
[Flood Engine] Reading #1342: 691.0 cm | Risk: CRITICAL
[Sim Loop] Processing reading
[Broadcast] No active connections, skipping
[Simulator] Reading #1343: 691.7 cm (rising)
[Flood Engine] Reading #1343: 691.7 cm | Risk: CRITICAL
[Sim Loop] Processing reading
[Broadcast] No active connections, skipping
[Simulator] Reading #1344: 692.0 cm (rising)
[Flood Engine] Reading #1344: 692.0 cm | Risk: CRITICAL
[Sim Loop] Processing reading
[Broadcast] No active connections, skipping
[Simulator] Reading #1345: 692.6 cm (rising)
[Flood Engine] Reading #1345: 692.6 cm | Risk: CRITICAL
[Sim Loop] Processing reading
[Broadcast] No active connections, skipping
[Simulator] Reading #1346: 692.8 cm (rising)
[Flood Engine] Reading #1346: 692.8 cm | Risk: CRITICAL
[Sim Loop] Processing reading
[Broadcast] No active connections, skipping
[Simulator] Reading #1347: 693.8 cm (rising)
[Flood Engine] Reading #1347: 693.8 cm | Risk: CRITICAL
[Sim Loop] Processing reading
[Broadcast] No active connections, skipping
[Simulator] Reading #1348: 694.3 cm (rising)
[Flood Engine] Reading #1348: 694.3 cm | Risk: CRITICAL
[Sim Loop] Processing reading
[Broadcast] No active connections, skipping
[Simulator] Reading #1349: 694.7 cm (rising)
[Flood Engine] Reading #1349: 694.7 cm | Risk: CRITICAL
[Sim Loop] Processing reading
[Broadcast] No active connections, skipping
[Simulator] Reading #1350: 694.8 cm (rising)
[Flood Engine] Reading #1350: 694.8 cm | Risk: CRITICAL
[Sim Loop] Processing reading
[Broadcast] No active connections, skipping
[Simulator] Reading #1351: 695.3 cm (rising)
[Flood Engine] Reading #1351: 695.3 cm | Risk: CRITICAL
[Sim Loop] Processing reading
[Broadcast] No active connections, skipping
[Simulator] Reading #1352: 695.7 cm (rising)
[Flood Engine] Reading #1352: 695.7 cm | Risk: CRITICAL
[Sim Loop] Processing reading
[Broadcast] No active connections, skipping
[Simulator] Reading #1353: 696.3 cm (rising)
[Flood Engine] Reading #1353: 696.3 cm | Risk: CRITICAL
[Sim Loop] Processing reading
[Broadcast] No active connections, skipping
[Simulator] Reading #1354: 697.2 cm (rising)
[Flood Engine] Reading #1354: 697.2 cm | Risk: CRITICAL
[Sim Loop] Processing reading
[Broadcast] No active connections, skipping
[Simulator] Reading #1355: 697.3 cm (rising)
[Flood Engine] Reading #1355: 697.3 cm | Risk: CRITICAL
[Sim Loop] Processing reading
[Broadcast] No active connections, skipping
[Simulator] Reading #1356: 698.3 cm (rising)
[Flood Engine] Reading #1356: 698.3 cm | Risk: CRITICAL
[Sim Loop] Processing reading
[Broadcast] No active connections, skipping
[Simulator] Reading #1357: 698.7 cm (rising)
[Flood Engine] Reading #1357: 698.7 cm | Risk: CRITICAL
[Sim Loop] Processing reading
[Broadcast] No active connections, skipping
[Simulator] Reading #1358: 698.9 cm (rising)
[Flood Engine] Reading #1358: 698.9 cm | Risk: CRITICAL
[Sim Loop] Processing reading
[Broadcast] No active connections, skipping
[Simulator] Reading #1359: 699.7 cm (rising)
[Flood Engine] Reading #1359: 699.7 cm | Risk: CRITICAL
[Sim Loop] Processing reading
[Broadcast] No active connections, skipping
[Simulator] Reading #1360: 699.8 cm (rising)
[Flood Engine] Reading #1360: 699.8 cm | Risk: CRITICAL
[Sim Loop] Processing reading
[Broadcast] No active connections, skipping
[Simulator] Reading #1361: 700.8 cm (rising)
[Flood Engine] Reading #1361: 700.8 cm | Risk: CRITICAL
[Sim Loop] Processing reading
[Broadcast] No active connections, skipping
[Simulator] Reading #1362: 701.0 cm (rising)
[Flood Engine] Reading #1362: 701.0 cm | Risk: CRITICAL
[Sim Loop] Processing reading
[Broadcast] No active connections, skipping
[Simulator] Reading #1363: 701.8 cm (rising)
[Flood Engine] Reading #1363: 701.8 cm | Risk: CRITICAL
[Sim Loop] Processing reading
[Broadcast] No active connections, skipping
[Simulator] Reading #1364: 701.8 cm (rising)
[Flood Engine] Reading #1364: 701.8 cm | Risk: CRITICAL
[Sim Loop] Processing reading
[Broadcast] No active connections, skipping
[Simulator] Reading #1365: 702.5 cm (rising)
[Flood Engine] Reading #1365: 702.5 cm | Risk: CRITICAL
[Sim Loop] Processing reading
[Broadcast] No active connections, skipping
[Simulator] Reading #1366: 703.0 cm (rising)
[Flood Engine] Reading #1366: 703.0 cm | Risk: CRITICAL
[Sim Loop] Processing reading
[Broadcast] No active connections, skipping
[Simulator] Reading #1367: 703.4 cm (rising)
[Flood Engine] Reading #1367: 703.4 cm | Risk: CRITICAL
[Sim Loop] Processing reading
[Broadcast] No active connections, skipping
[Simulator] Reading #1368: 704.2 cm (rising)
[Flood Engine] Reading #1368: 704.2 cm | Risk: CRITICAL
[Sim Loop] Processing reading
[Broadcast] No active connections, skipping
[Simulator] Reading #1369: 704.8 cm (rising)
[Flood Engine] Reading #1369: 704.8 cm | Risk: CRITICAL
[Sim Loop] Processing reading
[Broadcast] No active connections, skipping
[Simulator] Reading #1370: 704.9 cm (rising)
[Flood Engine] Reading #1370: 704.9 cm | Risk: CRITICAL
[Sim Loop] Processing reading
[Broadcast] No active connections, skipping
[Simulator] Reading #1371: 705.6 cm (rising)
[Flood Engine] Reading #1371: 705.6 cm | Risk: CRITICAL
[Sim Loop] Processing reading
[Broadcast] No active connections, skipping
[Simulator] Reading #1372: 706.1 cm (rising)
[Flood Engine] Reading #1372: 706.1 cm | Risk: CRITICAL
[Sim Loop] Processing reading
[Broadcast] No active connections, skipping
[Simulator] Reading #1373: 706.3 cm (rising)
[Flood Engine] Reading #1373: 706.3 cm | Risk: CRITICAL
[Sim Loop] Processing reading
[Broadcast] No active connections, skipping
[Simulator] Reading #1374: 707.1 cm (rising)
[Flood Engine] Reading #1374: 707.1 cm | Risk: CRITICAL
[Sim Loop] Processing reading
[Broadcast] No active connections, skipping
[Simulator] Reading #1375: 707.8 cm (rising)
[Flood Engine] Reading #1375: 707.8 cm | Risk: CRITICAL
[Sim Loop] Processing reading
[Broadcast] No active connections, skipping
[Simulator] Reading #1376: 707.8 cm (rising)
[Flood Engine] Reading #1376: 707.8 cm | Risk: CRITICAL
[Sim Loop] Processing reading
[Broadcast] No active connections, skipping
[Simulator] Reading #1377: 708.3 cm (rising)
[Flood Engine] Reading #1377: 708.3 cm | Risk: CRITICAL
[Sim Loop] Processing reading
[Broadcast] No active connections, skipping
[Simulator] Reading #1378: 709.1 cm (rising)
[Flood Engine] Reading #1378: 709.1 cm | Risk: CRITICAL
[Sim Loop] Processing reading
[Broadcast] No active connections, skipping
[Simulator] Reading #1379: 709.8 cm (rising)
[Flood Engine] Reading #1379: 709.8 cm | Risk: CRITICAL
[Sim Loop] Processing reading
[Broadcast] No active connections, skipping
[Simulator] Reading #1380: 710.1 cm (rising)
[Flood Engine] Reading #1380: 710.1 cm | Risk: CRITICAL
[Sim Loop] Processing reading
[Broadcast] No active connections, skipping
[Simulator] Reading #1381: 710.5 cm (rising)
[Flood Engine] Reading #1381: 710.5 cm | Risk: CRITICAL
[Sim Loop] Processing reading
[Broadcast] No active connections, skipping
[Simulator] Reading #1382: 710.8 cm (rising)
[Flood Engine] Reading #1382: 710.8 cm | Risk: CRITICAL
[Sim Loop] Processing reading
[Broadcast] No active connections, skipping
[Simulator] Reading #1383: 711.6 cm (rising)
[Flood Engine] Reading #1383: 711.6 cm | Risk: CRITICAL
[Sim Loop] Processing reading
[Broadcast] No active connections, skipping
[Simulator] Reading #1384: 712.0 cm (rising)
[Flood Engine] Reading #1384: 712.0 cm | Risk: CRITICAL
[Sim Loop] Processing reading
[Broadcast] No active connections, skipping
[Simulator] Reading #1385: 712.4 cm (rising)
[Flood Engine] Reading #1385: 712.4 cm | Risk: CRITICAL
[Sim Loop] Processing reading
[Broadcast] No active connections, skipping
[Simulator] Reading #1386: 713.0 cm (rising)
[Flood Engine] Reading #1386: 713.0 cm | Risk: CRITICAL
[Sim Loop] Processing reading
[Broadcast] No active connections, skipping
[Simulator] Reading #1387: 713.3 cm (rising)
[Flood Engine] Reading #1387: 713.3 cm | Risk: CRITICAL
[Sim Loop] Processing reading
[Broadcast] No active connections, skipping
[Simulator] Reading #1388: 714.0 cm (rising)
[Flood Engine] Reading #1388: 714.0 cm | Risk: CRITICAL
[Sim Loop] Processing reading
[Broadcast] No active connections, skipping
[Simulator] Reading #1389: 714.6 cm (rising)
[Flood Engine] Reading #1389: 714.6 cm | Risk: CRITICAL
[Sim Loop] Processing reading
[Broadcast] No active connections, skipping
[Simulator] Reading #1390: 715.2 cm (rising)
[Flood Engine] Reading #1390: 715.2 cm | Risk: CRITICAL
[Sim Loop] Processing reading
[Broadcast] No active connections, skipping
[Simulator] Reading #1391: 715.4 cm (rising)
[Flood Engine] Reading #1391: 715.4 cm | Risk: CRITICAL
[Sim Loop] Processing reading
[Broadcast] No active connections, skipping
[Simulator] Reading #1392: 715.9 cm (rising)
[Flood Engine] Reading #1392: 715.9 cm | Risk: CRITICAL
[Sim Loop] Processing reading
[Broadcast] No active connections, skipping
[Simulator] Reading #1393: 716.5 cm (rising)
[Flood Engine] Reading #1393: 716.5 cm | Risk: CRITICAL
[Sim Loop] Processing reading
[Broadcast] No active connections, skipping
[Simulator] Reading #1394: 717.0 cm (rising)
[Flood Engine] Reading #1394: 717.0 cm | Risk: CRITICAL
[Sim Loop] Processing reading
[Broadcast] No active connections, skipping
[Simulator] Reading #1395: 717.3 cm (rising)
[Flood Engine] Reading #1395: 717.3 cm | Risk: CRITICAL
[Sim Loop] Processing reading
[Broadcast] No active connections, skipping
[Simulator] Reading #1396: 718.3 cm (rising)
[Flood Engine] Reading #1396: 718.3 cm | Risk: CRITICAL
[Sim Loop] Processing reading
[Broadcast] No active connections, skipping
[Simulator] Reading #1397: 718.8 cm (rising)
[Flood Engine] Reading #1397: 718.8 cm | Risk: CRITICAL
[Sim Loop] Processing reading
[Broadcast] No active connections, skipping
[Simulator] Reading #1398: 719.0 cm (rising)
[Flood Engine] Reading #1398: 719.0 cm | Risk: CRITICAL
[Sim Loop] Processing reading
[Broadcast] No active connections, skipping
[Simulator] Reading #1399: 719.7 cm (rising)
[Flood Engine] Reading #1399: 719.7 cm | Risk: CRITICAL
[Sim Loop] Processing reading
[Broadcast] No active connections, skipping
[Simulator] Reading #1400: 719.7 cm (rising)
[Flood Engine] Reading #1400: 719.7 cm | Risk: CRITICAL
[Sim Loop] Processing reading
[Broadcast] No active connections, skipping
[Simulator] Reading #1401: 720.4 cm (rising)
[Flood Engine] Reading #1401: 720.4 cm | Risk: CRITICAL
[Sim Loop] Processing reading
[Broadcast] No active connections, skipping
[Simulator] Reading #1402: 720.8 cm (rising)
[Flood Engine] Reading #1402: 720.8 cm | Risk: CRITICAL
[Sim Loop] Processing reading
[Broadcast] No active connections, skipping
[Simulator] Reading #1403: 721.7 cm (rising)
[Flood Engine] Reading #1403: 721.7 cm | Risk: CRITICAL
[Sim Loop] Processing reading
[Broadcast] No active connections, skipping
[Simulator] Reading #1404: 722.2 cm (rising)
[Flood Engine] Reading #1404: 722.2 cm | Risk: CRITICAL
[Sim Loop] Processing reading
[Broadcast] No active connections, skipping
[Simulator] Reading #1405: 722.4 cm (rising)
[Flood Engine] Reading #1405: 722.4 cm | Risk: CRITICAL
[Sim Loop] Processing reading
[Broadcast] No active connections, skipping
[Simulator] Reading #1406: 722.7 cm (rising)
[Flood Engine] Reading #1406: 722.7 cm | Risk: CRITICAL
[Sim Loop] Processing reading
[Broadcast] No active connections, skipping
[Simulator] Reading #1407: 723.5 cm (rising)
[Flood Engine] Reading #1407: 723.5 cm | Risk: CRITICAL
[Sim Loop] Processing reading
[Broadcast] No active connections, skipping
[Simulator] Reading #1408: 723.7 cm (rising)
[Flood Engine] Reading #1408: 723.7 cm | Risk: CRITICAL
[Sim Loop] Processing reading
[Broadcast] No active connections, skipping
[Simulator] Reading #1409: 724.8 cm (rising)
[Flood Engine] Reading #1409: 724.8 cm | Risk: CRITICAL
[Sim Loop] Processing reading
[Broadcast] No active connections, skipping
[Simulator] Reading #1410: 724.7 cm (rising)
[Flood Engine] Reading #1410: 724.7 cm | Risk: CRITICAL
[Sim Loop] Processing reading
[Broadcast] No active connections, skipping
[Simulator] Reading #1411: 725.3 cm (rising)
[Flood Engine] Reading #1411: 725.3 cm | Risk: CRITICAL
[Sim Loop] Processing reading
[Broadcast] No active connections, skipping
[Simulator] Reading #1412: 725.9 cm (rising)
[Flood Engine] Reading #1412: 725.9 cm | Risk: CRITICAL
[Sim Loop] Processing reading
[Broadcast] No active connections, skipping
[Simulator] Reading #1413: 726.5 cm (rising)
[Flood Engine] Reading #1413: 726.5 cm | Risk: CRITICAL
[Sim Loop] Processing reading
[Broadcast] No active connections, skipping
[Simulator] Reading #1414: 727.0 cm (rising)
[Flood Engine] Reading #1414: 727.0 cm | Risk: CRITICAL
[Sim Loop] Processing reading
[Broadcast] No active connections, skipping
[Simulator] Reading #1415: 727.6 cm (rising)
[Flood Engine] Reading #1415: 727.6 cm | Risk: CRITICAL
[Sim Loop] Processing reading
[Broadcast] No active connections, skipping
[Simulator] Reading #1416: 727.8 cm (rising)
[Flood Engine] Reading #1416: 727.8 cm | Risk: CRITICAL
[Sim Loop] Processing reading
[Broadcast] No active connections, skipping
[Simulator] Reading #1417: 728.6 cm (rising)
[Flood Engine] Reading #1417: 728.6 cm | Risk: CRITICAL
[Sim Loop] Processing reading
[Broadcast] No active connections, skipping
[Simulator] Reading #1418: 729.2 cm (rising)
[Flood Engine] Reading #1418: 729.2 cm | Risk: CRITICAL
[Sim Loop] Processing reading
[Broadcast] No active connections, skipping
[Simulator] Reading #1419: 729.2 cm (rising)
[Flood Engine] Reading #1419: 729.2 cm | Risk: CRITICAL
[Sim Loop] Processing reading
[Broadcast] No active connections, skipping
[Simulator] Reading #1420: 730.2 cm (rising)
[Flood Engine] Reading #1420: 730.2 cm | Risk: CRITICAL
[Sim Loop] Processing reading
[Broadcast] No active connections, skipping
[Simulator] Reading #1421: 730.2 cm (rising)
[Flood Engine] Reading #1421: 730.2 cm | Risk: CRITICAL
[Sim Loop] Processing reading
[Broadcast] No active connections, skipping
[Simulator] Reading #1422: 731.2 cm (rising)
[Flood Engine] Reading #1422: 731.2 cm | Risk: CRITICAL
[Sim Loop] Processing reading
[Broadcast] No active connections, skipping
[Simulator] Reading #1423: 731.8 cm (rising)
[Flood Engine] Reading #1423: 731.8 cm | Risk: CRITICAL
[Sim Loop] Processing reading
[Broadcast] No active connections, skipping
[Simulator] Reading #1424: 731.8 cm (rising)
[Flood Engine] Reading #1424: 731.8 cm | Risk: CRITICAL
[Sim Loop] Processing reading
[Broadcast] No active connections, skipping
[Simulator] Reading #1425: 732.4 cm (rising)
[Flood Engine] Reading #1425: 732.4 cm | Risk: CRITICAL
[Sim Loop] Processing reading
[Broadcast] No active connections, skipping
[Simulator] Reading #1426: 732.9 cm (rising)
[Flood Engine] Reading #1426: 732.9 cm | Risk: CRITICAL
[Sim Loop] Processing reading
[Broadcast] No active connections, skipping
[Simulator] Reading #1427: 733.6 cm (rising)
[Flood Engine] Reading #1427: 733.6 cm | Risk: CRITICAL
[Sim Loop] Processing reading
[Broadcast] No active connections, skipping
[Simulator] Reading #1428: 734.1 cm (rising)
[Flood Engine] Reading #1428: 734.1 cm | Risk: CRITICAL
[Sim Loop] Processing reading
[Broadcast] No active connections, skipping
[Simulator] Reading #1429: 734.4 cm (rising)
[Flood Engine] Reading #1429: 734.4 cm | Risk: CRITICAL
[Sim Loop] Processing reading
[Broadcast] No active connections, skipping
[Simulator] Reading #1430: 734.8 cm (rising)
[Flood Engine] Reading #1430: 734.8 cm | Risk: CRITICAL
[Sim Loop] Processing reading
[Broadcast] No active connections, skipping
[Simulator] Reading #1431: 735.3 cm (rising)
[Flood Engine] Reading #1431: 735.3 cm | Risk: CRITICAL
[Sim Loop] Processing reading
[Broadcast] No active connections, skipping
[Simulator] Reading #1432: 736.0 cm (rising)
[Flood Engine] Reading #1432: 736.0 cm | Risk: CRITICAL
[Sim Loop] Processing reading
[Broadcast] No active connections, skipping
[Simulator] Reading #1433: 736.3 cm (rising)
[Flood Engine] Reading #1433: 736.3 cm | Risk: CRITICAL
[Sim Loop] Processing reading
[Broadcast] No active connections, skipping
[Simulator] Reading #1434: 736.9 cm (rising)
[Flood Engine] Reading #1434: 736.9 cm | Risk: CRITICAL
[Sim Loop] Processing reading
[Broadcast] No active connections, skipping
[Simulator] Reading #1435: 737.3 cm (rising)
[Flood Engine] Reading #1435: 737.3 cm | Risk: CRITICAL
[Sim Loop] Processing reading
[Broadcast] No active connections, skipping
[Simulator] Reading #1436: 737.9 cm (rising)
[Flood Engine] Reading #1436: 737.9 cm | Risk: CRITICAL
[Sim Loop] Processing reading
[Broadcast] No active connections, skipping
[Simulator] Reading #1437: 738.4 cm (rising)
[Flood Engine] Reading #1437: 738.4 cm | Risk: CRITICAL
[Sim Loop] Processing reading
[Broadcast] No active connections, skipping
[Simulator] Reading #1438: 739.0 cm (rising)
[Flood Engine] Reading #1438: 739.0 cm | Risk: CRITICAL
[Sim Loop] Processing reading
[Broadcast] No active connections, skipping
[Simulator] Reading #1439: 739.5 cm (rising)
[Flood Engine] Reading #1439: 739.5 cm | Risk: CRITICAL
[Sim Loop] Processing reading
[Broadcast] No active connections, skipping
[Simulator] Reading #1440: 740.3 cm (rising)
[Flood Engine] Reading #1440: 740.3 cm | Risk: CRITICAL
[Sim Loop] Processing reading
[Broadcast] No active connections, skipping
[Simulator] Reading #1441: 740.3 cm (rising)
[Flood Engine] Reading #1441: 740.3 cm | Risk: CRITICAL
[Sim Loop] Processing reading
[Broadcast] No active connections, skipping
[Simulator] Reading #1442: 740.9 cm (rising)
[Flood Engine] Reading #1442: 740.9 cm | Risk: CRITICAL
[Sim Loop] Processing reading
[Broadcast] No active connections, skipping
[Simulator] Reading #1443: 741.4 cm (rising)
[Flood Engine] Reading #1443: 741.4 cm | Risk: CRITICAL
[Sim Loop] Processing reading
[Broadcast] No active connections, skipping
[Simulator] Reading #1444: 742.1 cm (rising)
[Flood Engine] Reading #1444: 742.1 cm | Risk: CRITICAL
[Sim Loop] Processing reading
[Broadcast] No active connections, skipping
[Simulator] Reading #1445: 742.7 cm (rising)
[Flood Engine] Reading #1445: 742.7 cm | Risk: CRITICAL
[Sim Loop] Processing reading
[Broadcast] No active connections, skipping
[Simulator] Reading #1446: 742.9 cm (rising)
[Flood Engine] Reading #1446: 742.9 cm | Risk: CRITICAL
[Sim Loop] Processing reading
[Broadcast] No active connections, skipping
[Simulator] Reading #1447: 743.7 cm (rising)
[Flood Engine] Reading #1447: 743.7 cm | Risk: CRITICAL
[Sim Loop] Processing reading
[Broadcast] No active connections, skipping
[Simulator] Reading #1448: 744.2 cm (rising)
[Flood Engine] Reading #1448: 744.2 cm | Risk: CRITICAL
[Sim Loop] Processing reading
[Broadcast] No active connections, skipping
[Simulator] Reading #1449: 744.3 cm (rising)
[Flood Engine] Reading #1449: 744.3 cm | Risk: CRITICAL
[Sim Loop] Processing reading
[Broadcast] No active connections, skipping
[Simulator] Reading #1450: 745.1 cm (rising)
[Flood Engine] Reading #1450: 745.1 cm | Risk: CRITICAL
[Sim Loop] Processing reading
[Broadcast] No active connections, skipping
[Simulator] Reading #1451: 745.3 cm (rising)
[Flood Engine] Reading #1451: 745.3 cm | Risk: CRITICAL
[Sim Loop] Processing reading
[Broadcast] No active connections, skipping
[Simulator] Reading #1452: 746.3 cm (rising)
[Flood Engine] Reading #1452: 746.3 cm | Risk: CRITICAL
[Sim Loop] Processing reading
[Broadcast] No active connections, skipping
[Simulator] Reading #1453: 746.7 cm (rising)
[Flood Engine] Reading #1453: 746.7 cm | Risk: CRITICAL
[Sim Loop] Processing reading
[Broadcast] No active connections, skipping
[Simulator] Reading #1454: 747.0 cm (rising)
[Flood Engine] Reading #1454: 747.0 cm | Risk: CRITICAL
[Sim Loop] Processing reading
[Broadcast] No active connections, skipping
[Simulator] Reading #1455: 747.6 cm (rising)
[Flood Engine] Reading #1455: 747.6 cm | Risk: CRITICAL
[Sim Loop] Processing reading
[Broadcast] No active connections, skipping
[Simulator] Reading #1456: 748.0 cm (rising)
[Flood Engine] Reading #1456: 748.0 cm | Risk: CRITICAL
[Sim Loop] Processing reading
[Broadcast] No active connections, skipping
[Simulator] Reading #1457: 748.2 cm (rising)
[Flood Engine] Reading #1457: 748.2 cm | Risk: CRITICAL
[Sim Loop] Processing reading
[Broadcast] No active connections, skipping
[Simulator] Reading #1458: 749.2 cm (rising)
[Flood Engine] Reading #1458: 749.2 cm | Risk: CRITICAL
[Sim Loop] Processing reading
[Broadcast] No active connections, skipping
[Simulator] Reading #1459: 749.7 cm (rising)
[Flood Engine] Reading #1459: 749.7 cm | Risk: CRITICAL
[Sim Loop] Processing reading
[Broadcast] No active connections, skipping
[Simulator] Reading #1460: 749.8 cm (rising)
[Flood Engine] Reading #1460: 749.8 cm | Risk: CRITICAL
[Sim Loop] Processing reading
[Broadcast] No active connections, skipping
[Simulator] Reading #1461: 750.5 cm (rising)
[Flood Engine] Reading #1461: 750.5 cm | Risk: CRITICAL
[Sim Loop] Processing reading
[Broadcast] No active connections, skipping
[Simulator] Reading #1462: 751.2 cm (rising)
[Flood Engine] Reading #1462: 751.2 cm | Risk: CRITICAL
[Sim Loop] Processing reading
[Broadcast] No active connections, skipping
[Simulator] Reading #1463: 751.4 cm (rising)
[Flood Engine] Reading #1463: 751.4 cm | Risk: CRITICAL
[Sim Loop] Processing reading
[Broadcast] No active connections, skipping
[Simulator] Reading #1464: 751.7 cm (rising)
[Flood Engine] Reading #1464: 751.7 cm | Risk: CRITICAL
[Sim Loop] Processing reading
[Broadcast] No active connections, skipping
[Simulator] Reading #1465: 752.4 cm (rising)
[Flood Engine] Reading #1465: 752.4 cm | Risk: CRITICAL
[Sim Loop] Processing reading
[Broadcast] No active connections, skipping
[Simulator] Reading #1466: 753.0 cm (rising)
[Flood Engine] Reading #1466: 753.0 cm | Risk: CRITICAL
[Sim Loop] Processing reading
[Broadcast] No active connections, skipping
[Simulator] Reading #1467: 753.4 cm (rising)
[Flood Engine] Reading #1467: 753.4 cm | Risk: CRITICAL
[Sim Loop] Processing reading
[Broadcast] No active connections, skipping
[Simulator] Reading #1468: 754.1 cm (rising)
[Flood Engine] Reading #1468: 754.1 cm | Risk: CRITICAL
[Sim Loop] Processing reading
[Broadcast] No active connections, skipping
[Simulator] Reading #1469: 754.7 cm (rising)
[Flood Engine] Reading #1469: 754.7 cm | Risk: CRITICAL
[Sim Loop] Processing reading
[Broadcast] No active connections, skipping
[Simulator] Reading #1470: 755.0 cm (rising)
[Flood Engine] Reading #1470: 755.0 cm | Risk: CRITICAL
[Sim Loop] Processing reading
[Broadcast] No active connections, skipping
[Simulator] Reading #1471: 755.5 cm (rising)
[Flood Engine] Reading #1471: 755.5 cm | Risk: CRITICAL
[Sim Loop] Processing reading
[Broadcast] No active connections, skipping
[Simulator] Reading #1472: 756.0 cm (rising)
[Flood Engine] Reading #1472: 756.0 cm | Risk: CRITICAL
[Sim Loop] Processing reading
[Broadcast] No active connections, skipping
[Simulator] Reading #1473: 756.7 cm (rising)
[Flood Engine] Reading #1473: 756.7 cm | Risk: CRITICAL
[Sim Loop] Processing reading
[Broadcast] No active connections, skipping
[Simulator] Reading #1474: 757.2 cm (rising)
[Flood Engine] Reading #1474: 757.2 cm | Risk: CRITICAL
[Sim Loop] Processing reading
[Broadcast] No active connections, skipping
[Simulator] Reading #1475: 757.2 cm (rising)
[Flood Engine] Reading #1475: 757.2 cm | Risk: CRITICAL
[Sim Loop] Processing reading
[Broadcast] No active connections, skipping
[Simulator] Reading #1476: 757.8 cm (rising)
[Flood Engine] Reading #1476: 757.8 cm | Risk: CRITICAL
[Sim Loop] Processing reading
[Broadcast] No active connections, skipping
[Simulator] Reading #1477: 758.4 cm (rising)
[Flood Engine] Reading #1477: 758.4 cm | Risk: CRITICAL
[Sim Loop] Processing reading
[Broadcast] No active connections, skipping
[Simulator] Reading #1478: 758.8 cm (rising)
[Flood Engine] Reading #1478: 758.8 cm | Risk: CRITICAL
[Sim Loop] Processing reading
[Broadcast] No active connections, skipping
[Simulator] Reading #1479: 759.6 cm (rising)
[Flood Engine] Reading #1479: 759.6 cm | Risk: CRITICAL
[Sim Loop] Processing reading
[Broadcast] No active connections, skipping
[Simulator] Reading #1480: 760.2 cm (rising)
[Flood Engine] Reading #1480: 760.2 cm | Risk: CRITICAL
[Sim Loop] Processing reading
[Broadcast] No active connections, skipping
[Simulator] Reading #1481: 760.4 cm (rising)
[Flood Engine] Reading #1481: 760.4 cm | Risk: CRITICAL
[Sim Loop] Processing reading
[Broadcast] No active connections, skipping
[Simulator] Reading #1482: 761.0 cm (rising)
[Flood Engine] Reading #1482: 761.0 cm | Risk: CRITICAL
[Sim Loop] Processing reading
[Broadcast] No active connections, skipping
[Simulator] Reading #1483: 761.3 cm (rising)
[Flood Engine] Reading #1483: 761.3 cm | Risk: CRITICAL
[Sim Loop] Processing reading
[Broadcast] No active connections, skipping
[Simulator] Reading #1484: 762.0 cm (rising)
[Flood Engine] Reading #1484: 762.0 cm | Risk: CRITICAL
[Sim Loop] Processing reading
[Broadcast] No active connections, skipping
[Simulator] Reading #1485: 762.2 cm (rising)
[Flood Engine] Reading #1485: 762.2 cm | Risk: CRITICAL
[Sim Loop] Processing reading
[Broadcast] No active connections, skipping
[Simulator] Reading #1486: 763.0 cm (rising)
[Flood Engine] Reading #1486: 763.0 cm | Risk: CRITICAL
[Sim Loop] Processing reading
[Broadcast] No active connections, skipping
[Simulator] Reading #1487: 763.5 cm (rising)
[Flood Engine] Reading #1487: 763.5 cm | Risk: CRITICAL
[Sim Loop] Processing reading
[Broadcast] No active connections, skipping
[Simulator] Reading #1488: 764.0 cm (rising)
[Flood Engine] Reading #1488: 764.0 cm | Risk: CRITICAL
[Sim Loop] Processing reading
[Broadcast] No active connections, skipping
[Simulator] Reading #1489: 764.8 cm (rising)
[Flood Engine] Reading #1489: 764.8 cm | Risk: CRITICAL
[Sim Loop] Processing reading
[Broadcast] No active connections, skipping
[Simulator] Reading #1490: 764.7 cm (rising)
[Flood Engine] Reading #1490: 764.7 cm | Risk: CRITICAL
[Sim Loop] Processing reading
[Broadcast] No active connections, skipping
[Simulator] Reading #1491: 765.4 cm (rising)
[Flood Engine] Reading #1491: 765.4 cm | Risk: CRITICAL
[Sim Loop] Processing reading
[Broadcast] No active connections, skipping
[Simulator] Reading #1492: 766.1 cm (rising)
[Flood Engine] Reading #1492: 766.1 cm | Risk: CRITICAL
[Sim Loop] Processing reading
[Broadcast] No active connections, skipping
[Simulator] Reading #1493: 766.7 cm (rising)
[Flood Engine] Reading #1493: 766.7 cm | Risk: CRITICAL
[Sim Loop] Processing reading
[Broadcast] No active connections, skipping
[Simulator] Reading #1494: 767.0 cm (rising)
[Flood Engine] Reading #1494: 767.0 cm | Risk: CRITICAL
[Sim Loop] Processing reading
[Broadcast] No active connections, skipping
[Simulator] Reading #1495: 767.6 cm (rising)
[Flood Engine] Reading #1495: 767.6 cm | Risk: CRITICAL
[Sim Loop] Processing reading
[Broadcast] No active connections, skipping
[Simulator] Reading #1496: 768.0 cm (rising)
[Flood Engine] Reading #1496: 768.0 cm | Risk: CRITICAL
[Sim Loop] Processing reading
[Broadcast] No active connections, skipping
[Simulator] Reading #1497: 768.2 cm (rising)
[Flood Engine] Reading #1497: 768.2 cm | Risk: CRITICAL
[Sim Loop] Processing reading
[Broadcast] No active connections, skipping
[Simulator] Reading #1498: 769.1 cm (rising)
[Flood Engine] Reading #1498: 769.1 cm | Risk: CRITICAL
[Sim Loop] Processing reading
[Broadcast] No active connections, skipping
[Simulator] Reading #1499: 769.6 cm (rising)
[Flood Engine] Reading #1499: 769.6 cm | Risk: CRITICAL
[Sim Loop] Processing reading
[Broadcast] No active connections, skipping
[Simulator] Reading #1500: 769.8 cm (rising)
[Flood Engine] Reading #1500: 769.8 cm | Risk: CRITICAL
[Sim Loop] Processing reading
[Broadcast] No active connections, skipping
[Simulator] Reading #1501: 770.5 cm (rising)
[Flood Engine] Reading #1501: 770.5 cm | Risk: CRITICAL
[Sim Loop] Processing reading
[Broadcast] No active connections, skipping
[Simulator] Reading #1502: 770.8 cm (rising)
[Flood Engine] Reading #1502: 770.8 cm | Risk: CRITICAL
[Sim Loop] Processing reading
[Broadcast] No active connections, skipping
[Simulator] Reading #1503: 771.4 cm (rising)
[Flood Engine] Reading #1503: 771.4 cm | Risk: CRITICAL
[Sim Loop] Processing reading
[Broadcast] No active connections, skipping
[Simulator] Reading #1504: 772.0 cm (rising)
[Flood Engine] Reading #1504: 772.0 cm | Risk: CRITICAL
[Sim Loop] Processing reading
[Broadcast] No active connections, skipping
[Simulator] Reading #1505: 772.4 cm (rising)
[Flood Engine] Reading #1505: 772.4 cm | Risk: CRITICAL
[Sim Loop] Processing reading
[Broadcast] No active connections, skipping
[Simulator] Reading #1506: 773.1 cm (rising)
[Flood Engine] Reading #1506: 773.1 cm | Risk: CRITICAL
[Sim Loop] Processing reading
[Broadcast] No active connections, skipping
[Simulator] Reading #1507: 773.6 cm (rising)
[Flood Engine] Reading #1507: 773.6 cm | Risk: CRITICAL
[Sim Loop] Processing reading
[Broadcast] No active connections, skipping
[Simulator] Reading #1508: 774.0 cm (rising)
[Flood Engine] Reading #1508: 774.0 cm | Risk: CRITICAL
[Sim Loop] Processing reading
[Broadcast] No active connections, skipping
[Simulator] Reading #1509: 774.4 cm (rising)
[Flood Engine] Reading #1509: 774.4 cm | Risk: CRITICAL
[Sim Loop] Processing reading
[Broadcast] No active connections, skipping
[Simulator] Reading #1510: 774.9 cm (rising)
[Flood Engine] Reading #1510: 774.9 cm | Risk: CRITICAL
[Sim Loop] Processing reading
[Broadcast] No active connections, skipping
[Simulator] Reading #1511: 775.2 cm (rising)
[Flood Engine] Reading #1511: 775.2 cm | Risk: CRITICAL
[Sim Loop] Processing reading
[Broadcast] No active connections, skipping
[Simulator] Reading #1512: 775.8 cm (rising)
[Flood Engine] Reading #1512: 775.8 cm | Risk: CRITICAL
[Sim Loop] Processing reading
[Broadcast] No active connections, skipping
[Simulator] Reading #1513: 776.3 cm (rising)
[Flood Engine] Reading #1513: 776.3 cm | Risk: CRITICAL
[Sim Loop] Processing reading
[Broadcast] No active connections, skipping
[Simulator] Reading #1514: 777.3 cm (rising)
[Flood Engine] Reading #1514: 777.3 cm | Risk: CRITICAL
[Sim Loop] Processing reading
[Broadcast] No active connections, skipping
[Simulator] Reading #1515: 777.6 cm (rising)
[Flood Engine] Reading #1515: 777.6 cm | Risk: CRITICAL
[Sim Loop] Processing reading
[Broadcast] No active connections, skipping
[Simulator] Reading #1516: 778.0 cm (rising)
[Flood Engine] Reading #1516: 778.0 cm | Risk: CRITICAL
[Sim Loop] Processing reading
[Broadcast] No active connections, skipping
[Simulator] Reading #1517: 778.4 cm (rising)
[Flood Engine] Reading #1517: 778.4 cm | Risk: CRITICAL
[Sim Loop] Processing reading
[Broadcast] No active connections, skipping
[Simulator] Reading #1518: 778.9 cm (rising)
[Flood Engine] Reading #1518: 778.9 cm | Risk: CRITICAL
[Sim Loop] Processing reading
[Broadcast] No active connections, skipping
[Simulator] Reading #1519: 779.4 cm (rising)
[Flood Engine] Reading #1519: 779.4 cm | Risk: CRITICAL
[Sim Loop] Processing reading
[Broadcast] No active connections, skipping
[Simulator] Reading #1520: 779.9 cm (rising)
[Flood Engine] Reading #1520: 779.9 cm | Risk: CRITICAL
[Sim Loop] Processing reading
[Broadcast] No active connections, skipping
[Simulator] Reading #1521: 780.5 cm (rising)
[Flood Engine] Reading #1521: 780.5 cm | Risk: CRITICAL
[Sim Loop] Processing reading
[Broadcast] No active connections, skipping
[Simulator] Reading #1522: 780.8 cm (rising)
[Flood Engine] Reading #1522: 780.8 cm | Risk: CRITICAL
[Sim Loop] Processing reading
[Broadcast] No active connections, skipping
[Simulator] Reading #1523: 781.3 cm (rising)
[Flood Engine] Reading #1523: 781.3 cm | Risk: CRITICAL
[Sim Loop] Processing reading
[Broadcast] No active connections, skipping
[Simulator] Reading #1524: 781.9 cm (rising)
[Flood Engine] Reading #1524: 781.9 cm | Risk: CRITICAL
[Sim Loop] Processing reading
[Broadcast] No active connections, skipping
[Simulator] Reading #1525: 782.7 cm (rising)
[Flood Engine] Reading #1525: 782.7 cm | Risk: CRITICAL
[Sim Loop] Processing reading
[Broadcast] No active connections, skipping
[Simulator] Reading #1526: 782.8 cm (rising)
[Flood Engine] Reading #1526: 782.8 cm | Risk: CRITICAL
[Sim Loop] Processing reading
[Broadcast] No active connections, skipping
[Simulator] Reading #1527: 783.6 cm (rising)
[Flood Engine] Reading #1527: 783.6 cm | Risk: CRITICAL
[Sim Loop] Processing reading
[Broadcast] No active connections, skipping
[Simulator] Reading #1528: 784.1 cm (rising)
[Flood Engine] Reading #1528: 784.1 cm | Risk: CRITICAL
[Sim Loop] Processing reading
[Broadcast] No active connections, skipping
[Simulator] Reading #1529: 784.5 cm (rising)
[Flood Engine] Reading #1529: 784.5 cm | Risk: CRITICAL
[Sim Loop] Processing reading
[Broadcast] No active connections, skipping
[Simulator] Reading #1530: 785.2 cm (rising)
[Flood Engine] Reading #1530: 785.2 cm | Risk: CRITICAL
[Sim Loop] Processing reading
[Broadcast] No active connections, skipping
[Simulator] Reading #1531: 785.3 cm (rising)
[Flood Engine] Reading #1531: 785.3 cm | Risk: CRITICAL
[Sim Loop] Processing reading
[Broadcast] No active connections, skipping
[Simulator] Reading #1532: 785.8 cm (rising)
[Flood Engine] Reading #1532: 785.8 cm | Risk: CRITICAL
[Sim Loop] Processing reading
[Broadcast] No active connections, skipping
[Simulator] Reading #1533: 786.6 cm (rising)
[Flood Engine] Reading #1533: 786.6 cm | Risk: CRITICAL
[Sim Loop] Processing reading
[Broadcast] No active connections, skipping
[Simulator] Reading #1534: 786.8 cm (rising)
[Flood Engine] Reading #1534: 786.8 cm | Risk: CRITICAL
[Sim Loop] Processing reading
[Broadcast] No active connections, skipping
[Simulator] Reading #1535: 787.2 cm (rising)
[Flood Engine] Reading #1535: 787.2 cm | Risk: CRITICAL
[Sim Loop] Processing reading
[Broadcast] No active connections, skipping
[Simulator] Reading #1536: 788.0 cm (rising)
[Flood Engine] Reading #1536: 788.0 cm | Risk: CRITICAL
[Sim Loop] Processing reading
[Broadcast] No active connections, skipping
[Simulator] Reading #1537: 788.8 cm (rising)
[Flood Engine] Reading #1537: 788.8 cm | Risk: CRITICAL
[Sim Loop] Processing reading
[Broadcast] No active connections, skipping
[Simulator] Reading #1538: 789.3 cm (rising)
[Flood Engine] Reading #1538: 789.3 cm | Risk: CRITICAL
[Sim Loop] Processing reading
[Broadcast] No active connections, skipping
[Simulator] Reading #1539: 789.6 cm (rising)
[Flood Engine] Reading #1539: 789.6 cm | Risk: CRITICAL
[Sim Loop] Processing reading
[Broadcast] No active connections, skipping
[Simulator] Reading #1540: 790.1 cm (rising)
[Flood Engine] Reading #1540: 790.1 cm | Risk: CRITICAL
[Sim Loop] Processing reading
[Broadcast] No active connections, skipping
[Simulator] Reading #1541: 790.2 cm (rising)
[Flood Engine] Reading #1541: 790.2 cm | Risk: CRITICAL
[Sim Loop] Processing reading
[Broadcast] No active connections, skipping
[Simulator] Reading #1542: 791.0 cm (rising)
[Flood Engine] Reading #1542: 791.0 cm | Risk: CRITICAL
[Sim Loop] Processing reading
[Broadcast] No active connections, skipping
[Simulator] Reading #1543: 791.5 cm (rising)
[Flood Engine] Reading #1543: 791.5 cm | Risk: CRITICAL
[Sim Loop] Processing reading
[Broadcast] No active connections, skipping
[Simulator] Reading #1544: 792.0 cm (rising)
[Flood Engine] Reading #1544: 792.0 cm | Risk: CRITICAL
[Sim Loop] Processing reading
[Broadcast] No active connections, skipping
[Simulator] Reading #1545: 792.5 cm (rising)
[Flood Engine] Reading #1545: 792.5 cm | Risk: CRITICAL
[Sim Loop] Processing reading
[Broadcast] No active connections, skipping
[Simulator] Reading #1546: 792.7 cm (rising)
[Flood Engine] Reading #1546: 792.7 cm | Risk: CRITICAL
[Sim Loop] Processing reading
[Broadcast] No active connections, skipping
[Simulator] Reading #1547: 793.7 cm (rising)
[Flood Engine] Reading #1547: 793.7 cm | Risk: CRITICAL
[Sim Loop] Processing reading
[Broadcast] No active connections, skipping
[Simulator] Reading #1548: 794.1 cm (rising)
[Flood Engine] Reading #1548: 794.1 cm | Risk: CRITICAL
[Sim Loop] Processing reading
[Broadcast] No active connections, skipping
[Simulator] Reading #1549: 794.5 cm (rising)
[Flood Engine] Reading #1549: 794.5 cm | Risk: CRITICAL
[Sim Loop] Processing reading
[Broadcast] No active connections, skipping
[Simulator] Reading #1550: 794.8 cm (rising)
[Flood Engine] Reading #1550: 794.8 cm | Risk: CRITICAL
[Sim Loop] Processing reading
[Broadcast] No active connections, skipping
[Simulator] Reading #1551: 795.5 cm (rising)
[Flood Engine] Reading #1551: 795.5 cm | Risk: CRITICAL
[Sim Loop] Processing reading
[Broadcast] No active connections, skipping
[Simulator] Reading #1552: 796.1 cm (rising)
[Flood Engine] Reading #1552: 796.1 cm | Risk: CRITICAL
[Sim Loop] Processing reading
[Broadcast] No active connections, skipping
[Simulator] Reading #1553: 796.3 cm (rising)
[Flood Engine] Reading #1553: 796.3 cm | Risk: CRITICAL
[Sim Loop] Processing reading
[Broadcast] No active connections, skipping
[Simulator] Reading #1554: 797.0 cm (rising)
[Flood Engine] Reading #1554: 797.0 cm | Risk: CRITICAL
[Sim Loop] Processing reading
[Broadcast] No active connections, skipping
[Simulator] Reading #1555: 797.6 cm (rising)
[Flood Engine] Reading #1555: 797.6 cm | Risk: CRITICAL
[Sim Loop] Processing reading
[Broadcast] No active connections, skipping
[Simulator] Reading #1556: 798.2 cm (rising)
[Flood Engine] Reading #1556: 798.2 cm | Risk: CRITICAL
[Sim Loop] Processing reading
[Broadcast] No active connections, skipping
[Simulator] Reading #1557: 798.8 cm (rising)
[Flood Engine] Reading #1557: 798.8 cm | Risk: CRITICAL
[Sim Loop] Processing reading
[Broadcast] No active connections, skipping
[Simulator] Reading #1558: 799.2 cm (rising)
[Flood Engine] Reading #1558: 799.2 cm | Risk: CRITICAL
[Sim Loop] Processing reading
[Broadcast] No active connections, skipping
[Simulator] Reading #1559: 799.5 cm (rising)
[Flood Engine] Reading #1559: 799.5 cm | Risk: CRITICAL
[Sim Loop] Processing reading
[Broadcast] No active connections, skipping
[Simulator] Reading #1560: 800.2 cm (rising)
[Flood Engine] Reading #1560: 800.2 cm | Risk: CRITICAL
[Sim Loop] Processing reading
[Broadcast] No active connections, skipping
[Simulator] Reading #1561: 800.3 cm (rising)
[Flood Engine] Reading #1561: 800.3 cm | Risk: CRITICAL
[Sim Loop] Processing reading
[Broadcast] No active connections, skipping
[Simulator] Reading #1562: 801.2 cm (rising)
[Flood Engine] Reading #1562: 801.2 cm | Risk: CRITICAL
[Sim Loop] Processing reading
[Broadcast] No active connections, skipping
[Simulator] Reading #1563: 801.5 cm (rising)
[Flood Engine] Reading #1563: 801.5 cm | Risk: CRITICAL
[Sim Loop] Processing reading
[Broadcast] No active connections, skipping
[Simulator] Reading #1564: 801.8 cm (rising)
[Flood Engine] Reading #1564: 801.8 cm | Risk: CRITICAL
[Sim Loop] Processing reading
[Broadcast] No active connections, skipping
[Simulator] Reading #1565: 802.5 cm (rising)
[Flood Engine] Reading #1565: 802.5 cm | Risk: CRITICAL
[Sim Loop] Processing reading
[Broadcast] No active connections, skipping
[Simulator] Reading #1566: 802.8 cm (rising)
[Flood Engine] Reading #1566: 802.8 cm | Risk: CRITICAL
[Sim Loop] Processing reading
[Broadcast] No active connections, skipping
[Simulator] Reading #1567: 803.5 cm (rising)
[Flood Engine] Reading #1567: 803.5 cm | Risk: CRITICAL
[Sim Loop] Processing reading
[Broadcast] No active connections, skipping
[Simulator] Reading #1568: 804.1 cm (rising)
[Flood Engine] Reading #1568: 804.1 cm | Risk: CRITICAL
[Sim Loop] Processing reading
[Broadcast] No active connections, skipping
[Simulator] Reading #1569: 804.2 cm (rising)
[Flood Engine] Reading #1569: 804.2 cm | Risk: CRITICAL
[Sim Loop] Processing reading
[Broadcast] No active connections, skipping
[Simulator] Reading #1570: 805.1 cm (rising)
[Flood Engine] Reading #1570: 805.1 cm | Risk: CRITICAL
[Sim Loop] Processing reading
[Broadcast] No active connections, skipping
[Simulator] Reading #1571: 805.3 cm (rising)
[Flood Engine] Reading #1571: 805.3 cm | Risk: CRITICAL
[Sim Loop] Processing reading
[Broadcast] No active connections, skipping
[Simulator] Reading #1572: 806.0 cm (rising)
[Flood Engine] Reading #1572: 806.0 cm | Risk: CRITICAL
[Sim Loop] Processing reading
[Broadcast] No active connections, skipping
[Simulator] Reading #1573: 806.3 cm (rising)
[Flood Engine] Reading #1573: 806.3 cm | Risk: CRITICAL
[Sim Loop] Processing reading
[Broadcast] No active connections, skipping
[Simulator] Reading #1574: 807.2 cm (rising)
[Flood Engine] Reading #1574: 807.2 cm | Risk: CRITICAL
[Sim Loop] Processing reading
[Broadcast] No active connections, skipping
[Simulator] Reading #1575: 807.7 cm (rising)
[Flood Engine] Reading #1575: 807.7 cm | Risk: CRITICAL
[Sim Loop] Processing reading
[Broadcast] No active connections, skipping
[Simulator] Reading #1576: 807.8 cm (rising)
[Flood Engine] Reading #1576: 807.8 cm | Risk: CRITICAL
[Sim Loop] Processing reading
[Broadcast] No active connections, skipping
[Simulator] Reading #1577: 808.7 cm (rising)
[Flood Engine] Reading #1577: 808.7 cm | Risk: CRITICAL
[Sim Loop] Processing reading
[Broadcast] No active connections, skipping
[Simulator] Reading #1578: 808.7 cm (rising)
[Flood Engine] Reading #1578: 808.7 cm | Risk: CRITICAL
[Sim Loop] Processing reading
[Broadcast] No active connections, skipping
[Simulator] Reading #1579: 809.5 cm (rising)
[Flood Engine] Reading #1579: 809.5 cm | Risk: CRITICAL
[Sim Loop] Processing reading
[Broadcast] No active connections, skipping
[Simulator] Reading #1580: 810.0 cm (rising)
[Flood Engine] Reading #1580: 810.0 cm | Risk: CRITICAL
[Sim Loop] Processing reading
[Broadcast] No active connections, skipping
[Simulator] Reading #1581: 810.6 cm (rising)
[Flood Engine] Reading #1581: 810.6 cm | Risk: CRITICAL
[Sim Loop] Processing reading
[Broadcast] No active connections, skipping
[Simulator] Reading #1582: 811.1 cm (rising)
[Flood Engine] Reading #1582: 811.1 cm | Risk: CRITICAL
[Sim Loop] Processing reading
[Broadcast] No active connections, skipping
[Simulator] Reading #1583: 811.5 cm (rising)
[Flood Engine] Reading #1583: 811.5 cm | Risk: CRITICAL
[Sim Loop] Processing reading
[Broadcast] No active connections, skipping
[Simulator] Reading #1584: 811.7 cm (rising)
[Flood Engine] Reading #1584: 811.7 cm | Risk: CRITICAL
[Sim Loop] Processing reading
[Broadcast] No active connections, skipping
[Simulator] Reading #1585: 812.2 cm (rising)
[Flood Engine] Reading #1585: 812.2 cm | Risk: CRITICAL
[Sim Loop] Processing reading
[Broadcast] No active connections, skipping
[Simulator] Reading #1586: 812.8 cm (rising)
[Flood Engine] Reading #1586: 812.8 cm | Risk: CRITICAL
[Sim Loop] Processing reading
[Broadcast] No active connections, skipping
[Simulator] Reading #1587: 813.5 cm (rising)
[Flood Engine] Reading #1587: 813.5 cm | Risk: CRITICAL
[Sim Loop] Processing reading
[Broadcast] No active connections, skipping
[Simulator] Reading #1588: 813.8 cm (rising)
[Flood Engine] Reading #1588: 813.8 cm | Risk: CRITICAL
[Sim Loop] Processing reading
[Broadcast] No active connections, skipping
[Simulator] Reading #1589: 814.7 cm (rising)
[Flood Engine] Reading #1589: 814.7 cm | Risk: CRITICAL
[Sim Loop] Processing reading
[Broadcast] No active connections, skipping
[Simulator] Reading #1590: 815.3 cm (rising)
[Flood Engine] Reading #1590: 815.3 cm | Risk: CRITICAL
[Sim Loop] Processing reading
[Broadcast] No active connections, skipping
[Simulator] Reading #1591: 815.6 cm (rising)
[Flood Engine] Reading #1591: 815.6 cm | Risk: CRITICAL
[Sim Loop] Processing reading
[Broadcast] No active connections, skipping
[Simulator] Reading #1592: 815.9 cm (rising)
[Flood Engine] Reading #1592: 815.9 cm | Risk: CRITICAL
[Sim Loop] Processing reading
[Broadcast] No active connections, skipping
[Simulator] Reading #1593: 816.6 cm (rising)
[Flood Engine] Reading #1593: 816.6 cm | Risk: CRITICAL
[Sim Loop] Processing reading
[Broadcast] No active connections, skipping
[Simulator] Reading #1594: 816.9 cm (rising)
[Flood Engine] Reading #1594: 816.9 cm | Risk: CRITICAL
[Sim Loop] Processing reading
[Broadcast] No active connections, skipping
[Simulator] Reading #1595: 817.4 cm (rising)
[Flood Engine] Reading #1595: 817.4 cm | Risk: CRITICAL
[Sim Loop] Processing reading
[Broadcast] No active connections, skipping
[Simulator] Reading #1596: 817.9 cm (rising)
[Flood Engine] Reading #1596: 817.9 cm | Risk: CRITICAL
[Sim Loop] Processing reading
[Broadcast] No active connections, skipping
[Simulator] Reading #1597: 818.2 cm (rising)
[Flood Engine] Reading #1597: 818.2 cm | Risk: CRITICAL
[Sim Loop] Processing reading
[Broadcast] No active connections, skipping
[Simulator] Reading #1598: 818.8 cm (rising)
[Flood Engine] Reading #1598: 818.8 cm | Risk: CRITICAL
[Sim Loop] Processing reading
[Broadcast] No active connections, skipping
[Simulator] Reading #1599: 819.6 cm (rising)
[Flood Engine] Reading #1599: 819.6 cm | Risk: CRITICAL
[Sim Loop] Processing reading
[Broadcast] No active connections, skipping
[Simulator] Reading #1600: 820.1 cm (rising)
[Flood Engine] Reading #1600: 820.1 cm | Risk: CRITICAL
[Sim Loop] Processing reading
[Broadcast] No active connections, skipping
[Simulator] Reading #1601: 820.7 cm (rising)
[Flood Engine] Reading #1601: 820.7 cm | Risk: CRITICAL
[Sim Loop] Processing reading
[Broadcast] No active connections, skipping
[Simulator] Reading #1602: 821.1 cm (rising)
[Flood Engine] Reading #1602: 821.1 cm | Risk: CRITICAL
[Sim Loop] Processing reading
[Broadcast] No active connections, skipping
[Simulator] Reading #1603: 821.6 cm (rising)
[Flood Engine] Reading #1603: 821.6 cm | Risk: CRITICAL
[Sim Loop] Processing reading
[Broadcast] No active connections, skipping
[Simulator] Reading #1604: 822.1 cm (rising)
[Flood Engine] Reading #1604: 822.1 cm | Risk: CRITICAL
[Sim Loop] Processing reading
[Broadcast] No active connections, skipping
[Simulator] Reading #1605: 822.3 cm (rising)
[Flood Engine] Reading #1605: 822.3 cm | Risk: CRITICAL
[Sim Loop] Processing reading
[Broadcast] No active connections, skipping
[Simulator] Reading #1606: 822.8 cm (rising)
[Flood Engine] Reading #1606: 822.8 cm | Risk: CRITICAL
[Sim Loop] Processing reading
[Broadcast] No active connections, skipping
[Simulator] Reading #1607: 823.3 cm (rising)
[Flood Engine] Reading #1607: 823.3 cm | Risk: CRITICAL
[Sim Loop] Processing reading
[Broadcast] No active connections, skipping
[Simulator] Reading #1608: 823.9 cm (rising)
[Flood Engine] Reading #1608: 823.9 cm | Risk: CRITICAL
[Sim Loop] Processing reading
[Broadcast] No active connections, skipping
[Simulator] Reading #1609: 824.8 cm (rising)
[Flood Engine] Reading #1609: 824.8 cm | Risk: CRITICAL
[Sim Loop] Processing reading
[Broadcast] No active connections, skipping
[Simulator] Reading #1610: 824.9 cm (rising)
[Flood Engine] Reading #1610: 824.9 cm | Risk: CRITICAL
[Sim Loop] Processing reading
[Broadcast] No active connections, skipping
[Simulator] Reading #1611: 825.4 cm (rising)
[Flood Engine] Reading #1611: 825.4 cm | Risk: CRITICAL
[Sim Loop] Processing reading
[Broadcast] No active connections, skipping
[Simulator] Reading #1612: 826.1 cm (rising)
[Flood Engine] Reading #1612: 826.1 cm | Risk: CRITICAL
[Sim Loop] Processing reading
[Broadcast] No active connections, skipping
[Simulator] Reading #1613: 826.5 cm (rising)
[Flood Engine] Reading #1613: 826.5 cm | Risk: CRITICAL
[Sim Loop] Processing reading
[Broadcast] No active connections, skipping
[Simulator] Reading #1614: 827.1 cm (rising)
[Flood Engine] Reading #1614: 827.1 cm | Risk: CRITICAL
[Sim Loop] Processing reading
[Broadcast] No active connections, skipping
[Simulator] Reading #1615: 827.6 cm (rising)
[Flood Engine] Reading #1615: 827.6 cm | Risk: CRITICAL
[Sim Loop] Processing reading
[Broadcast] No active connections, skipping
[Simulator] Reading #1616: 828.2 cm (rising)
[Flood Engine] Reading #1616: 828.2 cm | Risk: CRITICAL
[Sim Loop] Processing reading
[Broadcast] No active connections, skipping
[Simulator] Reading #1617: 828.6 cm (rising)
[Flood Engine] Reading #1617: 828.6 cm | Risk: CRITICAL
[Sim Loop] Processing reading
[Broadcast] No active connections, skipping
[Simulator] Reading #1618: 828.8 cm (rising)
[Flood Engine] Reading #1618: 828.8 cm | Risk: CRITICAL
[Sim Loop] Processing reading
[Broadcast] No active connections, skipping
[Simulator] Reading #1619: 829.3 cm (rising)
[Flood Engine] Reading #1619: 829.3 cm | Risk: CRITICAL
[Sim Loop] Processing reading
[Broadcast] No active connections, skipping
[Simulator] Reading #1620: 830.0 cm (rising)
[Flood Engine] Reading #1620: 830.0 cm | Risk: CRITICAL
[Sim Loop] Processing reading
[Broadcast] No active connections, skipping
[Simulator] Reading #1621: 830.4 cm (rising)
[Flood Engine] Reading #1621: 830.4 cm | Risk: CRITICAL
[Sim Loop] Processing reading
[Broadcast] No active connections, skipping
[Simulator] Reading #1622: 830.8 cm (rising)
[Flood Engine] Reading #1622: 830.8 cm | Risk: CRITICAL
[Sim Loop] Processing reading
[Broadcast] No active connections, skipping
[Simulator] Reading #1623: 831.3 cm (rising)
[Flood Engine] Reading #1623: 831.3 cm | Risk: CRITICAL
[Sim Loop] Processing reading
[Broadcast] No active connections, skipping
[Simulator] Reading #1624: 831.8 cm (rising)
[Flood Engine] Reading #1624: 831.8 cm | Risk: CRITICAL
[Sim Loop] Processing reading
[Broadcast] No active connections, skipping
[Simulator] Reading #1625: 832.7 cm (rising)
[Flood Engine] Reading #1625: 832.7 cm | Risk: CRITICAL
[Sim Loop] Processing reading
[Broadcast] No active connections, skipping
[Simulator] Reading #1626: 832.9 cm (rising)
[Flood Engine] Reading #1626: 832.9 cm | Risk: CRITICAL
[Sim Loop] Processing reading
[Broadcast] No active connections, skipping
[Simulator] Reading #1627: 833.6 cm (rising)
[Flood Engine] Reading #1627: 833.6 cm | Risk: CRITICAL
[Sim Loop] Processing reading
[Broadcast] No active connections, skipping
[Simulator] Reading #1628: 833.9 cm (rising)
[Flood Engine] Reading #1628: 833.9 cm | Risk: CRITICAL
[Sim Loop] Processing reading
[Broadcast] No active connections, skipping
[Simulator] Reading #1629: 834.5 cm (rising)
[Flood Engine] Reading #1629: 834.5 cm | Risk: CRITICAL
[Sim Loop] Processing reading
[Broadcast] No active connections, skipping
[Simulator] Reading #1630: 834.7 cm (rising)
[Flood Engine] Reading #1630: 834.7 cm | Risk: CRITICAL
[Sim Loop] Processing reading
[Broadcast] No active connections, skipping
[Simulator] Reading #1631: 835.5 cm (rising)
[Flood Engine] Reading #1631: 835.5 cm | Risk: CRITICAL
[Sim Loop] Processing reading
[Broadcast] No active connections, skipping
[Simulator] Reading #1632: 836.0 cm (rising)
[Flood Engine] Reading #1632: 836.0 cm | Risk: CRITICAL
[Sim Loop] Processing reading
[Broadcast] No active connections, skipping
[Simulator] Reading #1633: 836.3 cm (rising)
[Flood Engine] Reading #1633: 836.3 cm | Risk: CRITICAL
[Sim Loop] Processing reading
[Broadcast] No active connections, skipping
[Simulator] Reading #1634: 837.3 cm (rising)
[Flood Engine] Reading #1634: 837.3 cm | Risk: CRITICAL
[Sim Loop] Processing reading
[Broadcast] No active connections, skipping
[Simulator] Reading #1635: 837.7 cm (rising)
[Flood Engine] Reading #1635: 837.7 cm | Risk: CRITICAL
[Sim Loop] Processing reading
[Broadcast] No active connections, skipping
[Simulator] Reading #1636: 838.1 cm (rising)
[Flood Engine] Reading #1636: 838.1 cm | Risk: CRITICAL
[Sim Loop] Processing reading
[Broadcast] No active connections, skipping
[Simulator] Reading #1637: 838.6 cm (rising)
[Flood Engine] Reading #1637: 838.6 cm | Risk: CRITICAL
[Sim Loop] Processing reading
[Broadcast] No active connections, skipping
[Simulator] Reading #1638: 839.3 cm (rising)
[Flood Engine] Reading #1638: 839.3 cm | Risk: CRITICAL
[Sim Loop] Processing reading
[Broadcast] No active connections, skipping
[Simulator] Reading #1639: 839.2 cm (rising)
[Flood Engine] Reading #1639: 839.2 cm | Risk: CRITICAL
[Sim Loop] Processing reading
[Broadcast] No active connections, skipping
[Simulator] Reading #1640: 840.2 cm (rising)
[Flood Engine] Reading #1640: 840.2 cm | Risk: CRITICAL
[Sim Loop] Processing reading
[Broadcast] No active connections, skipping
[Simulator] Reading #1641: 840.2 cm (rising)
[Flood Engine] Reading #1641: 840.2 cm | Risk: CRITICAL
[Sim Loop] Processing reading
[Broadcast] No active connections, skipping
[Simulator] Reading #1642: 841.2 cm (rising)
[Flood Engine] Reading #1642: 841.2 cm | Risk: CRITICAL
[Sim Loop] Processing reading
[Broadcast] No active connections, skipping
[Simulator] Reading #1643: 841.8 cm (rising)
[Flood Engine] Reading #1643: 841.8 cm | Risk: CRITICAL
[Sim Loop] Processing reading
[Broadcast] No active connections, skipping
[Simulator] Reading #1644: 842.3 cm (rising)
[Flood Engine] Reading #1644: 842.3 cm | Risk: CRITICAL
[Sim Loop] Processing reading
[Broadcast] No active connections, skipping
[Simulator] Reading #1645: 842.3 cm (rising)
[Flood Engine] Reading #1645: 842.3 cm | Risk: CRITICAL
[Sim Loop] Processing reading
[Broadcast] No active connections, skipping
[Simulator] Reading #1646: 842.8 cm (rising)
[Flood Engine] Reading #1646: 842.8 cm | Risk: CRITICAL
[Sim Loop] Processing reading
[Broadcast] No active connections, skipping
[Simulator] Reading #1647: 843.8 cm (rising)
[Flood Engine] Reading #1647: 843.8 cm | Risk: CRITICAL
[Sim Loop] Processing reading
[Broadcast] No active connections, skipping
[Simulator] Reading #1648: 844.0 cm (rising)
[Flood Engine] Reading #1648: 844.0 cm | Risk: CRITICAL
[Sim Loop] Processing reading
[Broadcast] No active connections, skipping
[Simulator] Reading #1649: 844.4 cm (rising)
[Flood Engine] Reading #1649: 844.4 cm | Risk: CRITICAL
[Sim Loop] Processing reading
[Broadcast] No active connections, skipping
[Simulator] Reading #1650: 845.0 cm (rising)
[Flood Engine] Reading #1650: 845.0 cm | Risk: CRITICAL
[Sim Loop] Processing reading
[Broadcast] No active connections, skipping
[Simulator] Reading #1651: 845.6 cm (rising)
[Flood Engine] Reading #1651: 845.6 cm | Risk: CRITICAL
[Sim Loop] Processing reading
[Broadcast] No active connections, skipping
[Simulator] Reading #1652: 846.1 cm (rising)
[Flood Engine] Reading #1652: 846.1 cm | Risk: CRITICAL
[Sim Loop] Processing reading
[Broadcast] No active connections, skipping
[Simulator] Reading #1653: 846.7 cm (rising)
[Flood Engine] Reading #1653: 846.7 cm | Risk: CRITICAL
[Sim Loop] Processing reading
[Broadcast] No active connections, skipping
[Simulator] Reading #1654: 847.1 cm (rising)
[Flood Engine] Reading #1654: 847.1 cm | Risk: CRITICAL
[Sim Loop] Processing reading
[Broadcast] No active connections, skipping
[Simulator] Reading #1655: 847.4 cm (rising)
[Flood Engine] Reading #1655: 847.4 cm | Risk: CRITICAL
[Sim Loop] Processing reading
[Broadcast] No active connections, skipping
[Simulator] Reading #1656: 848.1 cm (rising)
[Flood Engine] Reading #1656: 848.1 cm | Risk: CRITICAL
[Sim Loop] Processing reading
[Broadcast] No active connections, skipping
[Simulator] Reading #1657: 848.6 cm (rising)
[Flood Engine] Reading #1657: 848.6 cm | Risk: CRITICAL
[Sim Loop] Processing reading
[Broadcast] No active connections, skipping
[Simulator] Reading #1658: 848.9 cm (rising)
[Flood Engine] Reading #1658: 848.9 cm | Risk: CRITICAL
[Sim Loop] Processing reading
[Broadcast] No active connections, skipping
[Simulator] Reading #1659: 849.6 cm (rising)
[Flood Engine] Reading #1659: 849.6 cm | Risk: CRITICAL
[Sim Loop] Processing reading
[Broadcast] No active connections, skipping
[Simulator] Reading #1660: 850.1 cm (rising)
[Flood Engine] Reading #1660: 850.1 cm | Risk: CRITICAL
[Sim Loop] Processing reading
[Broadcast] No active connections, skipping
[Simulator] Reading #1661: 850.5 cm (rising)
[Flood Engine] Reading #1661: 850.5 cm | Risk: CRITICAL
[Sim Loop] Processing reading
[Broadcast] No active connections, skipping
[Simulator] Reading #1662: 851.2 cm (rising)
[Flood Engine] Reading #1662: 851.2 cm | Risk: CRITICAL
[Sim Loop] Processing reading
[Broadcast] No active connections, skipping
[Simulator] Reading #1663: 851.4 cm (rising)
[Flood Engine] Reading #1663: 851.4 cm | Risk: CRITICAL
[Sim Loop] Processing reading
[Broadcast] No active connections, skipping
[Simulator] Reading #1664: 851.7 cm (rising)
[Flood Engine] Reading #1664: 851.7 cm | Risk: CRITICAL
[Sim Loop] Processing reading
[Broadcast] No active connections, skipping
[Simulator] Reading #1665: 852.7 cm (rising)
[Flood Engine] Reading #1665: 852.7 cm | Risk: CRITICAL
[Sim Loop] Processing reading
[Broadcast] No active connections, skipping
[Simulator] Reading #1666: 853.0 cm (rising)
[Flood Engine] Reading #1666: 853.0 cm | Risk: CRITICAL
[Sim Loop] Processing reading
[Broadcast] No active connections, skipping
[Simulator] Reading #1667: 853.8 cm (rising)
[Flood Engine] Reading #1667: 853.8 cm | Risk: CRITICAL
[Sim Loop] Processing reading
[Broadcast] No active connections, skipping
[Simulator] Reading #1668: 854.0 cm (rising)
[Flood Engine] Reading #1668: 854.0 cm | Risk: CRITICAL
[Sim Loop] Processing reading
[Broadcast] No active connections, skipping
[Simulator] Reading #1669: 854.5 cm (rising)
[Flood Engine] Reading #1669: 854.5 cm | Risk: CRITICAL
[Sim Loop] Processing reading
[Broadcast] No active connections, skipping
[Simulator] Reading #1670: 854.8 cm (rising)
[Flood Engine] Reading #1670: 854.8 cm | Risk: CRITICAL
[Sim Loop] Processing reading
[Broadcast] No active connections, skipping
[Simulator] Reading #1671: 855.8 cm (rising)
[Flood Engine] Reading #1671: 855.8 cm | Risk: CRITICAL
[Sim Loop] Processing reading
[Broadcast] No active connections, skipping
[Simulator] Reading #1672: 856.2 cm (rising)
[Flood Engine] Reading #1672: 856.2 cm | Risk: CRITICAL
[Sim Loop] Processing reading
[Broadcast] No active connections, skipping
[Simulator] Reading #1673: 856.4 cm (rising)
[Flood Engine] Reading #1673: 856.4 cm | Risk: CRITICAL
[Sim Loop] Processing reading
[Broadcast] No active connections, skipping
[Simulator] Reading #1674: 857.1 cm (rising)
[Flood Engine] Reading #1674: 857.1 cm | Risk: CRITICAL
[Sim Loop] Processing reading
[Broadcast] No active connections, skipping
[Simulator] Reading #1675: 857.2 cm (rising)
[Flood Engine] Reading #1675: 857.2 cm | Risk: CRITICAL
[Sim Loop] Processing reading
[Broadcast] No active connections, skipping
[Simulator] Reading #1676: 858.2 cm (rising)
[Flood Engine] Reading #1676: 858.2 cm | Risk: CRITICAL
[Sim Loop] Processing reading
[Broadcast] No active connections, skipping
[Simulator] Reading #1677: 858.6 cm (rising)
[Flood Engine] Reading #1677: 858.6 cm | Risk: CRITICAL
[Sim Loop] Processing reading
[Broadcast] No active connections, skipping
[Simulator] Reading #1678: 859.0 cm (rising)
[Flood Engine] Reading #1678: 859.0 cm | Risk: CRITICAL
[Sim Loop] Processing reading
[Broadcast] No active connections, skipping
[Simulator] Reading #1679: 859.7 cm (rising)
[Flood Engine] Reading #1679: 859.7 cm | Risk: CRITICAL
[Sim Loop] Processing reading
[Broadcast] No active connections, skipping
[Simulator] Reading #1680: 859.8 cm (rising)
[Flood Engine] Reading #1680: 859.8 cm | Risk: CRITICAL
[Sim Loop] Processing reading
[Broadcast] No active connections, skipping
[Simulator] Reading #1681: 860.8 cm (rising)
[Flood Engine] Reading #1681: 860.8 cm | Risk: CRITICAL
[Sim Loop] Processing reading
[Broadcast] No active connections, skipping
[Simulator] Reading #1682: 860.8 cm (rising)
[Flood Engine] Reading #1682: 860.8 cm | Risk: CRITICAL
[Sim Loop] Processing reading
[Broadcast] No active connections, skipping
[Simulator] Reading #1683: 861.3 cm (rising)
[Flood Engine] Reading #1683: 861.3 cm | Risk: CRITICAL
[Sim Loop] Processing reading
[Broadcast] No active connections, skipping
[Simulator] Reading #1684: 861.9 cm (rising)
[Flood Engine] Reading #1684: 861.9 cm | Risk: CRITICAL
[Sim Loop] Processing reading
[Broadcast] No active connections, skipping
[Simulator] Reading #1685: 862.5 cm (rising)
[Flood Engine] Reading #1685: 862.5 cm | Risk: CRITICAL
[Sim Loop] Processing reading
[Broadcast] No active connections, skipping
[Simulator] Reading #1686: 863.1 cm (rising)
[Flood Engine] Reading #1686: 863.1 cm | Risk: CRITICAL
[Sim Loop] Processing reading
[Broadcast] No active connections, skipping
[Simulator] Reading #1687: 863.5 cm (rising)
[Flood Engine] Reading #1687: 863.5 cm | Risk: CRITICAL
[Sim Loop] Processing reading
[Broadcast] No active connections, skipping
[Simulator] Reading #1688: 864.1 cm (rising)
[Flood Engine] Reading #1688: 864.1 cm | Risk: CRITICAL
[Sim Loop] Processing reading
[Broadcast] No active connections, skipping
[Simulator] Reading #1689: 864.5 cm (rising)
[Flood Engine] Reading #1689: 864.5 cm | Risk: CRITICAL
[Sim Loop] Processing reading
[Broadcast] No active connections, skipping
[Simulator] Reading #1690: 865.2 cm (rising)
[Flood Engine] Reading #1690: 865.2 cm | Risk: CRITICAL
[Sim Loop] Processing reading
[Broadcast] No active connections, skipping
[Simulator] Reading #1691: 865.7 cm (rising)
[Flood Engine] Reading #1691: 865.7 cm | Risk: CRITICAL
[Sim Loop] Processing reading
[Broadcast] No active connections, skipping
[Simulator] Reading #1692: 866.1 cm (rising)
[Flood Engine] Reading #1692: 866.1 cm | Risk: CRITICAL
[Sim Loop] Processing reading
[Broadcast] No active connections, skipping
[Simulator] Reading #1693: 866.5 cm (rising)
[Flood Engine] Reading #1693: 866.5 cm | Risk: CRITICAL
[Sim Loop] Processing reading
[Broadcast] No active connections, skipping
[Simulator] Reading #1694: 866.8 cm (rising)
[Flood Engine] Reading #1694: 866.8 cm | Risk: CRITICAL
[Sim Loop] Processing reading
[Broadcast] No active connections, skipping
[Simulator] Reading #1695: 867.7 cm (rising)
[Flood Engine] Reading #1695: 867.7 cm | Risk: CRITICAL
[Sim Loop] Processing reading
[Broadcast] No active connections, skipping
[Simulator] Reading #1696: 867.7 cm (rising)
[Flood Engine] Reading #1696: 867.7 cm | Risk: CRITICAL
[Sim Loop] Processing reading
[Broadcast] No active connections, skipping
[Simulator] Reading #1697: 868.2 cm (rising)
[Flood Engine] Reading #1697: 868.2 cm | Risk: CRITICAL
[Sim Loop] Processing reading
[Broadcast] No active connections, skipping
[Simulator] Reading #1698: 868.9 cm (rising)
[Flood Engine] Reading #1698: 868.9 cm | Risk: CRITICAL
[Sim Loop] Processing reading
[Broadcast] No active connections, skipping
[Simulator] Reading #1699: 869.4 cm (rising)
[Flood Engine] Reading #1699: 869.4 cm | Risk: CRITICAL
[Sim Loop] Processing reading
[Broadcast] No active connections, skipping
[Simulator] Reading #1700: 869.9 cm (rising)
[Flood Engine] Reading #1700: 869.9 cm | Risk: CRITICAL
[Sim Loop] Processing reading
[Broadcast] No active connections, skipping
[Simulator] Reading #1701: 870.6 cm (rising)
[Flood Engine] Reading #1701: 870.6 cm | Risk: CRITICAL
[Sim Loop] Processing reading
[Broadcast] No active connections, skipping
[Simulator] Reading #1702: 871.2 cm (rising)
[Flood Engine] Reading #1702: 871.2 cm | Risk: CRITICAL
[Sim Loop] Processing reading
[Broadcast] No active connections, skipping
[Simulator] Reading #1703: 871.3 cm (rising)
[Flood Engine] Reading #1703: 871.3 cm | Risk: CRITICAL
[Sim Loop] Processing reading
[Broadcast] No active connections, skipping
[Simulator] Reading #1704: 871.9 cm (rising)
[Flood Engine] Reading #1704: 871.9 cm | Risk: CRITICAL
[Sim Loop] Processing reading
[Broadcast] No active connections, skipping
[Simulator] Reading #1705: 872.3 cm (rising)
[Flood Engine] Reading #1705: 872.3 cm | Risk: CRITICAL
[Sim Loop] Processing reading
[Broadcast] No active connections, skipping
[Simulator] Reading #1706: 872.7 cm (rising)
[Flood Engine] Reading #1706: 872.7 cm | Risk: CRITICAL
[Sim Loop] Processing reading
[Broadcast] No active connections, skipping
[Simulator] Reading #1707: 873.3 cm (rising)
[Flood Engine] Reading #1707: 873.3 cm | Risk: CRITICAL
[Sim Loop] Processing reading
[Broadcast] No active connections, skipping
[Simulator] Reading #1708: 874.1 cm (rising)
[Flood Engine] Reading #1708: 874.1 cm | Risk: CRITICAL
[Sim Loop] Processing reading
[Broadcast] No active connections, skipping
[Simulator] Reading #1709: 874.6 cm (rising)
[Flood Engine] Reading #1709: 874.6 cm | Risk: CRITICAL
[Sim Loop] Processing reading
[Broadcast] No active connections, skipping
[Simulator] Reading #1710: 875.1 cm (rising)
[Flood Engine] Reading #1710: 875.1 cm | Risk: CRITICAL
[Sim Loop] Processing reading
[Broadcast] No active connections, skipping
[Simulator] Reading #1711: 875.4 cm (rising)
[Flood Engine] Reading #1711: 875.4 cm | Risk: CRITICAL
[Sim Loop] Processing reading
[Broadcast] No active connections, skipping
[Simulator] Reading #1712: 875.9 cm (rising)
[Flood Engine] Reading #1712: 875.9 cm | Risk: CRITICAL
[Sim Loop] Processing reading
[Broadcast] No active connections, skipping
[Simulator] Reading #1713: 876.6 cm (rising)
[Flood Engine] Reading #1713: 876.6 cm | Risk: CRITICAL
[Sim Loop] Processing reading
[Broadcast] No active connections, skipping
[Simulator] Reading #1714: 876.7 cm (rising)
[Flood Engine] Reading #1714: 876.7 cm | Risk: CRITICAL
[Sim Loop] Processing reading
[Broadcast] No active connections, skipping
[Simulator] Reading #1715: 877.4 cm (rising)
[Flood Engine] Reading #1715: 877.4 cm | Risk: CRITICAL
[Sim Loop] Processing reading
[Broadcast] No active connections, skipping
[Simulator] Reading #1716: 877.9 cm (rising)
[Flood Engine] Reading #1716: 877.9 cm | Risk: CRITICAL
[Sim Loop] Processing reading
[Broadcast] No active connections, skipping
[Simulator] Reading #1717: 878.6 cm (rising)
[Flood Engine] Reading #1717: 878.6 cm | Risk: CRITICAL
[Sim Loop] Processing reading
[Broadcast] No active connections, skipping
[Simulator] Reading #1718: 879.0 cm (rising)
[Flood Engine] Reading #1718: 879.0 cm | Risk: CRITICAL
[Sim Loop] Processing reading
[Broadcast] No active connections, skipping
[Simulator] Reading #1719: 879.7 cm (rising)
[Flood Engine] Reading #1719: 879.7 cm | Risk: CRITICAL
[Sim Loop] Processing reading
[Broadcast] No active connections, skipping
[Simulator] Reading #1720: 879.7 cm (rising)
[Flood Engine] Reading #1720: 879.7 cm | Risk: CRITICAL
[Sim Loop] Processing reading
[Broadcast] No active connections, skipping
[Simulator] Reading #1721: 880.3 cm (rising)
[Flood Engine] Reading #1721: 880.3 cm | Risk: CRITICAL
[Sim Loop] Processing reading
[Broadcast] No active connections, skipping
[Simulator] Reading #1722: 881.1 cm (rising)
[Flood Engine] Reading #1722: 881.1 cm | Risk: CRITICAL
[Sim Loop] Processing reading
[Broadcast] No active connections, skipping
[Simulator] Reading #1723: 881.6 cm (rising)
[Flood Engine] Reading #1723: 881.6 cm | Risk: CRITICAL
[Sim Loop] Processing reading
[Broadcast] No active connections, skipping
[Simulator] Reading #1724: 882.1 cm (rising)
[Flood Engine] Reading #1724: 882.1 cm | Risk: CRITICAL
[Sim Loop] Processing reading
[Broadcast] No active connections, skipping
[Simulator] Reading #1725: 882.6 cm (rising)
[Flood Engine] Reading #1725: 882.6 cm | Risk: CRITICAL
[Sim Loop] Processing reading
[Broadcast] No active connections, skipping
[Simulator] Reading #1726: 882.9 cm (rising)
[Flood Engine] Reading #1726: 882.9 cm | Risk: CRITICAL
[Sim Loop] Processing reading
[Broadcast] No active connections, skipping
[Simulator] Reading #1727: 883.3 cm (rising)
[Flood Engine] Reading #1727: 883.3 cm | Risk: CRITICAL
[Sim Loop] Processing reading
[Broadcast] No active connections, skipping
[Simulator] Reading #1728: 883.9 cm (rising)
[Flood Engine] Reading #1728: 883.9 cm | Risk: CRITICAL
[Sim Loop] Processing reading
[Broadcast] No active connections, skipping
[Simulator] Reading #1729: 884.4 cm (rising)
[Flood Engine] Reading #1729: 884.4 cm | Risk: CRITICAL
[Sim Loop] Processing reading
[Broadcast] No active connections, skipping
[Simulator] Reading #1730: 884.9 cm (rising)
[Flood Engine] Reading #1730: 884.9 cm | Risk: CRITICAL
[Sim Loop] Processing reading
[Broadcast] No active connections, skipping
[Simulator] Reading #1731: 885.8 cm (rising)
[Flood Engine] Reading #1731: 885.8 cm | Risk: CRITICAL
[Sim Loop] Processing reading
[Broadcast] No active connections, skipping
[Simulator] Reading #1732: 885.9 cm (rising)
[Flood Engine] Reading #1732: 885.9 cm | Risk: CRITICAL
[Sim Loop] Processing reading
[Broadcast] No active connections, skipping
[Simulator] Reading #1733: 886.2 cm (rising)
[Flood Engine] Reading #1733: 886.2 cm | Risk: CRITICAL
[Sim Loop] Processing reading
[Broadcast] No active connections, skipping
[Simulator] Reading #1734: 887.3 cm (rising)
[Flood Engine] Reading #1734: 887.3 cm | Risk: CRITICAL
[Sim Loop] Processing reading
[Broadcast] No active connections, skipping
[Simulator] Reading #1735: 887.7 cm (rising)
[Flood Engine] Reading #1735: 887.7 cm | Risk: CRITICAL
[Sim Loop] Processing reading
[Broadcast] No active connections, skipping
[Simulator] Reading #1736: 887.8 cm (rising)
[Flood Engine] Reading #1736: 887.8 cm | Risk: CRITICAL
[Sim Loop] Processing reading
[Broadcast] No active connections, skipping
[Simulator] Reading #1737: 888.7 cm (rising)
[Flood Engine] Reading #1737: 888.7 cm | Risk: CRITICAL
[Sim Loop] Processing reading
[Broadcast] No active connections, skipping
[Simulator] Reading #1738: 888.9 cm (rising)
[Flood Engine] Reading #1738: 888.9 cm | Risk: CRITICAL
[Sim Loop] Processing reading
[Broadcast] No active connections, skipping
[Simulator] Reading #1739: 889.6 cm (rising)
[Flood Engine] Reading #1739: 889.6 cm | Risk: CRITICAL
[Sim Loop] Processing reading
[Broadcast] No active connections, skipping
[Simulator] Reading #1740: 889.9 cm (rising)
[Flood Engine] Reading #1740: 889.9 cm | Risk: CRITICAL
[Sim Loop] Processing reading
[Broadcast] No active connections, skipping
[Simulator] Reading #1741: 890.3 cm (rising)
[Flood Engine] Reading #1741: 890.3 cm | Risk: CRITICAL
[Sim Loop] Processing reading
[Broadcast] No active connections, skipping
[Simulator] Reading #1742: 890.7 cm (rising)
[Flood Engine] Reading #1742: 890.7 cm | Risk: CRITICAL
[Sim Loop] Processing reading
[Broadcast] No active connections, skipping
[Simulator] Reading #1743: 891.6 cm (rising)
[Flood Engine] Reading #1743: 891.6 cm | Risk: CRITICAL
[Sim Loop] Processing reading
[Broadcast] No active connections, skipping
[Simulator] Reading #1744: 891.9 cm (rising)
[Flood Engine] Reading #1744: 891.9 cm | Risk: CRITICAL
[Sim Loop] Processing reading
[Broadcast] No active connections, skipping
[Simulator] Reading #1745: 892.4 cm (rising)
[Flood Engine] Reading #1745: 892.4 cm | Risk: CRITICAL
[Sim Loop] Processing reading
[Broadcast] No active connections, skipping
[Simulator] Reading #1746: 892.8 cm (rising)
[Flood Engine] Reading #1746: 892.8 cm | Risk: CRITICAL
[Sim Loop] Processing reading
[Broadcast] No active connections, skipping
[Simulator] Reading #1747: 893.6 cm (rising)
[Flood Engine] Reading #1747: 893.6 cm | Risk: CRITICAL
[Sim Loop] Processing reading
[Broadcast] No active connections, skipping
[Simulator] Reading #1748: 893.8 cm (rising)
[Flood Engine] Reading #1748: 893.8 cm | Risk: CRITICAL
[Sim Loop] Processing reading
[Broadcast] No active connections, skipping
[Simulator] Reading #1749: 894.8 cm (rising)
[Flood Engine] Reading #1749: 894.8 cm | Risk: CRITICAL
[Sim Loop] Processing reading
[Broadcast] No active connections, skipping
[Simulator] Reading #1750: 894.9 cm (rising)
[Flood Engine] Reading #1750: 894.9 cm | Risk: CRITICAL
[Sim Loop] Processing reading
[Broadcast] No active connections, skipping
[Simulator] Reading #1751: 895.6 cm (rising)
[Flood Engine] Reading #1751: 895.6 cm | Risk: CRITICAL
[Sim Loop] Processing reading
[Broadcast] No active connections, skipping
[Simulator] Reading #1752: 896.3 cm (rising)
[Flood Engine] Reading #1752: 896.3 cm | Risk: CRITICAL
[Sim Loop] Processing reading
[Broadcast] No active connections, skipping
[Simulator] Reading #1753: 896.5 cm (rising)
[Flood Engine] Reading #1753: 896.5 cm | Risk: CRITICAL
[Sim Loop] Processing reading
[Broadcast] No active connections, skipping
[Simulator] Reading #1754: 897.0 cm (rising)
[Flood Engine] Reading #1754: 897.0 cm | Risk: CRITICAL
[Sim Loop] Processing reading
[Broadcast] No active connections, skipping
[Simulator] Reading #1755: 897.6 cm (rising)
[Flood Engine] Reading #1755: 897.6 cm | Risk: CRITICAL
[Sim Loop] Processing reading
[Broadcast] No active connections, skipping
[Simulator] Reading #1756: 897.9 cm (rising)
[Flood Engine] Reading #1756: 897.9 cm | Risk: CRITICAL
[Sim Loop] Processing reading
[Broadcast] No active connections, skipping
[Simulator] Reading #1757: 898.8 cm (rising)
[Flood Engine] Reading #1757: 898.8 cm | Risk: CRITICAL
[Sim Loop] Processing reading
[Broadcast] No active connections, skipping
[Simulator] Reading #1758: 899.3 cm (rising)
[Flood Engine] Reading #1758: 899.3 cm | Risk: CRITICAL
[Sim Loop] Processing reading
[Broadcast] No active connections, skipping
[Simulator] Reading #1759: 899.4 cm (rising)
[Flood Engine] Reading #1759: 899.4 cm | Risk: CRITICAL
[Sim Loop] Processing reading
[Broadcast] No active connections, skipping
[Simulator] Reading #1760: 899.8 cm (rising)
[Flood Engine] Reading #1760: 899.8 cm | Risk: CRITICAL
[Sim Loop] Processing reading
[Broadcast] No active connections, skipping
[Simulator] Reading #1761: 900.3 cm (rising)
[Flood Engine] Reading #1761: 900.3 cm | Risk: CRITICAL
[Sim Loop] Processing reading
[Broadcast] No active connections, skipping
[Simulator] Reading #1762: 900.8 cm (rising)
[Flood Engine] Reading #1762: 900.8 cm | Risk: CRITICAL
[Sim Loop] Processing reading
[Broadcast] No active connections, skipping
[Simulator] Reading #1763: 901.5 cm (rising)
[Flood Engine] Reading #1763: 901.5 cm | Risk: CRITICAL
[Sim Loop] Processing reading
[Broadcast] No active connections, skipping
[Simulator] Reading #1764: 901.8 cm (rising)
[Flood Engine] Reading #1764: 901.8 cm | Risk: CRITICAL
[Sim Loop] Processing reading
[Broadcast] No active connections, skipping
[Simulator] Reading #1765: 902.3 cm (rising)
[Flood Engine] Reading #1765: 902.3 cm | Risk: CRITICAL
[Sim Loop] Processing reading
[Broadcast] No active connections, skipping
[Simulator] Reading #1766: 903.0 cm (rising)
[Flood Engine] Reading #1766: 903.0 cm | Risk: CRITICAL
[Sim Loop] Processing reading
[Broadcast] No active connections, skipping
[Simulator] Reading #1767: 903.6 cm (rising)
[Flood Engine] Reading #1767: 903.6 cm | Risk: CRITICAL
[Sim Loop] Processing reading
[Broadcast] No active connections, skipping
[Simulator] Reading #1768: 904.1 cm (rising)
[Flood Engine] Reading #1768: 904.1 cm | Risk: CRITICAL
[Sim Loop] Processing reading
[Broadcast] No active connections, skipping
[Simulator] Reading #1769: 904.6 cm (rising)
[Flood Engine] Reading #1769: 904.6 cm | Risk: CRITICAL
[Sim Loop] Processing reading
[Broadcast] No active connections, skipping
[Simulator] Reading #1770: 904.9 cm (rising)
[Flood Engine] Reading #1770: 904.9 cm | Risk: CRITICAL
[Sim Loop] Processing reading
[Broadcast] No active connections, skipping
[Simulator] Reading #1771: 905.5 cm (rising)
[Flood Engine] Reading #1771: 905.5 cm | Risk: CRITICAL
[Sim Loop] Processing reading
[Broadcast] No active connections, skipping
[Simulator] Reading #1772: 905.9 cm (rising)
[Flood Engine] Reading #1772: 905.9 cm | Risk: CRITICAL
[Sim Loop] Processing reading
[Broadcast] No active connections, skipping
[Simulator] Reading #1773: 906.5 cm (rising)
[Flood Engine] Reading #1773: 906.5 cm | Risk: CRITICAL
[Sim Loop] Processing reading
[Broadcast] No active connections, skipping
[Simulator] Reading #1774: 906.7 cm (rising)
[Flood Engine] Reading #1774: 906.7 cm | Risk: CRITICAL
[Sim Loop] Processing reading
[Broadcast] No active connections, skipping
[Simulator] Reading #1775: 907.3 cm (rising)
[Flood Engine] Reading #1775: 907.3 cm | Risk: CRITICAL
[Sim Loop] Processing reading
[Broadcast] No active connections, skipping
[Simulator] Reading #1776: 908.0 cm (rising)
[Flood Engine] Reading #1776: 908.0 cm | Risk: CRITICAL
[Sim Loop] Processing reading
[Broadcast] No active connections, skipping
[Simulator] Reading #1777: 908.7 cm (rising)
[Flood Engine] Reading #1777: 908.7 cm | Risk: CRITICAL
[Sim Loop] Processing reading
[Broadcast] No active connections, skipping
[Simulator] Reading #1778: 909.2 cm (rising)
[Flood Engine] Reading #1778: 909.2 cm | Risk: CRITICAL
[Sim Loop] Processing reading
[Broadcast] No active connections, skipping
[Simulator] Reading #1779: 909.6 cm (rising)
[Flood Engine] Reading #1779: 909.6 cm | Risk: CRITICAL
[Sim Loop] Processing reading
[Broadcast] No active connections, skipping
[Simulator] Reading #1780: 909.9 cm (rising)
[Flood Engine] Reading #1780: 909.9 cm | Risk: CRITICAL
[Sim Loop] Processing reading
[Broadcast] No active connections, skipping
[Simulator] Reading #1781: 910.7 cm (rising)
[Flood Engine] Reading #1781: 910.7 cm | Risk: CRITICAL
[Sim Loop] Processing reading
[Broadcast] No active connections, skipping
[Simulator] Reading #1782: 911.2 cm (rising)
[Flood Engine] Reading #1782: 911.2 cm | Risk: CRITICAL
[Sim Loop] Processing reading
[Broadcast] No active connections, skipping
[Simulator] Reading #1783: 911.7 cm (rising)
[Flood Engine] Reading #1783: 911.7 cm | Risk: CRITICAL
[Sim Loop] Processing reading
[Broadcast] No active connections, skipping
[Simulator] Reading #1784: 911.9 cm (rising)
[Flood Engine] Reading #1784: 911.9 cm | Risk: CRITICAL
[Sim Loop] Processing reading
[Broadcast] No active connections, skipping
[Simulator] Reading #1785: 912.4 cm (rising)
[Flood Engine] Reading #1785: 912.4 cm | Risk: CRITICAL
[Sim Loop] Processing reading
[Broadcast] No active connections, skipping
[Simulator] Reading #1786: 912.9 cm (rising)
[Flood Engine] Reading #1786: 912.9 cm | Risk: CRITICAL
[Sim Loop] Processing reading
[Broadcast] No active connections, skipping
[Simulator] Reading #1787: 913.5 cm (rising)
[Flood Engine] Reading #1787: 913.5 cm | Risk: CRITICAL
[Sim Loop] Processing reading
[Broadcast] No active connections, skipping
[Simulator] Reading #1788: 914.1 cm (rising)
[Flood Engine] Reading #1788: 914.1 cm | Risk: CRITICAL
[Sim Loop] Processing reading
[Broadcast] No active connections, skipping
[Simulator] Reading #1789: 914.5 cm (rising)
[Flood Engine] Reading #1789: 914.5 cm | Risk: CRITICAL
[Sim Loop] Processing reading
[Broadcast] No active connections, skipping
[Simulator] Reading #1790: 915.0 cm (rising)
[Flood Engine] Reading #1790: 915.0 cm | Risk: CRITICAL
[Sim Loop] Processing reading
[Broadcast] No active connections, skipping
[Simulator] Reading #1791: 915.5 cm (rising)
[Flood Engine] Reading #1791: 915.5 cm | Risk: CRITICAL
[Sim Loop] Processing reading
[Broadcast] No active connections, skipping
[Simulator] Reading #1792: 916.3 cm (rising)
[Flood Engine] Reading #1792: 916.3 cm | Risk: CRITICAL
[Sim Loop] Processing reading
[Broadcast] No active connections, skipping
[Simulator] Reading #1793: 916.2 cm (rising)
[Flood Engine] Reading #1793: 916.2 cm | Risk: CRITICAL
[Sim Loop] Processing reading
[Broadcast] No active connections, skipping
[Simulator] Reading #1794: 916.8 cm (rising)
[Flood Engine] Reading #1794: 916.8 cm | Risk: CRITICAL
[Sim Loop] Processing reading
[Broadcast] No active connections, skipping
[Simulator] Reading #1795: 917.4 cm (rising)
[Flood Engine] Reading #1795: 917.4 cm | Risk: CRITICAL
[Sim Loop] Processing reading
[Broadcast] No active connections, skipping
[Simulator] Reading #1796: 918.3 cm (rising)
[Flood Engine] Reading #1796: 918.3 cm | Risk: CRITICAL
[Sim Loop] Processing reading
[Broadcast] No active connections, skipping
[Simulator] Reading #1797: 918.5 cm (rising)
[Flood Engine] Reading #1797: 918.5 cm | Risk: CRITICAL
[Sim Loop] Processing reading
[Broadcast] No active connections, skipping
[Simulator] Reading #1798: 918.9 cm (rising)
[Flood Engine] Reading #1798: 918.9 cm | Risk: CRITICAL
[Sim Loop] Processing reading
[Broadcast] No active connections, skipping
[Simulator] Reading #1799: 919.3 cm (rising)
[Flood Engine] Reading #1799: 919.3 cm | Risk: CRITICAL
[Sim Loop] Processing reading
[Broadcast] No active connections, skipping
[Simulator] Reading #1800: 920.0 cm (rising)
[Flood Engine] Reading #1800: 920.0 cm | Risk: CRITICAL
[Sim Loop] Processing reading
[Broadcast] No active connections, skipping
[Simulator] Reading #1801: 920.8 cm (rising)
[Flood Engine] Reading #1801: 920.8 cm | Risk: CRITICAL
[Sim Loop] Processing reading
[Broadcast] No active connections, skipping
[Simulator] Reading #1802: 921.1 cm (rising)
[Flood Engine] Reading #1802: 921.1 cm | Risk: CRITICAL
[Sim Loop] Processing reading
[Broadcast] No active connections, skipping
[Simulator] Reading #1803: 921.7 cm (rising)
[Flood Engine] Reading #1803: 921.7 cm | Risk: CRITICAL
[Sim Loop] Processing reading
[Broadcast] No active connections, skipping
[Simulator] Reading #1804: 922.0 cm (rising)
[Flood Engine] Reading #1804: 922.0 cm | Risk: CRITICAL
[Sim Loop] Processing reading
[Broadcast] No active connections, skipping
[Simulator] Reading #1805: 922.6 cm (rising)
[Flood Engine] Reading #1805: 922.6 cm | Risk: CRITICAL
[Sim Loop] Processing reading
[Broadcast] No active connections, skipping
[Simulator] Reading #1806: 923.0 cm (rising)
[Flood Engine] Reading #1806: 923.0 cm | Risk: CRITICAL
[Sim Loop] Processing reading
[Broadcast] No active connections, skipping
[Simulator] Reading #1807: 923.6 cm (rising)
[Flood Engine] Reading #1807: 923.6 cm | Risk: CRITICAL
[Sim Loop] Processing reading
[Broadcast] No active connections, skipping
[Simulator] Reading #1808: 924.2 cm (rising)
[Flood Engine] Reading #1808: 924.2 cm | Risk: CRITICAL
[Sim Loop] Processing reading
[Broadcast] No active connections, skipping
[Simulator] Reading #1809: 924.4 cm (rising)
[Flood Engine] Reading #1809: 924.4 cm | Risk: CRITICAL
[Sim Loop] Processing reading
[Broadcast] No active connections, skipping
[Simulator] Reading #1810: 925.1 cm (rising)
[Flood Engine] Reading #1810: 925.1 cm | Risk: CRITICAL
[Sim Loop] Processing reading
[Broadcast] No active connections, skipping
[Simulator] Reading #1811: 925.6 cm (rising)
[Flood Engine] Reading #1811: 925.6 cm | Risk: CRITICAL
[Sim Loop] Processing reading
[Broadcast] No active connections, skipping
[Simulator] Reading #1812: 925.9 cm (rising)
[Flood Engine] Reading #1812: 925.9 cm | Risk: CRITICAL
[Sim Loop] Processing reading
[Broadcast] No active connections, skipping
[Simulator] Reading #1813: 926.3 cm (rising)
[Flood Engine] Reading #1813: 926.3 cm | Risk: CRITICAL
[Sim Loop] Processing reading
[Broadcast] No active connections, skipping
[Simulator] Reading #1814: 926.9 cm (rising)
[Flood Engine] Reading #1814: 926.9 cm | Risk: CRITICAL
[Sim Loop] Processing reading
[Broadcast] No active connections, skipping
[Simulator] Reading #1815: 927.7 cm (rising)
[Flood Engine] Reading #1815: 927.7 cm | Risk: CRITICAL
[Sim Loop] Processing reading
[Broadcast] No active connections, skipping
[Simulator] Reading #1816: 927.9 cm (rising)
[Flood Engine] Reading #1816: 927.9 cm | Risk: CRITICAL
[Sim Loop] Processing reading
[Broadcast] No active connections, skipping
[Simulator] Reading #1817: 928.7 cm (rising)
[Flood Engine] Reading #1817: 928.7 cm | Risk: CRITICAL
[Sim Loop] Processing reading
[Broadcast] No active connections, skipping
[Simulator] Reading #1818: 929.0 cm (rising)
[Flood Engine] Reading #1818: 929.0 cm | Risk: CRITICAL
[Sim Loop] Processing reading
[Broadcast] No active connections, skipping
[Simulator] Reading #1819: 929.4 cm (rising)
[Flood Engine] Reading #1819: 929.4 cm | Risk: CRITICAL
[Sim Loop] Processing reading
[Broadcast] No active connections, skipping
[Simulator] Reading #1820: 930.1 cm (rising)
[Flood Engine] Reading #1820: 930.1 cm | Risk: CRITICAL
[Sim Loop] Processing reading
[Broadcast] No active connections, skipping
[Simulator] Reading #1821: 930.3 cm (rising)
[Flood Engine] Reading #1821: 930.3 cm | Risk: CRITICAL
[Sim Loop] Processing reading
[Broadcast] No active connections, skipping
[Simulator] Reading #1822: 931.1 cm (rising)
[Flood Engine] Reading #1822: 931.1 cm | Risk: CRITICAL
[Sim Loop] Processing reading
[Broadcast] No active connections, skipping
[Simulator] Reading #1823: 931.3 cm (rising)
[Flood Engine] Reading #1823: 931.3 cm | Risk: CRITICAL
[Sim Loop] Processing reading
[Broadcast] No active connections, skipping
[Simulator] Reading #1824: 932.2 cm (rising)
[Flood Engine] Reading #1824: 932.2 cm | Risk: CRITICAL
[Sim Loop] Processing reading
[Broadcast] No active connections, skipping
[Simulator] Reading #1825: 932.5 cm (rising)
[Flood Engine] Reading #1825: 932.5 cm | Risk: CRITICAL
[Sim Loop] Processing reading
[Broadcast] No active connections, skipping
[Simulator] Reading #1826: 932.8 cm (rising)
[Flood Engine] Reading #1826: 932.8 cm | Risk: CRITICAL
[Sim Loop] Processing reading
[Broadcast] No active connections, skipping
[Simulator] Reading #1827: 933.7 cm (rising)
[Flood Engine] Reading #1827: 933.7 cm | Risk: CRITICAL
[Sim Loop] Processing reading
[Broadcast] No active connections, skipping
[Simulator] Reading #1828: 933.8 cm (rising)
[Flood Engine] Reading #1828: 933.8 cm | Risk: CRITICAL
[Sim Loop] Processing reading
[Broadcast] No active connections, skipping
[Simulator] Reading #1829: 934.6 cm (rising)
[Flood Engine] Reading #1829: 934.6 cm | Risk: CRITICAL
[Sim Loop] Processing reading
[Broadcast] No active connections, skipping
[Simulator] Reading #1830: 934.8 cm (rising)
[Flood Engine] Reading #1830: 934.8 cm | Risk: CRITICAL
[Sim Loop] Processing reading
[Broadcast] No active connections, skipping
[Simulator] Reading #1831: 935.4 cm (rising)
[Flood Engine] Reading #1831: 935.4 cm | Risk: CRITICAL
[Sim Loop] Processing reading
[Broadcast] No active connections, skipping
[Simulator] Reading #1832: 936.3 cm (rising)
[Flood Engine] Reading #1832: 936.3 cm | Risk: CRITICAL
[Sim Loop] Processing reading
[Broadcast] No active connections, skipping
[Simulator] Reading #1833: 936.2 cm (rising)
[Flood Engine] Reading #1833: 936.2 cm | Risk: CRITICAL
[Sim Loop] Processing reading
[Broadcast] No active connections, skipping
[Simulator] Reading #1834: 936.8 cm (rising)
[Flood Engine] Reading #1834: 936.8 cm | Risk: CRITICAL
[Sim Loop] Processing reading
[Broadcast] No active connections, skipping
[Simulator] Reading #1835: 937.8 cm (rising)
[Flood Engine] Reading #1835: 937.8 cm | Risk: CRITICAL
[Sim Loop] Processing reading
[Broadcast] No active connections, skipping
[Simulator] Reading #1836: 938.3 cm (rising)
[Flood Engine] Reading #1836: 938.3 cm | Risk: CRITICAL
[Sim Loop] Processing reading
[Broadcast] No active connections, skipping
[Simulator] Reading #1837: 938.6 cm (rising)
[Flood Engine] Reading #1837: 938.6 cm | Risk: CRITICAL
[Sim Loop] Processing reading
[Broadcast] No active connections, skipping
[Simulator] Reading #1838: 938.9 cm (rising)
[Flood Engine] Reading #1838: 938.9 cm | Risk: CRITICAL
[Sim Loop] Processing reading
[Broadcast] No active connections, skipping
[Simulator] Reading #1839: 939.4 cm (rising)
[Flood Engine] Reading #1839: 939.4 cm | Risk: CRITICAL
[Sim Loop] Processing reading
[Broadcast] No active connections, skipping
[Simulator] Reading #1840: 940.0 cm (rising)
[Flood Engine] Reading #1840: 940.0 cm | Risk: CRITICAL
[Sim Loop] Processing reading
[Broadcast] No active connections, skipping
[Simulator] Reading #1841: 940.7 cm (rising)
[Flood Engine] Reading #1841: 940.7 cm | Risk: CRITICAL
[Sim Loop] Processing reading
[Broadcast] No active connections, skipping
[Simulator] Reading #1842: 941.3 cm (rising)
[Flood Engine] Reading #1842: 941.3 cm | Risk: CRITICAL
[Sim Loop] Processing reading
[Broadcast] No active connections, skipping
[Simulator] Reading #1843: 941.3 cm (rising)
[Flood Engine] Reading #1843: 941.3 cm | Risk: CRITICAL
[Sim Loop] Processing reading
[Broadcast] No active connections, skipping
[Simulator] Reading #1844: 942.3 cm (rising)
[Flood Engine] Reading #1844: 942.3 cm | Risk: CRITICAL
[Sim Loop] Processing reading
[Broadcast] No active connections, skipping
[Simulator] Reading #1845: 942.3 cm (rising)
[Flood Engine] Reading #1845: 942.3 cm | Risk: CRITICAL
[Sim Loop] Processing reading
[Broadcast] No active connections, skipping
[Simulator] Reading #1846: 943.2 cm (rising)
[Flood Engine] Reading #1846: 943.2 cm | Risk: CRITICAL
[Sim Loop] Processing reading
[Broadcast] No active connections, skipping
[Simulator] Reading #1847: 943.2 cm (rising)
[Flood Engine] Reading #1847: 943.2 cm | Risk: CRITICAL
[Sim Loop] Processing reading
[Broadcast] No active connections, skipping
[Simulator] Reading #1848: 944.1 cm (rising)
[Flood Engine] Reading #1848: 944.1 cm | Risk: CRITICAL
[Sim Loop] Processing reading
[Broadcast] No active connections, skipping
[Simulator] Reading #1849: 944.7 cm (rising)
[Flood Engine] Reading #1849: 944.7 cm | Risk: CRITICAL
[Sim Loop] Processing reading
[Broadcast] No active connections, skipping
[Simulator] Reading #1850: 945.3 cm (rising)
[Flood Engine] Reading #1850: 945.3 cm | Risk: CRITICAL
[Sim Loop] Processing reading
[Broadcast] No active connections, skipping
[Simulator] Reading #1851: 945.8 cm (rising)
[Flood Engine] Reading #1851: 945.8 cm | Risk: CRITICAL
[Sim Loop] Processing reading
[Broadcast] No active connections, skipping
[Simulator] Reading #1852: 945.9 cm (rising)
[Flood Engine] Reading #1852: 945.9 cm | Risk: CRITICAL
[Sim Loop] Processing reading
[Broadcast] No active connections, skipping
[Simulator] Reading #1853: 946.4 cm (rising)
[Flood Engine] Reading #1853: 946.4 cm | Risk: CRITICAL
[Sim Loop] Processing reading
[Broadcast] No active connections, skipping
[Simulator] Reading #1854: 947.1 cm (rising)
[Flood Engine] Reading #1854: 947.1 cm | Risk: CRITICAL
[Sim Loop] Processing reading
[Broadcast] No active connections, skipping
[Simulator] Reading #1855: 947.6 cm (rising)
[Flood Engine] Reading #1855: 947.6 cm | Risk: CRITICAL
[Sim Loop] Processing reading
[Broadcast] No active connections, skipping
[Simulator] Reading #1856: 947.7 cm (rising)
[Flood Engine] Reading #1856: 947.7 cm | Risk: CRITICAL
[Sim Loop] Processing reading
[Broadcast] No active connections, skipping
[Simulator] Reading #1857: 948.3 cm (rising)
[Flood Engine] Reading #1857: 948.3 cm | Risk: CRITICAL
[Sim Loop] Processing reading
[Broadcast] No active connections, skipping
[Simulator] Reading #1858: 949.0 cm (rising)
[Flood Engine] Reading #1858: 949.0 cm | Risk: CRITICAL
[Sim Loop] Processing reading
[Broadcast] No active connections, skipping
[Simulator] Reading #1859: 949.6 cm (rising)
[Flood Engine] Reading #1859: 949.6 cm | Risk: CRITICAL
[Sim Loop] Processing reading
[Broadcast] No active connections, skipping
[Simulator] Reading #1860: 950.0 cm (rising)
[Flood Engine] Reading #1860: 950.0 cm | Risk: CRITICAL
[Sim Loop] Processing reading
[Broadcast] No active connections, skipping
[Simulator] Reading #1861: 950.8 cm (rising)
[Flood Engine] Reading #1861: 950.8 cm | Risk: CRITICAL
[Sim Loop] Processing reading
[Broadcast] No active connections, skipping
[Simulator] Reading #1862: 951.2 cm (rising)
[Flood Engine] Reading #1862: 951.2 cm | Risk: CRITICAL
[Sim Loop] Processing reading
[Broadcast] No active connections, skipping
[Simulator] Reading #1863: 951.6 cm (rising)
[Flood Engine] Reading #1863: 951.6 cm | Risk: CRITICAL
[Sim Loop] Processing reading
[Broadcast] No active connections, skipping
[Simulator] Reading #1864: 951.7 cm (rising)
[Flood Engine] Reading #1864: 951.7 cm | Risk: CRITICAL
[Sim Loop] Processing reading
[Broadcast] No active connections, skipping
[Simulator] Reading #1865: 952.5 cm (rising)
[Flood Engine] Reading #1865: 952.5 cm | Risk: CRITICAL
[Sim Loop] Processing reading
[Broadcast] No active connections, skipping
[Simulator] Reading #1866: 952.7 cm (rising)
[Flood Engine] Reading #1866: 952.7 cm | Risk: CRITICAL
[Sim Loop] Processing reading
[Broadcast] No active connections, skipping
[Simulator] Reading #1867: 953.3 cm (rising)
[Flood Engine] Reading #1867: 953.3 cm | Risk: CRITICAL
[Sim Loop] Processing reading
[Broadcast] No active connections, skipping
[Simulator] Reading #1868: 953.9 cm (rising)
[Flood Engine] Reading #1868: 953.9 cm | Risk: CRITICAL
[Sim Loop] Processing reading
[Broadcast] No active connections, skipping
[Simulator] Reading #1869: 954.2 cm (rising)
[Flood Engine] Reading #1869: 954.2 cm | Risk: CRITICAL
[Sim Loop] Processing reading
[Broadcast] No active connections, skipping
[Simulator] Reading #1870: 955.1 cm (rising)
[Flood Engine] Reading #1870: 955.1 cm | Risk: CRITICAL
[Sim Loop] Processing reading
[Broadcast] No active connections, skipping
[Simulator] Reading #1871: 955.7 cm (rising)
[Flood Engine] Reading #1871: 955.7 cm | Risk: CRITICAL
[Sim Loop] Processing reading
[Broadcast] No active connections, skipping
[Simulator] Reading #1872: 955.8 cm (rising)
[Flood Engine] Reading #1872: 955.8 cm | Risk: CRITICAL
[Sim Loop] Processing reading
[Broadcast] No active connections, skipping
[Simulator] Reading #1873: 956.7 cm (rising)
[Flood Engine] Reading #1873: 956.7 cm | Risk: CRITICAL
[Sim Loop] Processing reading
[Broadcast] No active connections, skipping
[Simulator] Reading #1874: 957.2 cm (rising)
[Flood Engine] Reading #1874: 957.2 cm | Risk: CRITICAL
[Sim Loop] Processing reading
[Broadcast] No active connections, skipping
[Simulator] Reading #1875: 957.5 cm (rising)
[Flood Engine] Reading #1875: 957.5 cm | Risk: CRITICAL
[Sim Loop] Processing reading
[Broadcast] No active connections, skipping
[Simulator] Reading #1876: 958.2 cm (rising)
[Flood Engine] Reading #1876: 958.2 cm | Risk: CRITICAL
[Sim Loop] Processing reading
[Broadcast] No active connections, skipping
[Simulator] Reading #1877: 958.3 cm (rising)
[Flood Engine] Reading #1877: 958.3 cm | Risk: CRITICAL
[Sim Loop] Processing reading
[Broadcast] No active connections, skipping
[Simulator] Reading #1878: 958.8 cm (rising)
[Flood Engine] Reading #1878: 958.8 cm | Risk: CRITICAL
[Sim Loop] Processing reading
[Broadcast] No active connections, skipping
[Simulator] Reading #1879: 959.8 cm (rising)
[Flood Engine] Reading #1879: 959.8 cm | Risk: CRITICAL
[Sim Loop] Processing reading
[Broadcast] No active connections, skipping
[Simulator] Reading #1880: 960.2 cm (rising)
[Flood Engine] Reading #1880: 960.2 cm | Risk: CRITICAL
[Sim Loop] Processing reading
[Broadcast] No active connections, skipping
[Simulator] Reading #1881: 960.5 cm (rising)
[Flood Engine] Reading #1881: 960.5 cm | Risk: CRITICAL
[Sim Loop] Processing reading
[Broadcast] No active connections, skipping
[Simulator] Reading #1882: 961.0 cm (rising)
[Flood Engine] Reading #1882: 961.0 cm | Risk: CRITICAL
[Sim Loop] Processing reading
[Broadcast] No active connections, skipping
[Simulator] Reading #1883: 961.3 cm (rising)
[Flood Engine] Reading #1883: 961.3 cm | Risk: CRITICAL
[Sim Loop] Processing reading
[Broadcast] No active connections, skipping
[Simulator] Reading #1884: 961.9 cm (rising)
[Flood Engine] Reading #1884: 961.9 cm | Risk: CRITICAL
[Sim Loop] Processing reading
[Broadcast] No active connections, skipping
[Simulator] Reading #1885: 962.5 cm (rising)
[Flood Engine] Reading #1885: 962.5 cm | Risk: CRITICAL
[Sim Loop] Processing reading
[Broadcast] No active connections, skipping
[Simulator] Reading #1886: 963.0 cm (rising)
[Flood Engine] Reading #1886: 963.0 cm | Risk: CRITICAL
[Sim Loop] Processing reading
[Broadcast] No active connections, skipping
[Simulator] Reading #1887: 963.4 cm (rising)
[Flood Engine] Reading #1887: 963.4 cm | Risk: CRITICAL
[Sim Loop] Processing reading
[Broadcast] No active connections, skipping
[Simulator] Reading #1888: 964.2 cm (rising)
[Flood Engine] Reading #1888: 964.2 cm | Risk: CRITICAL
[Sim Loop] Processing reading
[Broadcast] No active connections, skipping
[Simulator] Reading #1889: 964.7 cm (rising)
[Flood Engine] Reading #1889: 964.7 cm | Risk: CRITICAL
[Sim Loop] Processing reading
[Broadcast] No active connections, skipping
[Simulator] Reading #1890: 965.3 cm (rising)
[Flood Engine] Reading #1890: 965.3 cm | Risk: CRITICAL
[Sim Loop] Processing reading
[Broadcast] No active connections, skipping
[Simulator] Reading #1891: 965.8 cm (rising)
[Flood Engine] Reading #1891: 965.8 cm | Risk: CRITICAL
[Sim Loop] Processing reading
[Broadcast] No active connections, skipping
[Simulator] Reading #1892: 966.0 cm (rising)
[Flood Engine] Reading #1892: 966.0 cm | Risk: CRITICAL
[Sim Loop] Processing reading
[Broadcast] No active connections, skipping
[Simulator] Reading #1893: 966.2 cm (rising)
[Flood Engine] Reading #1893: 966.2 cm | Risk: CRITICAL
[Sim Loop] Processing reading
[Broadcast] No active connections, skipping
[Simulator] Reading #1894: 966.8 cm (rising)
[Flood Engine] Reading #1894: 966.8 cm | Risk: CRITICAL
[Sim Loop] Processing reading
[Broadcast] No active connections, skipping
[Simulator] Reading #1895: 967.2 cm (rising)
[Flood Engine] Reading #1895: 967.2 cm | Risk: CRITICAL
[Sim Loop] Processing reading
[Broadcast] No active connections, skipping
[Simulator] Reading #1896: 968.0 cm (rising)
[Flood Engine] Reading #1896: 968.0 cm | Risk: CRITICAL
[Sim Loop] Processing reading
[Broadcast] No active connections, skipping
[Simulator] Reading #1897: 968.8 cm (rising)
[Flood Engine] Reading #1897: 968.8 cm | Risk: CRITICAL
[Sim Loop] Processing reading
[Broadcast] No active connections, skipping
[Simulator] Reading #1898: 968.7 cm (rising)
[Flood Engine] Reading #1898: 968.7 cm | Risk: CRITICAL
[Sim Loop] Processing reading
[Broadcast] No active connections, skipping
[Simulator] Reading #1899: 969.2 cm (rising)
[Flood Engine] Reading #1899: 969.2 cm | Risk: CRITICAL
[Sim Loop] Processing reading
[Broadcast] No active connections, skipping
[Simulator] Reading #1900: 970.2 cm (rising)
[Flood Engine] Reading #1900: 970.2 cm | Risk: CRITICAL
[Sim Loop] Processing reading
[Broadcast] No active connections, skipping
[Simulator] Reading #1901: 970.6 cm (rising)
[Flood Engine] Reading #1901: 970.6 cm | Risk: CRITICAL
[Sim Loop] Processing reading
[Broadcast] No active connections, skipping
[Simulator] Reading #1902: 970.9 cm (rising)
[Flood Engine] Reading #1902: 970.9 cm | Risk: CRITICAL
[Sim Loop] Processing reading
[Broadcast] No active connections, skipping
[Simulator] Reading #1903: 971.4 cm (rising)
[Flood Engine] Reading #1903: 971.4 cm | Risk: CRITICAL
[Sim Loop] Processing reading
[Broadcast] No active connections, skipping
[Simulator] Reading #1904: 972.0 cm (rising)
[Flood Engine] Reading #1904: 972.0 cm | Risk: CRITICAL
[Sim Loop] Processing reading
[Broadcast] No active connections, skipping
[Simulator] Reading #1905: 972.8 cm (rising)
[Flood Engine] Reading #1905: 972.8 cm | Risk: CRITICAL
[Sim Loop] Processing reading
[Broadcast] No active connections, skipping
[Simulator] Reading #1906: 973.2 cm (rising)
[Flood Engine] Reading #1906: 973.2 cm | Risk: CRITICAL
[Sim Loop] Processing reading
[Broadcast] No active connections, skipping
[Simulator] Reading #1907: 973.4 cm (rising)
[Flood Engine] Reading #1907: 973.4 cm | Risk: CRITICAL
[Sim Loop] Processing reading
[Broadcast] No active connections, skipping
[Simulator] Reading #1908: 973.9 cm (rising)
[Flood Engine] Reading #1908: 973.9 cm | Risk: CRITICAL
[Sim Loop] Processing reading
[Broadcast] No active connections, skipping
[Simulator] Reading #1909: 974.3 cm (rising)
[Flood Engine] Reading #1909: 974.3 cm | Risk: CRITICAL
[Sim Loop] Processing reading
[Broadcast] No active connections, skipping
[Simulator] Reading #1910: 974.8 cm (rising)
[Flood Engine] Reading #1910: 974.8 cm | Risk: CRITICAL
[Sim Loop] Processing reading
[Broadcast] No active connections, skipping
[Simulator] Reading #1911: 975.6 cm (rising)
[Flood Engine] Reading #1911: 975.6 cm | Risk: CRITICAL
[Sim Loop] Processing reading
[Broadcast] No active connections, skipping
[Simulator] Reading #1912: 975.8 cm (rising)
[Flood Engine] Reading #1912: 975.8 cm | Risk: CRITICAL
[Sim Loop] Processing reading
[Broadcast] No active connections, skipping
[Simulator] Reading #1913: 976.3 cm (rising)
[Flood Engine] Reading #1913: 976.3 cm | Risk: CRITICAL
[Sim Loop] Processing reading
[Broadcast] No active connections, skipping
[Simulator] Reading #1914: 977.2 cm (rising)
[Flood Engine] Reading #1914: 977.2 cm | Risk: CRITICAL
[Sim Loop] Processing reading
[Broadcast] No active connections, skipping
[Simulator] Reading #1915: 977.4 cm (rising)
[Flood Engine] Reading #1915: 977.4 cm | Risk: CRITICAL
[Sim Loop] Processing reading
[Broadcast] No active connections, skipping
[Simulator] Reading #1916: 977.7 cm (rising)
[Flood Engine] Reading #1916: 977.7 cm | Risk: CRITICAL
[Sim Loop] Processing reading
[Broadcast] No active connections, skipping
[Simulator] Reading #1917: 978.4 cm (rising)
[Flood Engine] Reading #1917: 978.4 cm | Risk: CRITICAL
[Sim Loop] Processing reading
[Broadcast] No active connections, skipping
[Simulator] Reading #1918: 978.8 cm (rising)
[Flood Engine] Reading #1918: 978.8 cm | Risk: CRITICAL
[Sim Loop] Processing reading
[Broadcast] No active connections, skipping
[Simulator] Reading #1919: 979.4 cm (rising)
[Flood Engine] Reading #1919: 979.4 cm | Risk: CRITICAL
[Sim Loop] Processing reading
[Broadcast] No active connections, skipping
[Simulator] Reading #1920: 980.2 cm (rising)
[Flood Engine] Reading #1920: 980.2 cm | Risk: CRITICAL
[Sim Loop] Processing reading
[Broadcast] No active connections, skipping
[Simulator] Reading #1921: 980.3 cm (rising)
[Flood Engine] Reading #1921: 980.3 cm | Risk: CRITICAL
[Sim Loop] Processing reading
[Broadcast] No active connections, skipping
[Simulator] Reading #1922: 981.0 cm (rising)
[Flood Engine] Reading #1922: 981.0 cm | Risk: CRITICAL
[Sim Loop] Processing reading
[Broadcast] No active connections, skipping
[Simulator] Reading #1923: 981.7 cm (rising)
[Flood Engine] Reading #1923: 981.7 cm | Risk: CRITICAL
[Sim Loop] Processing reading
[Broadcast] No active connections, skipping
[Simulator] Reading #1924: 982.0 cm (rising)
[Flood Engine] Reading #1924: 982.0 cm | Risk: CRITICAL
[Sim Loop] Processing reading
[Broadcast] No active connections, skipping
[Simulator] Reading #1925: 982.6 cm (rising)
[Flood Engine] Reading #1925: 982.6 cm | Risk: CRITICAL
[Sim Loop] Processing reading
[Broadcast] No active connections, skipping
[Simulator] Reading #1926: 983.2 cm (rising)
[Flood Engine] Reading #1926: 983.2 cm | Risk: CRITICAL
[Sim Loop] Processing reading
[Broadcast] No active connections, skipping
[Simulator] Reading #1927: 983.7 cm (rising)
[Flood Engine] Reading #1927: 983.7 cm | Risk: CRITICAL
[Sim Loop] Processing reading
[Broadcast] No active connections, skipping
[Simulator] Reading #1928: 984.3 cm (rising)
[Flood Engine] Reading #1928: 984.3 cm | Risk: CRITICAL
[Sim Loop] Processing reading
[Broadcast] No active connections, skipping
[Simulator] Reading #1929: 984.7 cm (rising)
[Flood Engine] Reading #1929: 984.7 cm | Risk: CRITICAL
[Sim Loop] Processing reading
[Broadcast] No active connections, skipping
[Simulator] Reading #1930: 984.9 cm (rising)
[Flood Engine] Reading #1930: 984.9 cm | Risk: CRITICAL
[Sim Loop] Processing reading
[Broadcast] No active connections, skipping
[Simulator] Reading #1931: 985.2 cm (rising)
[Flood Engine] Reading #1931: 985.2 cm | Risk: CRITICAL
[Sim Loop] Processing reading
[Broadcast] No active connections, skipping
[Simulator] Reading #1932: 986.3 cm (rising)
[Flood Engine] Reading #1932: 986.3 cm | Risk: CRITICAL
[Sim Loop] Processing reading
[Broadcast] No active connections, skipping
[Simulator] Reading #1933: 986.8 cm (rising)
[Flood Engine] Reading #1933: 986.8 cm | Risk: CRITICAL
[Sim Loop] Processing reading
[Broadcast] No active connections, skipping
[Simulator] Reading #1934: 986.8 cm (rising)
[Flood Engine] Reading #1934: 986.8 cm | Risk: CRITICAL
[Sim Loop] Processing reading
[Broadcast] No active connections, skipping
[Simulator] Reading #1935: 987.7 cm (rising)
[Flood Engine] Reading #1935: 987.7 cm | Risk: CRITICAL
[Sim Loop] Processing reading
[Broadcast] No active connections, skipping
[Simulator] Reading #1936: 987.7 cm (rising)
[Flood Engine] Reading #1936: 987.7 cm | Risk: CRITICAL
[Sim Loop] Processing reading
[Broadcast] No active connections, skipping
[Simulator] Reading #1937: 988.5 cm (rising)
[Flood Engine] Reading #1937: 988.5 cm | Risk: CRITICAL
[Sim Loop] Processing reading
[Broadcast] No active connections, skipping
[Simulator] Reading #1938: 989.3 cm (rising)
[Flood Engine] Reading #1938: 989.3 cm | Risk: CRITICAL
[Sim Loop] Processing reading
[Broadcast] No active connections, skipping
[Simulator] Reading #1939: 989.4 cm (rising)
[Flood Engine] Reading #1939: 989.4 cm | Risk: CRITICAL
[Sim Loop] Processing reading
[Broadcast] No active connections, skipping
[Simulator] Reading #1940: 990.1 cm (rising)
[Flood Engine] Reading #1940: 990.1 cm | Risk: CRITICAL
[Sim Loop] Processing reading
[Broadcast] No active connections, skipping
[Simulator] Reading #1941: 990.6 cm (rising)
[Flood Engine] Reading #1941: 990.6 cm | Risk: CRITICAL
[Sim Loop] Processing reading
[Broadcast] No active connections, skipping
[Simulator] Reading #1942: 991.0 cm (rising)
[Flood Engine] Reading #1942: 991.0 cm | Risk: CRITICAL
[Sim Loop] Processing reading
[Broadcast] No active connections, skipping
[Simulator] Reading #1943: 991.5 cm (rising)
[Flood Engine] Reading #1943: 991.5 cm | Risk: CRITICAL
[Sim Loop] Processing reading
[Broadcast] No active connections, skipping
[Simulator] Reading #1944: 991.9 cm (rising)
[Flood Engine] Reading #1944: 991.9 cm | Risk: CRITICAL
[Sim Loop] Processing reading
[Broadcast] No active connections, skipping
[Simulator] Reading #1945: 992.7 cm (rising)
[Flood Engine] Reading #1945: 992.7 cm | Risk: CRITICAL
[Sim Loop] Processing reading
[Broadcast] No active connections, skipping
[Simulator] Reading #1946: 992.8 cm (rising)
[Flood Engine] Reading #1946: 992.8 cm | Risk: CRITICAL
[Sim Loop] Processing reading
[Broadcast] No active connections, skipping
[Simulator] Reading #1947: 993.7 cm (rising)
[Flood Engine] Reading #1947: 993.7 cm | Risk: CRITICAL
[Sim Loop] Processing reading
[Broadcast] No active connections, skipping
[Simulator] Reading #1948: 993.9 cm (rising)
[Flood Engine] Reading #1948: 993.9 cm | Risk: CRITICAL
[Sim Loop] Processing reading
[Broadcast] No active connections, skipping
[Simulator] Reading #1949: 994.5 cm (rising)
[Flood Engine] Reading #1949: 994.5 cm | Risk: CRITICAL
[Sim Loop] Processing reading
[Broadcast] No active connections, skipping
[Simulator] Reading #1950: 995.3 cm (rising)
[Flood Engine] Reading #1950: 995.3 cm | Risk: CRITICAL
[Sim Loop] Processing reading
[Broadcast] No active connections, skipping
[Simulator] Reading #1951: 995.6 cm (rising)
[Flood Engine] Reading #1951: 995.6 cm | Risk: CRITICAL
[Sim Loop] Processing reading
[Broadcast] No active connections, skipping
[Simulator] Reading #1952: 995.8 cm (rising)
[Flood Engine] Reading #1952: 995.8 cm | Risk: CRITICAL
[Sim Loop] Processing reading
[Broadcast] No active connections, skipping
[Simulator] Reading #1953: 996.5 cm (rising)
[Flood Engine] Reading #1953: 996.5 cm | Risk: CRITICAL
[Sim Loop] Processing reading
[Broadcast] No active connections, skipping
[Simulator] Reading #1954: 996.8 cm (rising)
[Flood Engine] Reading #1954: 996.8 cm | Risk: CRITICAL
[Sim Loop] Processing reading
[Broadcast] No active connections, skipping
[Simulator] Reading #1955: 997.6 cm (rising)
[Flood Engine] Reading #1955: 997.6 cm | Risk: CRITICAL
[Sim Loop] Processing reading
[Broadcast] No active connections, skipping
[Simulator] Reading #1956: 997.8 cm (rising)
[Flood Engine] Reading #1956: 997.8 cm | Risk: CRITICAL
[Sim Loop] Processing reading
[Broadcast] No active connections, skipping
[Simulator] Reading #1957: 998.5 cm (rising)
[Flood Engine] Reading #1957: 998.5 cm | Risk: CRITICAL
[Sim Loop] Processing reading
[Broadcast] No active connections, skipping
[Simulator] Reading #1958: 999.1 cm (rising)
[Flood Engine] Reading #1958: 999.1 cm | Risk: CRITICAL
[Sim Loop] Processing reading
[Broadcast] No active connections, skipping
[Simulator] Reading #1959: 999.3 cm (rising)
[Flood Engine] Reading #1959: 999.3 cm | Risk: CRITICAL
[Sim Loop] Processing reading
[Broadcast] No active connections, skipping
[Simulator] Reading #1960: 1000.0 cm (rising)
[Flood Engine] Reading #1960: 1000.0 cm | Risk: CRITICAL
[Sim Loop] Processing reading
[Broadcast] No active connections, skipping
[Simulator] Reading #1961: 1000.4 cm (rising)
[Flood Engine] Reading #1961: 1000.4 cm | Risk: CRITICAL
[Sim Loop] Processing reading
[Broadcast] No active connections, skipping
[Simulator] Reading #1962: 1001.2 cm (rising)
[Flood Engine] Reading #1962: 1001.2 cm | Risk: CRITICAL
[Sim Loop] Processing reading
[Broadcast] No active connections, skipping
[Simulator] Reading #1963: 1001.6 cm (rising)
[Flood Engine] Reading #1963: 1001.6 cm | Risk: CRITICAL
[Sim Loop] Processing reading
[Broadcast] No active connections, skipping
[Simulator] Reading #1964: 1002.2 cm (rising)
[Flood Engine] Reading #1964: 1002.2 cm | Risk: CRITICAL
[Sim Loop] Processing reading
[Broadcast] No active connections, skipping
[Simulator] Reading #1965: 1002.7 cm (rising)
[Flood Engine] Reading #1965: 1002.7 cm | Risk: CRITICAL
[Sim Loop] Processing reading
[Broadcast] No active connections, skipping
[Simulator] Reading #1966: 1002.7 cm (rising)
[Flood Engine] Reading #1966: 1002.7 cm | Risk: CRITICAL
[Sim Loop] Processing reading
[Broadcast] No active connections, skipping
[Simulator] Reading #1967: 1003.8 cm (rising)
[Flood Engine] Reading #1967: 1003.8 cm | Risk: CRITICAL
[Sim Loop] Processing reading
[Broadcast] No active connections, skipping
[Simulator] Reading #1968: 1004.2 cm (rising)
[Flood Engine] Reading #1968: 1004.2 cm | Risk: CRITICAL
[Sim Loop] Processing reading
[Broadcast] No active connections, skipping
[Simulator] Reading #1969: 1004.5 cm (rising)
[Flood Engine] Reading #1969: 1004.5 cm | Risk: CRITICAL
[Sim Loop] Processing reading
[Broadcast] No active connections, skipping
[Simulator] Reading #1970: 1004.8 cm (rising)
[Flood Engine] Reading #1970: 1004.8 cm | Risk: CRITICAL
[Sim Loop] Processing reading
[Broadcast] No active connections, skipping
[Simulator] Reading #1971: 1005.7 cm (rising)
[Flood Engine] Reading #1971: 1005.7 cm | Risk: CRITICAL
[Sim Loop] Processing reading
[Broadcast] No active connections, skipping
[Simulator] Reading #1972: 1006.3 cm (rising)
[Flood Engine] Reading #1972: 1006.3 cm | Risk: CRITICAL
[Sim Loop] Processing reading
[Broadcast] No active connections, skipping
[Simulator] Reading #1973: 1006.3 cm (rising)
[Flood Engine] Reading #1973: 1006.3 cm | Risk: CRITICAL
[Sim Loop] Processing reading
[Broadcast] No active connections, skipping
[Simulator] Reading #1974: 1006.8 cm (rising)
[Flood Engine] Reading #1974: 1006.8 cm | Risk: CRITICAL
[Sim Loop] Processing reading
[Broadcast] No active connections, skipping
[Simulator] Reading #1975: 1007.5 cm (rising)
[Flood Engine] Reading #1975: 1007.5 cm | Risk: CRITICAL
[Sim Loop] Processing reading
[Broadcast] No active connections, skipping
[Simulator] Reading #1976: 1008.1 cm (rising)
[Flood Engine] Reading #1976: 1008.1 cm | Risk: CRITICAL
[Sim Loop] Processing reading
[Broadcast] No active connections, skipping
[Simulator] Reading #1977: 1008.6 cm (rising)
[Flood Engine] Reading #1977: 1008.6 cm | Risk: CRITICAL
[Sim Loop] Processing reading
[Broadcast] No active connections, skipping
[Simulator] Reading #1978: 1008.8 cm (rising)
[Flood Engine] Reading #1978: 1008.8 cm | Risk: CRITICAL
[Sim Loop] Processing reading
[Broadcast] No active connections, skipping
[Simulator] Reading #1979: 1009.3 cm (rising)
[Flood Engine] Reading #1979: 1009.3 cm | Risk: CRITICAL
[Sim Loop] Processing reading
[Broadcast] No active connections, skipping
[Simulator] Reading #1980: 1009.8 cm (rising)
[Flood Engine] Reading #1980: 1009.8 cm | Risk: CRITICAL
[Sim Loop] Processing reading
[Broadcast] No active connections, skipping
[Simulator] Reading #1981: 1010.7 cm (rising)
[Flood Engine] Reading #1981: 1010.7 cm | Risk: CRITICAL
[Sim Loop] Processing reading
[Broadcast] No active connections, skipping
[Simulator] Reading #1982: 1010.9 cm (rising)
[Flood Engine] Reading #1982: 1010.9 cm | Risk: CRITICAL
[Sim Loop] Processing reading
[Broadcast] No active connections, skipping
[Simulator] Reading #1983: 1011.7 cm (rising)
[Flood Engine] Reading #1983: 1011.7 cm | Risk: CRITICAL
[Sim Loop] Processing reading
[Broadcast] No active connections, skipping
[Simulator] Reading #1984: 1011.9 cm (rising)
[Flood Engine] Reading #1984: 1011.9 cm | Risk: CRITICAL
[Sim Loop] Processing reading
[Broadcast] No active connections, skipping
[Simulator] Reading #1985: 1012.3 cm (rising)
[Flood Engine] Reading #1985: 1012.3 cm | Risk: CRITICAL
[Sim Loop] Processing reading
[Broadcast] No active connections, skipping
[Simulator] Reading #1986: 1013.0 cm (rising)
[Flood Engine] Reading #1986: 1013.0 cm | Risk: CRITICAL
[Sim Loop] Processing reading
[Broadcast] No active connections, skipping
[Simulator] Reading #1987: 1013.3 cm (rising)
[Flood Engine] Reading #1987: 1013.3 cm | Risk: CRITICAL
[Sim Loop] Processing reading
[Broadcast] No active connections, skipping
[Simulator] Reading #1988: 1014.0 cm (rising)
[Flood Engine] Reading #1988: 1014.0 cm | Risk: CRITICAL
[Sim Loop] Processing reading
[Broadcast] No active connections, skipping
[Simulator] Reading #1989: 1014.3 cm (rising)
[Flood Engine] Reading #1989: 1014.3 cm | Risk: CRITICAL
[Sim Loop] Processing reading
[Broadcast] No active connections, skipping
[Simulator] Reading #1990: 1014.9 cm (rising)
[Flood Engine] Reading #1990: 1014.9 cm | Risk: CRITICAL
[Sim Loop] Processing reading
[Broadcast] No active connections, skipping
[Simulator] Reading #1991: 1015.5 cm (rising)
[Flood Engine] Reading #1991: 1015.5 cm | Risk: CRITICAL
[Sim Loop] Processing reading
[Broadcast] No active connections, skipping
[Simulator] Reading #1992: 1015.9 cm (rising)
[Flood Engine] Reading #1992: 1015.9 cm | Risk: CRITICAL
[Sim Loop] Processing reading
[Broadcast] No active connections, skipping
[Simulator] Reading #1993: 1016.6 cm (rising)
[Flood Engine] Reading #1993: 1016.6 cm | Risk: CRITICAL
[Sim Loop] Processing reading
[Broadcast] No active connections, skipping
[Simulator] Reading #1994: 1017.1 cm (rising)
[Flood Engine] Reading #1994: 1017.1 cm | Risk: CRITICAL
[Sim Loop] Processing reading
[Broadcast] No active connections, skipping
[Simulator] Reading #1995: 1017.3 cm (rising)
[Flood Engine] Reading #1995: 1017.3 cm | Risk: CRITICAL
[Sim Loop] Processing reading
[Broadcast] No active connections, skipping
[Simulator] Reading #1996: 1018.0 cm (rising)
[Flood Engine] Reading #1996: 1018.0 cm | Risk: CRITICAL
[Sim Loop] Processing reading
[Broadcast] No active connections, skipping
[Simulator] Reading #1997: 1018.4 cm (rising)
[Flood Engine] Reading #1997: 1018.4 cm | Risk: CRITICAL
[Sim Loop] Processing reading
[Broadcast] No active connections, skipping
[Simulator] Reading #1998: 1018.9 cm (rising)
[Flood Engine] Reading #1998: 1018.9 cm | Risk: CRITICAL
[Sim Loop] Processing reading
[Broadcast] No active connections, skipping
[Simulator] Reading #1999: 1019.7 cm (rising)
[Flood Engine] Reading #1999: 1019.7 cm | Risk: CRITICAL
[Sim Loop] Processing reading
[Broadcast] No active connections, skipping
[Simulator] Reading #2000: 1020.1 cm (rising)
[Flood Engine] Reading #2000: 1020.1 cm | Risk: CRITICAL
[Sim Loop] Processing reading
[Broadcast] No active connections, skipping
[Simulator] Reading #2001: 1020.6 cm (rising)
[Flood Engine] Reading #2001: 1020.6 cm | Risk: CRITICAL
[Sim Loop] Processing reading
[Broadcast] No active connections, skipping
[Simulator] Reading #2002: 1020.7 cm (rising)
[Flood Engine] Reading #2002: 1020.7 cm | Risk: CRITICAL
[Sim Loop] Processing reading
[Broadcast] No active connections, skipping
[Simulator] Reading #2003: 1021.8 cm (rising)
[Flood Engine] Reading #2003: 1021.8 cm | Risk: CRITICAL
[Sim Loop] Processing reading
[Broadcast] No active connections, skipping
[Simulator] Reading #2004: 1021.7 cm (rising)
[Flood Engine] Reading #2004: 1021.7 cm | Risk: CRITICAL
[Sim Loop] Processing reading
[Broadcast] No active connections, skipping
[Simulator] Reading #2005: 1022.6 cm (rising)
[Flood Engine] Reading #2005: 1022.6 cm | Risk: CRITICAL
[Sim Loop] Processing reading
[Broadcast] No active connections, skipping
[Simulator] Reading #2006: 1023.2 cm (rising)
[Flood Engine] Reading #2006: 1023.2 cm | Risk: CRITICAL
[Sim Loop] Processing reading
[Broadcast] No active connections, skipping
[Simulator] Reading #2007: 1023.4 cm (rising)
[Flood Engine] Reading #2007: 1023.4 cm | Risk: CRITICAL
[Sim Loop] Processing reading
[Broadcast] No active connections, skipping
[Simulator] Reading #2008: 1023.9 cm (rising)
[Flood Engine] Reading #2008: 1023.9 cm | Risk: CRITICAL
[Sim Loop] Processing reading
[Broadcast] No active connections, skipping
[Simulator] Reading #2009: 1024.5 cm (rising)
[Flood Engine] Reading #2009: 1024.5 cm | Risk: CRITICAL
[Sim Loop] Processing reading
[Broadcast] No active connections, skipping
[Simulator] Reading #2010: 1024.7 cm (rising)
[Flood Engine] Reading #2010: 1024.7 cm | Risk: CRITICAL
[Sim Loop] Processing reading
[Broadcast] No active connections, skipping
[Simulator] Reading #2011: 1025.2 cm (rising)
[Flood Engine] Reading #2011: 1025.2 cm | Risk: CRITICAL
[Sim Loop] Processing reading
[Broadcast] No active connections, skipping
[Simulator] Reading #2012: 1026.1 cm (rising)
[Flood Engine] Reading #2012: 1026.1 cm | Risk: CRITICAL
[Sim Loop] Processing reading
[Broadcast] No active connections, skipping
[Simulator] Reading #2013: 1026.5 cm (rising)
[Flood Engine] Reading #2013: 1026.5 cm | Risk: CRITICAL
[Sim Loop] Processing reading
[Broadcast] No active connections, skipping
[Simulator] Reading #2014: 1027.0 cm (rising)
[Flood Engine] Reading #2014: 1027.0 cm | Risk: CRITICAL
[Sim Loop] Processing reading
[Broadcast] No active connections, skipping
[Simulator] Reading #2015: 1027.6 cm (rising)
[Flood Engine] Reading #2015: 1027.6 cm | Risk: CRITICAL
[Sim Loop] Processing reading
[Broadcast] No active connections, skipping
[Simulator] Reading #2016: 1028.1 cm (rising)
[Flood Engine] Reading #2016: 1028.1 cm | Risk: CRITICAL
[Sim Loop] Processing reading
[Broadcast] No active connections, skipping
[Simulator] Reading #2017: 1028.3 cm (rising)
[Flood Engine] Reading #2017: 1028.3 cm | Risk: CRITICAL
[Sim Loop] Processing reading
[Broadcast] No active connections, skipping
[Simulator] Reading #2018: 1028.8 cm (rising)
[Flood Engine] Reading #2018: 1028.8 cm | Risk: CRITICAL
[Sim Loop] Processing reading
[Broadcast] No active connections, skipping
[Simulator] Reading #2019: 1029.4 cm (rising)
[Flood Engine] Reading #2019: 1029.4 cm | Risk: CRITICAL
[Sim Loop] Processing reading
[Broadcast] No active connections, skipping
[Simulator] Reading #2020: 1030.2 cm (rising)
[Flood Engine] Reading #2020: 1030.2 cm | Risk: CRITICAL
[Sim Loop] Processing reading
[Broadcast] No active connections, skipping
[Simulator] Reading #2021: 1030.6 cm (rising)
[Flood Engine] Reading #2021: 1030.6 cm | Risk: CRITICAL
[Sim Loop] Processing reading
[Broadcast] No active connections, skipping
[Simulator] Reading #2022: 1030.8 cm (rising)
[Flood Engine] Reading #2022: 1030.8 cm | Risk: CRITICAL
[Sim Loop] Processing reading
[Broadcast] No active connections, skipping
[Simulator] Reading #2023: 1031.6 cm (rising)
[Flood Engine] Reading #2023: 1031.6 cm | Risk: CRITICAL
[Sim Loop] Processing reading
[Broadcast] No active connections, skipping
[Simulator] Reading #2024: 1032.2 cm (rising)
[Flood Engine] Reading #2024: 1032.2 cm | Risk: CRITICAL
[Sim Loop] Processing reading
[Broadcast] No active connections, skipping
[Simulator] Reading #2025: 1032.4 cm (rising)
[Flood Engine] Reading #2025: 1032.4 cm | Risk: CRITICAL
[Sim Loop] Processing reading
[Broadcast] No active connections, skipping
[Simulator] Reading #2026: 1033.2 cm (rising)
[Flood Engine] Reading #2026: 1033.2 cm | Risk: CRITICAL
[Sim Loop] Processing reading
[Broadcast] No active connections, skipping
[Simulator] Reading #2027: 1033.6 cm (rising)
[Flood Engine] Reading #2027: 1033.6 cm | Risk: CRITICAL
[Sim Loop] Processing reading
[Broadcast] No active connections, skipping
[Simulator] Reading #2028: 1034.2 cm (rising)
[Flood Engine] Reading #2028: 1034.2 cm | Risk: CRITICAL
[Sim Loop] Processing reading
[Broadcast] No active connections, skipping
[Simulator] Reading #2029: 1034.5 cm (rising)
[Flood Engine] Reading #2029: 1034.5 cm | Risk: CRITICAL
[Sim Loop] Processing reading
[Broadcast] No active connections, skipping
[Simulator] Reading #2030: 1035.2 cm (rising)
[Flood Engine] Reading #2030: 1035.2 cm | Risk: CRITICAL
[Sim Loop] Processing reading
[Broadcast] No active connections, skipping
[Simulator] Reading #2031: 1035.4 cm (rising)
[Flood Engine] Reading #2031: 1035.4 cm | Risk: CRITICAL
[Sim Loop] Processing reading
[Broadcast] No active connections, skipping
[Simulator] Reading #2032: 1036.2 cm (rising)
[Flood Engine] Reading #2032: 1036.2 cm | Risk: CRITICAL
[Sim Loop] Processing reading
[Broadcast] No active connections, skipping
[Simulator] Reading #2033: 1036.4 cm (rising)
[Flood Engine] Reading #2033: 1036.4 cm | Risk: CRITICAL
[Sim Loop] Processing reading
[Broadcast] No active connections, skipping
[Simulator] Reading #2034: 1036.7 cm (rising)
[Flood Engine] Reading #2034: 1036.7 cm | Risk: CRITICAL
[Sim Loop] Processing reading
[Broadcast] No active connections, skipping
[Simulator] Reading #2035: 1037.3 cm (rising)
[Flood Engine] Reading #2035: 1037.3 cm | Risk: CRITICAL
[Sim Loop] Processing reading
[Broadcast] No active connections, skipping
[Simulator] Reading #2036: 1038.3 cm (rising)
[Flood Engine] Reading #2036: 1038.3 cm | Risk: CRITICAL
[Sim Loop] Processing reading
[Broadcast] No active connections, skipping
[Simulator] Reading #2037: 1038.5 cm (rising)
[Flood Engine] Reading #2037: 1038.5 cm | Risk: CRITICAL
[Sim Loop] Processing reading
[Broadcast] No active connections, skipping
[Simulator] Reading #2038: 1039.0 cm (rising)
[Flood Engine] Reading #2038: 1039.0 cm | Risk: CRITICAL
[Sim Loop] Processing reading
[Broadcast] No active connections, skipping
[Simulator] Reading #2039: 1039.5 cm (rising)
[Flood Engine] Reading #2039: 1039.5 cm | Risk: CRITICAL
[Sim Loop] Processing reading
[Broadcast] No active connections, skipping
[Simulator] Reading #2040: 1040.2 cm (rising)
[Flood Engine] Reading #2040: 1040.2 cm | Risk: CRITICAL
[Sim Loop] Processing reading
[Broadcast] No active connections, skipping
[Simulator] Reading #2041: 1040.2 cm (rising)
[Flood Engine] Reading #2041: 1040.2 cm | Risk: CRITICAL
[Sim Loop] Processing reading
[Broadcast] No active connections, skipping
[Simulator] Reading #2042: 1041.2 cm (rising)
[Flood Engine] Reading #2042: 1041.2 cm | Risk: CRITICAL
[Sim Loop] Processing reading
[Broadcast] No active connections, skipping
[Simulator] Reading #2043: 1041.8 cm (rising)
[Flood Engine] Reading #2043: 1041.8 cm | Risk: CRITICAL
[Sim Loop] Processing reading
[Broadcast] No active connections, skipping
[Simulator] Reading #2044: 1041.8 cm (rising)
[Flood Engine] Reading #2044: 1041.8 cm | Risk: CRITICAL
[Sim Loop] Processing reading
[Broadcast] No active connections, skipping
[Simulator] Reading #2045: 1042.7 cm (rising)
[Flood Engine] Reading #2045: 1042.7 cm | Risk: CRITICAL
[Sim Loop] Processing reading
[Broadcast] No active connections, skipping
[Simulator] Reading #2046: 1043.0 cm (rising)
[Flood Engine] Reading #2046: 1043.0 cm | Risk: CRITICAL
[Sim Loop] Processing reading
[Broadcast] No active connections, skipping
[Simulator] Reading #2047: 1043.8 cm (rising)
[Flood Engine] Reading #2047: 1043.8 cm | Risk: CRITICAL
[Sim Loop] Processing reading
[Broadcast] No active connections, skipping
[Simulator] Reading #2048: 1043.9 cm (rising)
[Flood Engine] Reading #2048: 1043.9 cm | Risk: CRITICAL
[Sim Loop] Processing reading
[Broadcast] No active connections, skipping
[Simulator] Reading #2049: 1044.6 cm (rising)
[Flood Engine] Reading #2049: 1044.6 cm | Risk: CRITICAL
[Sim Loop] Processing reading
[Broadcast] No active connections, skipping
[Simulator] Reading #2050: 1045.2 cm (rising)
[Flood Engine] Reading #2050: 1045.2 cm | Risk: CRITICAL
[Sim Loop] Processing reading
[Broadcast] No active connections, skipping
[Simulator] Reading #2051: 1045.3 cm (rising)
[Flood Engine] Reading #2051: 1045.3 cm | Risk: CRITICAL
[Sim Loop] Processing reading
[Broadcast] No active connections, skipping
[Simulator] Reading #2052: 1045.8 cm (rising)
[Flood Engine] Reading #2052: 1045.8 cm | Risk: CRITICAL
[Sim Loop] Processing reading
[Broadcast] No active connections, skipping
[Simulator] Reading #2053: 1046.7 cm (rising)
[Flood Engine] Reading #2053: 1046.7 cm | Risk: CRITICAL
[Sim Loop] Processing reading
[Broadcast] No active connections, skipping
[Simulator] Reading #2054: 1047.2 cm (rising)
[Flood Engine] Reading #2054: 1047.2 cm | Risk: CRITICAL
[Sim Loop] Processing reading
[Broadcast] No active connections, skipping
[Simulator] Reading #2055: 1047.7 cm (rising)
[Flood Engine] Reading #2055: 1047.7 cm | Risk: CRITICAL
[Sim Loop] Processing reading
[Broadcast] No active connections, skipping
[Simulator] Reading #2056: 1048.2 cm (rising)
[Flood Engine] Reading #2056: 1048.2 cm | Risk: CRITICAL
[Sim Loop] Processing reading
[Broadcast] No active connections, skipping
[Simulator] Reading #2057: 1048.5 cm (rising)
[Flood Engine] Reading #2057: 1048.5 cm | Risk: CRITICAL
[Sim Loop] Processing reading
[Broadcast] No active connections, skipping
[Simulator] Reading #2058: 1048.8 cm (rising)
[Flood Engine] Reading #2058: 1048.8 cm | Risk: CRITICAL
[Sim Loop] Processing reading
[Broadcast] No active connections, skipping
[Simulator] Reading #2059: 1049.3 cm (rising)
[Flood Engine] Reading #2059: 1049.3 cm | Risk: CRITICAL
[Sim Loop] Processing reading
[Broadcast] No active connections, skipping
[Simulator] Reading #2060: 1050.1 cm (rising)
[Flood Engine] Reading #2060: 1050.1 cm | Risk: CRITICAL
[Sim Loop] Processing reading
[Broadcast] No active connections, skipping
[Simulator] Reading #2061: 1050.3 cm (rising)
[Flood Engine] Reading #2061: 1050.3 cm | Risk: CRITICAL
[Sim Loop] Processing reading
[Broadcast] No active connections, skipping
[Simulator] Reading #2062: 1050.9 cm (rising)
[Flood Engine] Reading #2062: 1050.9 cm | Risk: CRITICAL
[Sim Loop] Processing reading
[Broadcast] No active connections, skipping
[Simulator] Reading #2063: 1051.5 cm (rising)
[Flood Engine] Reading #2063: 1051.5 cm | Risk: CRITICAL
[Sim Loop] Processing reading
[Broadcast] No active connections, skipping
[Simulator] Reading #2064: 1052.1 cm (rising)
[Flood Engine] Reading #2064: 1052.1 cm | Risk: CRITICAL
[Sim Loop] Processing reading
[Broadcast] No active connections, skipping
[Simulator] Reading #2065: 1052.6 cm (rising)
[Flood Engine] Reading #2065: 1052.6 cm | Risk: CRITICAL
[Sim Loop] Processing reading
[Broadcast] No active connections, skipping
[Simulator] Reading #2066: 1053.1 cm (rising)
[Flood Engine] Reading #2066: 1053.1 cm | Risk: CRITICAL
[Sim Loop] Processing reading
[Broadcast] No active connections, skipping
[Simulator] Reading #2067: 1053.8 cm (rising)
[Flood Engine] Reading #2067: 1053.8 cm | Risk: CRITICAL
[Sim Loop] Processing reading
[Broadcast] No active connections, skipping
[Simulator] Reading #2068: 1054.2 cm (rising)
[Flood Engine] Reading #2068: 1054.2 cm | Risk: CRITICAL
[Sim Loop] Processing reading
[Broadcast] No active connections, skipping
[Simulator] Reading #2069: 1054.4 cm (rising)
[Flood Engine] Reading #2069: 1054.4 cm | Risk: CRITICAL
[Sim Loop] Processing reading
[Broadcast] No active connections, skipping
[Simulator] Reading #2070: 1055.1 cm (rising)
[Flood Engine] Reading #2070: 1055.1 cm | Risk: CRITICAL
[Sim Loop] Processing reading
[Broadcast] No active connections, skipping
[Simulator] Reading #2071: 1055.4 cm (rising)
[Flood Engine] Reading #2071: 1055.4 cm | Risk: CRITICAL
[Sim Loop] Processing reading
[Broadcast] No active connections, skipping
[Simulator] Reading #2072: 1056.1 cm (rising)
[Flood Engine] Reading #2072: 1056.1 cm | Risk: CRITICAL
[Sim Loop] Processing reading
[Broadcast] No active connections, skipping
[Simulator] Reading #2073: 1056.2 cm (rising)
[Flood Engine] Reading #2073: 1056.2 cm | Risk: CRITICAL
[Sim Loop] Processing reading
[Broadcast] No active connections, skipping
[Simulator] Reading #2074: 1057.1 cm (rising)
[Flood Engine] Reading #2074: 1057.1 cm | Risk: CRITICAL
[Sim Loop] Processing reading
[Broadcast] No active connections, skipping
[Simulator] Reading #2075: 1057.7 cm (rising)
[Flood Engine] Reading #2075: 1057.7 cm | Risk: CRITICAL
[Sim Loop] Processing reading
[Broadcast] No active connections, skipping
[Simulator] Reading #2076: 1057.7 cm (rising)
[Flood Engine] Reading #2076: 1057.7 cm | Risk: CRITICAL
[Sim Loop] Processing reading
[Broadcast] No active connections, skipping
[Simulator] Reading #2077: 1058.5 cm (rising)
[Flood Engine] Reading #2077: 1058.5 cm | Risk: CRITICAL
[Sim Loop] Processing reading
[Broadcast] No active connections, skipping
[Simulator] Reading #2078: 1058.7 cm (rising)
[Flood Engine] Reading #2078: 1058.7 cm | Risk: CRITICAL
[Sim Loop] Processing reading
[Broadcast] No active connections, skipping
[Simulator] Reading #2079: 1059.6 cm (rising)
[Flood Engine] Reading #2079: 1059.6 cm | Risk: CRITICAL
[Sim Loop] Processing reading
[Broadcast] No active connections, skipping
[Simulator] Reading #2080: 1059.8 cm (rising)
[Flood Engine] Reading #2080: 1059.8 cm | Risk: CRITICAL
[Sim Loop] Processing reading
[Broadcast] No active connections, skipping
[Simulator] Reading #2081: 1060.5 cm (rising)
[Flood Engine] Reading #2081: 1060.5 cm | Risk: CRITICAL
[Sim Loop] Processing reading
[Broadcast] No active connections, skipping
[Simulator] Reading #2082: 1061.2 cm (rising)
[Flood Engine] Reading #2082: 1061.2 cm | Risk: CRITICAL
[Sim Loop] Processing reading
[Broadcast] No active connections, skipping
[Simulator] Reading #2083: 1061.4 cm (rising)
[Flood Engine] Reading #2083: 1061.4 cm | Risk: CRITICAL
[Sim Loop] Processing reading
[Broadcast] No active connections, skipping
[Simulator] Reading #2084: 1061.7 cm (rising)
[Flood Engine] Reading #2084: 1061.7 cm | Risk: CRITICAL
[Sim Loop] Processing reading
[Broadcast] No active connections, skipping
[Simulator] Reading #2085: 1062.4 cm (rising)
[Flood Engine] Reading #2085: 1062.4 cm | Risk: CRITICAL
[Sim Loop] Processing reading
[Broadcast] No active connections, skipping
[Simulator] Reading #2086: 1062.9 cm (rising)
[Flood Engine] Reading #2086: 1062.9 cm | Risk: CRITICAL
[Sim Loop] Processing reading
[Broadcast] No active connections, skipping
[Simulator] Reading #2087: 1063.4 cm (rising)
[Flood Engine] Reading #2087: 1063.4 cm | Risk: CRITICAL
[Sim Loop] Processing reading
[Broadcast] No active connections, skipping
[Simulator] Reading #2088: 1063.7 cm (rising)
[Flood Engine] Reading #2088: 1063.7 cm | Risk: CRITICAL
[Sim Loop] Processing reading
[Broadcast] No active connections, skipping
[Simulator] Reading #2089: 1064.4 cm (rising)
[Flood Engine] Reading #2089: 1064.4 cm | Risk: CRITICAL
[Sim Loop] Processing reading
[Broadcast] No active connections, skipping
[Simulator] Reading #2090: 1065.1 cm (rising)
[Flood Engine] Reading #2090: 1065.1 cm | Risk: CRITICAL
[Sim Loop] Processing reading
[Broadcast] No active connections, skipping
[Simulator] Reading #2091: 1065.7 cm (rising)
[Flood Engine] Reading #2091: 1065.7 cm | Risk: CRITICAL
[Sim Loop] Processing reading
[Broadcast] No active connections, skipping
[Simulator] Reading #2092: 1065.7 cm (rising)
[Flood Engine] Reading #2092: 1065.7 cm | Risk: CRITICAL
[Sim Loop] Processing reading
[Broadcast] No active connections, skipping
[Simulator] Reading #2093: 1066.3 cm (rising)
[Flood Engine] Reading #2093: 1066.3 cm | Risk: CRITICAL
[Sim Loop] Processing reading
[Broadcast] No active connections, skipping
[Simulator] Reading #2094: 1067.2 cm (rising)
[Flood Engine] Reading #2094: 1067.2 cm | Risk: CRITICAL
[Sim Loop] Processing reading
[Broadcast] No active connections, skipping
[Simulator] Reading #2095: 1067.4 cm (rising)
[Flood Engine] Reading #2095: 1067.4 cm | Risk: CRITICAL
[Sim Loop] Processing reading
[Broadcast] No active connections, skipping
[Simulator] Reading #2096: 1068.1 cm (rising)
[Flood Engine] Reading #2096: 1068.1 cm | Risk: CRITICAL
[Sim Loop] Processing reading
[Broadcast] No active connections, skipping
[Simulator] Reading #2097: 1068.3 cm (rising)
[Flood Engine] Reading #2097: 1068.3 cm | Risk: CRITICAL
[Sim Loop] Processing reading
[Broadcast] No active connections, skipping
[Simulator] Reading #2098: 1069.1 cm (rising)
[Flood Engine] Reading #2098: 1069.1 cm | Risk: CRITICAL
[Sim Loop] Processing reading
[Broadcast] No active connections, skipping
[Simulator] Reading #2099: 1069.6 cm (rising)
[Flood Engine] Reading #2099: 1069.6 cm | Risk: CRITICAL
[Sim Loop] Processing reading
[Broadcast] No active connections, skipping
[Simulator] Reading #2100: 1070.1 cm (rising)
[Flood Engine] Reading #2100: 1070.1 cm | Risk: CRITICAL
[Sim Loop] Processing reading
[Broadcast] No active connections, skipping
[Simulator] Reading #2101: 1070.5 cm (rising)
[Flood Engine] Reading #2101: 1070.5 cm | Risk: CRITICAL
[Sim Loop] Processing reading
[Broadcast] No active connections, skipping
[Simulator] Reading #2102: 1071.2 cm (rising)
[Flood Engine] Reading #2102: 1071.2 cm | Risk: CRITICAL
[Sim Loop] Processing reading
[Broadcast] No active connections, skipping
[Simulator] Reading #2103: 1071.3 cm (rising)
[Flood Engine] Reading #2103: 1071.3 cm | Risk: CRITICAL
[Sim Loop] Processing reading
[Broadcast] No active connections, skipping
[Simulator] Reading #2104: 1072.1 cm (rising)
[Flood Engine] Reading #2104: 1072.1 cm | Risk: CRITICAL
[Sim Loop] Processing reading
[Broadcast] No active connections, skipping
[Simulator] Reading #2105: 1072.8 cm (rising)
[Flood Engine] Reading #2105: 1072.8 cm | Risk: CRITICAL
[Sim Loop] Processing reading
[Broadcast] No active connections, skipping
[Simulator] Reading #2106: 1072.8 cm (rising)
[Flood Engine] Reading #2106: 1072.8 cm | Risk: CRITICAL
[Sim Loop] Processing reading
[Broadcast] No active connections, skipping
[Simulator] Reading #2107: 1073.5 cm (rising)
[Flood Engine] Reading #2107: 1073.5 cm | Risk: CRITICAL
[Sim Loop] Processing reading
[Broadcast] No active connections, skipping
[Simulator] Reading #2108: 1073.9 cm (rising)
[Flood Engine] Reading #2108: 1073.9 cm | Risk: CRITICAL
[Sim Loop] Processing reading
[Broadcast] No active connections, skipping
[Simulator] Reading #2109: 1074.6 cm (rising)
[Flood Engine] Reading #2109: 1074.6 cm | Risk: CRITICAL
[Sim Loop] Processing reading
[Broadcast] No active connections, skipping
[Simulator] Reading #2110: 1075.0 cm (rising)
[Flood Engine] Reading #2110: 1075.0 cm | Risk: CRITICAL
[Sim Loop] Processing reading
[Broadcast] No active connections, skipping
[Simulator] Reading #2111: 1075.4 cm (rising)
[Flood Engine] Reading #2111: 1075.4 cm | Risk: CRITICAL
[Sim Loop] Processing reading
[Broadcast] No active connections, skipping
[Simulator] Reading #2112: 1075.8 cm (rising)
[Flood Engine] Reading #2112: 1075.8 cm | Risk: CRITICAL
[Sim Loop] Processing reading
[Broadcast] No active connections, skipping
[Simulator] Reading #2113: 1076.5 cm (rising)
[Flood Engine] Reading #2113: 1076.5 cm | Risk: CRITICAL
[Sim Loop] Processing reading
[Broadcast] No active connections, skipping
[Simulator] Reading #2114: 1077.1 cm (rising)
[Flood Engine] Reading #2114: 1077.1 cm | Risk: CRITICAL
[Sim Loop] Processing reading
[Broadcast] No active connections, skipping
[Simulator] Reading #2115: 1077.2 cm (rising)
[Flood Engine] Reading #2115: 1077.2 cm | Risk: CRITICAL
[Sim Loop] Processing reading
[Broadcast] No active connections, skipping
[Simulator] Reading #2116: 1077.7 cm (rising)
[Flood Engine] Reading #2116: 1077.7 cm | Risk: CRITICAL
[Sim Loop] Processing reading
[Broadcast] No active connections, skipping
[Simulator] Reading #2117: 1078.6 cm (rising)
[Flood Engine] Reading #2117: 1078.6 cm | Risk: CRITICAL
[Sim Loop] Processing reading
[Broadcast] No active connections, skipping
[Simulator] Reading #2118: 1079.1 cm (rising)
[Flood Engine] Reading #2118: 1079.1 cm | Risk: CRITICAL
[Sim Loop] Processing reading
[Broadcast] No active connections, skipping
[Simulator] Reading #2119: 1079.3 cm (rising)
[Flood Engine] Reading #2119: 1079.3 cm | Risk: CRITICAL
[Sim Loop] Processing reading
[Broadcast] No active connections, skipping
[Simulator] Reading #2120: 1079.7 cm (rising)
[Flood Engine] Reading #2120: 1079.7 cm | Risk: CRITICAL
[Sim Loop] Processing reading
[Broadcast] No active connections, skipping
[Simulator] Reading #2121: 1080.4 cm (rising)
[Flood Engine] Reading #2121: 1080.4 cm | Risk: CRITICAL
[Sim Loop] Processing reading
[Broadcast] No active connections, skipping
[Simulator] Reading #2122: 1081.0 cm (rising)
[Flood Engine] Reading #2122: 1081.0 cm | Risk: CRITICAL
[Sim Loop] Processing reading
[Broadcast] No active connections, skipping
[Simulator] Reading #2123: 1081.6 cm (rising)
[Flood Engine] Reading #2123: 1081.6 cm | Risk: CRITICAL
[Sim Loop] Processing reading
[Broadcast] No active connections, skipping
[Simulator] Reading #2124: 1081.9 cm (rising)
[Flood Engine] Reading #2124: 1081.9 cm | Risk: CRITICAL
[Sim Loop] Processing reading
[Broadcast] No active connections, skipping
[Simulator] Reading #2125: 1082.5 cm (rising)
[Flood Engine] Reading #2125: 1082.5 cm | Risk: CRITICAL
[Sim Loop] Processing reading
[Broadcast] No active connections, skipping
[Simulator] Reading #2126: 1082.9 cm (rising)
[Flood Engine] Reading #2126: 1082.9 cm | Risk: CRITICAL
[Sim Loop] Processing reading
[Broadcast] No active connections, skipping
[Simulator] Reading #2127: 1083.3 cm (rising)
[Flood Engine] Reading #2127: 1083.3 cm | Risk: CRITICAL
[Sim Loop] Processing reading
[Broadcast] No active connections, skipping
[Simulator] Reading #2128: 1084.1 cm (rising)
[Flood Engine] Reading #2128: 1084.1 cm | Risk: CRITICAL
[Sim Loop] Processing reading
[Broadcast] No active connections, skipping
[Simulator] Reading #2129: 1084.7 cm (rising)
[Flood Engine] Reading #2129: 1084.7 cm | Risk: CRITICAL
[Sim Loop] Processing reading
[Broadcast] No active connections, skipping
[Simulator] Reading #2130: 1085.1 cm (rising)
[Flood Engine] Reading #2130: 1085.1 cm | Risk: CRITICAL
[Sim Loop] Processing reading
[Broadcast] No active connections, skipping
[Simulator] Reading #2131: 1085.5 cm (rising)
[Flood Engine] Reading #2131: 1085.5 cm | Risk: CRITICAL
[Sim Loop] Processing reading
[Broadcast] No active connections, skipping
[Simulator] Reading #2132: 1085.8 cm (rising)
[Flood Engine] Reading #2132: 1085.8 cm | Risk: CRITICAL
[Sim Loop] Processing reading
[Broadcast] No active connections, skipping
[Simulator] Reading #2133: 1086.3 cm (rising)
[Flood Engine] Reading #2133: 1086.3 cm | Risk: CRITICAL
[Sim Loop] Processing reading
[Broadcast] No active connections, skipping
[Simulator] Reading #2134: 1087.2 cm (rising)
[Flood Engine] Reading #2134: 1087.2 cm | Risk: CRITICAL
[Sim Loop] Processing reading
[Broadcast] No active connections, skipping
[Simulator] Reading #2135: 1087.4 cm (rising)
[Flood Engine] Reading #2135: 1087.4 cm | Risk: CRITICAL
[Sim Loop] Processing reading
[Broadcast] No active connections, skipping
[Simulator] Reading #2136: 1088.2 cm (rising)
[Flood Engine] Reading #2136: 1088.2 cm | Risk: CRITICAL
[Sim Loop] Processing reading
[Broadcast] No active connections, skipping
[Simulator] Reading #2137: 1088.3 cm (rising)
[Flood Engine] Reading #2137: 1088.3 cm | Risk: CRITICAL
[Sim Loop] Processing reading
[Broadcast] No active connections, skipping
[Simulator] Reading #2138: 1089.2 cm (rising)
[Flood Engine] Reading #2138: 1089.2 cm | Risk: CRITICAL
[Sim Loop] Processing reading
[Broadcast] No active connections, skipping
[Simulator] Reading #2139: 1089.3 cm (rising)
[Flood Engine] Reading #2139: 1089.3 cm | Risk: CRITICAL
[Sim Loop] Processing reading
[Broadcast] No active connections, skipping
[Simulator] Reading #2140: 1089.8 cm (rising)
[Flood Engine] Reading #2140: 1089.8 cm | Risk: CRITICAL
[Sim Loop] Processing reading
[Broadcast] No active connections, skipping
[Simulator] Reading #2141: 1090.3 cm (rising)
[Flood Engine] Reading #2141: 1090.3 cm | Risk: CRITICAL
[Sim Loop] Processing reading
[Broadcast] No active connections, skipping
[Simulator] Reading #2142: 1091.1 cm (rising)
[Flood Engine] Reading #2142: 1091.1 cm | Risk: CRITICAL
[Sim Loop] Processing reading
[Broadcast] No active connections, skipping
[Simulator] Reading #2143: 1091.5 cm (rising)
[Flood Engine] Reading #2143: 1091.5 cm | Risk: CRITICAL
[Sim Loop] Processing reading
[Broadcast] No active connections, skipping
[Simulator] Reading #2144: 1091.8 cm (rising)
[Flood Engine] Reading #2144: 1091.8 cm | Risk: CRITICAL
[Sim Loop] Processing reading
[Broadcast] No active connections, skipping
[Simulator] Reading #2145: 1092.7 cm (rising)
[Flood Engine] Reading #2145: 1092.7 cm | Risk: CRITICAL
[Sim Loop] Processing reading
[Broadcast] No active connections, skipping
[Simulator] Reading #2146: 1093.2 cm (rising)
[Flood Engine] Reading #2146: 1093.2 cm | Risk: CRITICAL
[Sim Loop] Processing reading
[Broadcast] No active connections, skipping
[Simulator] Reading #2147: 1093.7 cm (rising)
[Flood Engine] Reading #2147: 1093.7 cm | Risk: CRITICAL
[Sim Loop] Processing reading
[Broadcast] No active connections, skipping
[Simulator] Reading #2148: 1094.3 cm (rising)
[Flood Engine] Reading #2148: 1094.3 cm | Risk: CRITICAL
[Sim Loop] Processing reading
[Broadcast] No active connections, skipping
[Simulator] Reading #2149: 1094.3 cm (rising)
[Flood Engine] Reading #2149: 1094.3 cm | Risk: CRITICAL
[Sim Loop] Processing reading
[Broadcast] No active connections, skipping
[Simulator] Reading #2150: 1095.0 cm (rising)
[Flood Engine] Reading #2150: 1095.0 cm | Risk: CRITICAL
[Sim Loop] Processing reading
[Broadcast] No active connections, skipping
[Simulator] Reading #2151: 1095.3 cm (rising)
[Flood Engine] Reading #2151: 1095.3 cm | Risk: CRITICAL
[Sim Loop] Processing reading
[Broadcast] No active connections, skipping
[Simulator] Reading #2152: 1095.8 cm (rising)
[Flood Engine] Reading #2152: 1095.8 cm | Risk: CRITICAL
[Sim Loop] Processing reading
[Broadcast] No active connections, skipping
[Simulator] Reading #2153: 1096.3 cm (rising)
[Flood Engine] Reading #2153: 1096.3 cm | Risk: CRITICAL
[Sim Loop] Processing reading
[Broadcast] No active connections, skipping
[Simulator] Reading #2154: 1097.2 cm (rising)
[Flood Engine] Reading #2154: 1097.2 cm | Risk: CRITICAL
[Sim Loop] Processing reading
[Broadcast] No active connections, skipping
[Simulator] Reading #2155: 1097.6 cm (rising)
[Flood Engine] Reading #2155: 1097.6 cm | Risk: CRITICAL
[Sim Loop] Processing reading
[Broadcast] No active connections, skipping
[Simulator] Reading #2156: 1097.8 cm (rising)
[Flood Engine] Reading #2156: 1097.8 cm | Risk: CRITICAL
[Sim Loop] Processing reading
[Broadcast] No active connections, skipping
[Simulator] Reading #2157: 1098.2 cm (rising)
[Flood Engine] Reading #2157: 1098.2 cm | Risk: CRITICAL
[Sim Loop] Processing reading
[Broadcast] No active connections, skipping
[Simulator] Reading #2158: 1099.2 cm (rising)
[Flood Engine] Reading #2158: 1099.2 cm | Risk: CRITICAL
[Sim Loop] Processing reading
[Broadcast] No active connections, skipping
[Simulator] Reading #2159: 1099.5 cm (rising)
[Flood Engine] Reading #2159: 1099.5 cm | Risk: CRITICAL
[Sim Loop] Processing reading
[Broadcast] No active connections, skipping
[Simulator] Reading #2160: 1100.2 cm (rising)
[Flood Engine] Reading #2160: 1100.2 cm | Risk: CRITICAL
[Sim Loop] Processing reading
[Broadcast] No active connections, skipping
[Simulator] Reading #2161: 1100.7 cm (rising)
[Flood Engine] Reading #2161: 1100.7 cm | Risk: CRITICAL
[Sim Loop] Processing reading
[Broadcast] No active connections, skipping
[Simulator] Reading #2162: 1101.0 cm (rising)
[Flood Engine] Reading #2162: 1101.0 cm | Risk: CRITICAL
[Sim Loop] Processing reading
[Broadcast] No active connections, skipping
[Simulator] Reading #2163: 1101.5 cm (rising)
[Flood Engine] Reading #2163: 1101.5 cm | Risk: CRITICAL
[Sim Loop] Processing reading
[Broadcast] No active connections, skipping
[Simulator] Reading #2164: 1102.2 cm (rising)
[Flood Engine] Reading #2164: 1102.2 cm | Risk: CRITICAL
[Sim Loop] Processing reading
[Broadcast] No active connections, skipping
[Simulator] Reading #2165: 1102.3 cm (rising)
[Flood Engine] Reading #2165: 1102.3 cm | Risk: CRITICAL
[Sim Loop] Processing reading
[Broadcast] No active connections, skipping
[Simulator] Reading #2166: 1102.7 cm (rising)
[Flood Engine] Reading #2166: 1102.7 cm | Risk: CRITICAL
[Sim Loop] Processing reading
[Broadcast] No active connections, skipping
[Simulator] Reading #2167: 1103.8 cm (rising)
[Flood Engine] Reading #2167: 1103.8 cm | Risk: CRITICAL
[Sim Loop] Processing reading
[Broadcast] No active connections, skipping
[Simulator] Reading #2168: 1104.0 cm (rising)
[Flood Engine] Reading #2168: 1104.0 cm | Risk: CRITICAL
[Sim Loop] Processing reading
[Broadcast] No active connections, skipping
[Simulator] Reading #2169: 1104.7 cm (rising)
[Flood Engine] Reading #2169: 1104.7 cm | Risk: CRITICAL
[Sim Loop] Processing reading
[Broadcast] No active connections, skipping
[Simulator] Reading #2170: 1104.7 cm (rising)
[Flood Engine] Reading #2170: 1104.7 cm | Risk: CRITICAL
[Sim Loop] Processing reading
[Broadcast] No active connections, skipping
[Simulator] Reading #2171: 1105.6 cm (rising)
[Flood Engine] Reading #2171: 1105.6 cm | Risk: CRITICAL
[Sim Loop] Processing reading
[Broadcast] No active connections, skipping
[Simulator] Reading #2172: 1105.9 cm (rising)
[Flood Engine] Reading #2172: 1105.9 cm | Risk: CRITICAL
[Sim Loop] Processing reading
[Broadcast] No active connections, skipping
[Simulator] Reading #2173: 1106.7 cm (rising)
[Flood Engine] Reading #2173: 1106.7 cm | Risk: CRITICAL
[Sim Loop] Processing reading
[Broadcast] No active connections, skipping
[Simulator] Reading #2174: 1106.7 cm (rising)
[Flood Engine] Reading #2174: 1106.7 cm | Risk: CRITICAL
[Sim Loop] Processing reading
[Broadcast] No active connections, skipping
[Simulator] Reading #2175: 1107.3 cm (rising)
[Flood Engine] Reading #2175: 1107.3 cm | Risk: CRITICAL
[Sim Loop] Processing reading
[Broadcast] No active connections, skipping
[Simulator] Reading #2176: 1107.8 cm (rising)
[Flood Engine] Reading #2176: 1107.8 cm | Risk: CRITICAL
[Sim Loop] Processing reading
[Broadcast] No active connections, skipping
[Simulator] Reading #2177: 1108.3 cm (rising)
[Flood Engine] Reading #2177: 1108.3 cm | Risk: CRITICAL
[Sim Loop] Processing reading
[Broadcast] No active connections, skipping
[Simulator] Reading #2178: 1109.2 cm (rising)
[Flood Engine] Reading #2178: 1109.2 cm | Risk: CRITICAL
[Sim Loop] Processing reading
[Broadcast] No active connections, skipping
[Simulator] Reading #2179: 1109.5 cm (rising)
[Flood Engine] Reading #2179: 1109.5 cm | Risk: CRITICAL
[Sim Loop] Processing reading
[Broadcast] No active connections, skipping
[Simulator] Reading #2180: 1109.9 cm (rising)
[Flood Engine] Reading #2180: 1109.9 cm | Risk: CRITICAL
[Sim Loop] Processing reading
[Broadcast] No active connections, skipping
[Simulator] Reading #2181: 1110.7 cm (rising)
[Flood Engine] Reading #2181: 1110.7 cm | Risk: CRITICAL
[Sim Loop] Processing reading
[Broadcast] No active connections, skipping
[Simulator] Reading #2182: 1111.3 cm (rising)
[Flood Engine] Reading #2182: 1111.3 cm | Risk: CRITICAL
[Sim Loop] Processing reading
[Broadcast] No active connections, skipping
[Simulator] Reading #2183: 1111.5 cm (rising)
[Flood Engine] Reading #2183: 1111.5 cm | Risk: CRITICAL
[Sim Loop] Processing reading
[Broadcast] No active connections, skipping
[Simulator] Reading #2184: 1111.9 cm (rising)
[Flood Engine] Reading #2184: 1111.9 cm | Risk: CRITICAL
[Sim Loop] Processing reading
[Broadcast] No active connections, skipping
[Simulator] Reading #2185: 1112.8 cm (rising)
[Flood Engine] Reading #2185: 1112.8 cm | Risk: CRITICAL
[Sim Loop] Processing reading
[Broadcast] No active connections, skipping
[Simulator] Reading #2186: 1113.3 cm (rising)
[Flood Engine] Reading #2186: 1113.3 cm | Risk: CRITICAL
[Sim Loop] Processing reading
[Broadcast] No active connections, skipping
[Simulator] Reading #2187: 1113.3 cm (rising)
[Flood Engine] Reading #2187: 1113.3 cm | Risk: CRITICAL
[Sim Loop] Processing reading
[Broadcast] No active connections, skipping
[Simulator] Reading #2188: 1114.0 cm (rising)
[Flood Engine] Reading #2188: 1114.0 cm | Risk: CRITICAL
[Sim Loop] Processing reading
[Broadcast] No active connections, skipping
[Simulator] Reading #2189: 1114.5 cm (rising)
[Flood Engine] Reading #2189: 1114.5 cm | Risk: CRITICAL
[Sim Loop] Processing reading
[Broadcast] No active connections, skipping
[Simulator] Reading #2190: 1115.3 cm (rising)
[Flood Engine] Reading #2190: 1115.3 cm | Risk: CRITICAL
[Sim Loop] Processing reading
[Broadcast] No active connections, skipping
[Simulator] Reading #2191: 1115.6 cm (rising)
[Flood Engine] Reading #2191: 1115.6 cm | Risk: CRITICAL
[Sim Loop] Processing reading
[Broadcast] No active connections, skipping
[Simulator] Reading #2192: 1116.3 cm (rising)
[Flood Engine] Reading #2192: 1116.3 cm | Risk: CRITICAL
[Sim Loop] Processing reading
[Broadcast] No active connections, skipping
[Simulator] Reading #2193: 1116.6 cm (rising)
[Flood Engine] Reading #2193: 1116.6 cm | Risk: CRITICAL
[Sim Loop] Processing reading
[Broadcast] No active connections, skipping
[Simulator] Reading #2194: 1116.8 cm (rising)
[Flood Engine] Reading #2194: 1116.8 cm | Risk: CRITICAL
[Sim Loop] Processing reading
[Broadcast] No active connections, skipping
[Simulator] Reading #2195: 1117.8 cm (rising)
[Flood Engine] Reading #2195: 1117.8 cm | Risk: CRITICAL
[Sim Loop] Processing reading
[Broadcast] No active connections, skipping
[Simulator] Reading #2196: 1117.9 cm (rising)
[Flood Engine] Reading #2196: 1117.9 cm | Risk: CRITICAL
[Sim Loop] Processing reading
[Broadcast] No active connections, skipping
[Simulator] Reading #2197: 1118.7 cm (rising)
[Flood Engine] Reading #2197: 1118.7 cm | Risk: CRITICAL
[Sim Loop] Processing reading
[Broadcast] No active connections, skipping
[Simulator] Reading #2198: 1119.1 cm (rising)
[Flood Engine] Reading #2198: 1119.1 cm | Risk: CRITICAL
[Sim Loop] Processing reading
[Broadcast] No active connections, skipping
[Simulator] Reading #2199: 1119.6 cm (rising)
[Flood Engine] Reading #2199: 1119.6 cm | Risk: CRITICAL
[Sim Loop] Processing reading
[Broadcast] No active connections, skipping
[Simulator] Reading #2200: 1120.1 cm (rising)
[Flood Engine] Reading #2200: 1120.1 cm | Risk: CRITICAL
[Sim Loop] Processing reading
[Broadcast] No active connections, skipping
[Simulator] Reading #2201: 1120.5 cm (rising)
[Flood Engine] Reading #2201: 1120.5 cm | Risk: CRITICAL
[Sim Loop] Processing reading
[Broadcast] No active connections, skipping
[Simulator] Reading #2202: 1120.8 cm (rising)
[Flood Engine] Reading #2202: 1120.8 cm | Risk: CRITICAL
[Sim Loop] Processing reading
[Broadcast] No active connections, skipping
[Simulator] Reading #2203: 1121.2 cm (rising)
[Flood Engine] Reading #2203: 1121.2 cm | Risk: CRITICAL
[Sim Loop] Processing reading
[Broadcast] No active connections, skipping
[Simulator] Reading #2204: 1122.0 cm (rising)
[Flood Engine] Reading #2204: 1122.0 cm | Risk: CRITICAL
[Sim Loop] Processing reading
[Broadcast] No active connections, skipping
[Simulator] Reading #2205: 1122.7 cm (rising)
[Flood Engine] Reading #2205: 1122.7 cm | Risk: CRITICAL
[Sim Loop] Processing reading
[Broadcast] No active connections, skipping
[Simulator] Reading #2206: 1123.0 cm (rising)
[Flood Engine] Reading #2206: 1123.0 cm | Risk: CRITICAL
[Sim Loop] Processing reading
[Broadcast] No active connections, skipping
[Simulator] Reading #2207: 1123.7 cm (rising)
[Flood Engine] Reading #2207: 1123.7 cm | Risk: CRITICAL
[Sim Loop] Processing reading
[Broadcast] No active connections, skipping
[Simulator] Reading #2208: 1124.1 cm (rising)
[Flood Engine] Reading #2208: 1124.1 cm | Risk: CRITICAL
[Sim Loop] Processing reading
[Broadcast] No active connections, skipping
[Simulator] Reading #2209: 1124.7 cm (rising)
[Flood Engine] Reading #2209: 1124.7 cm | Risk: CRITICAL
[Sim Loop] Processing reading
[Broadcast] No active connections, skipping
[Simulator] Reading #2210: 1124.9 cm (rising)
[Flood Engine] Reading #2210: 1124.9 cm | Risk: CRITICAL
[Sim Loop] Processing reading
[Broadcast] No active connections, skipping
[Simulator] Reading #2211: 1125.6 cm (rising)
[Flood Engine] Reading #2211: 1125.6 cm | Risk: CRITICAL
[Sim Loop] Processing reading
[Broadcast] No active connections, skipping
[Simulator] Reading #2212: 1125.8 cm (rising)
[Flood Engine] Reading #2212: 1125.8 cm | Risk: CRITICAL
[Sim Loop] Processing reading
[Broadcast] No active connections, skipping
[Simulator] Reading #2213: 1126.4 cm (rising)
[Flood Engine] Reading #2213: 1126.4 cm | Risk: CRITICAL
[Sim Loop] Processing reading
[Broadcast] No active connections, skipping
[Simulator] Reading #2214: 1127.1 cm (rising)
[Flood Engine] Reading #2214: 1127.1 cm | Risk: CRITICAL
[Sim Loop] Processing reading
[Broadcast] No active connections, skipping
[Simulator] Reading #2215: 1127.3 cm (rising)
[Flood Engine] Reading #2215: 1127.3 cm | Risk: CRITICAL
[Sim Loop] Processing reading
[Broadcast] No active connections, skipping
[Simulator] Reading #2216: 1127.8 cm (rising)
[Flood Engine] Reading #2216: 1127.8 cm | Risk: CRITICAL
[Sim Loop] Processing reading
[Broadcast] No active connections, skipping
[Simulator] Reading #2217: 1128.7 cm (rising)
[Flood Engine] Reading #2217: 1128.7 cm | Risk: CRITICAL
[Sim Loop] Processing reading
[Broadcast] No active connections, skipping
[Simulator] Reading #2218: 1129.0 cm (rising)
[Flood Engine] Reading #2218: 1129.0 cm | Risk: CRITICAL
[Sim Loop] Processing reading
[Broadcast] No active connections, skipping
[Simulator] Reading #2219: 1129.3 cm (rising)
[Flood Engine] Reading #2219: 1129.3 cm | Risk: CRITICAL
[Sim Loop] Processing reading
[Broadcast] No active connections, skipping
[Simulator] Reading #2220: 1130.1 cm (rising)
[Flood Engine] Reading #2220: 1130.1 cm | Risk: CRITICAL
[Sim Loop] Processing reading
[Broadcast] No active connections, skipping
[Simulator] Reading #2221: 1130.5 cm (rising)
[Flood Engine] Reading #2221: 1130.5 cm | Risk: CRITICAL
[Sim Loop] Processing reading
[Broadcast] No active connections, skipping
[Simulator] Reading #2222: 1131.0 cm (rising)
[Flood Engine] Reading #2222: 1131.0 cm | Risk: CRITICAL
[Sim Loop] Processing reading
[Broadcast] No active connections, skipping
[Simulator] Reading #2223: 1131.4 cm (rising)
[Flood Engine] Reading #2223: 1131.4 cm | Risk: CRITICAL
[Sim Loop] Processing reading
[Broadcast] No active connections, skipping
[Simulator] Reading #2224: 1131.9 cm (rising)
[Flood Engine] Reading #2224: 1131.9 cm | Risk: CRITICAL
[Sim Loop] Processing reading
[Broadcast] No active connections, skipping
[Simulator] Reading #2225: 1132.6 cm (rising)
[Flood Engine] Reading #2225: 1132.6 cm | Risk: CRITICAL
[Sim Loop] Processing reading
[Broadcast] No active connections, skipping
[Simulator] Reading #2226: 1133.3 cm (rising)
[Flood Engine] Reading #2226: 1133.3 cm | Risk: CRITICAL
[Sim Loop] Processing reading
[Broadcast] No active connections, skipping
[Simulator] Reading #2227: 1133.6 cm (rising)
[Flood Engine] Reading #2227: 1133.6 cm | Risk: CRITICAL
[Sim Loop] Processing reading
[Broadcast] No active connections, skipping
[Simulator] Reading #2228: 1134.1 cm (rising)
[Flood Engine] Reading #2228: 1134.1 cm | Risk: CRITICAL
[Sim Loop] Processing reading
[Broadcast] No active connections, skipping
[Simulator] Reading #2229: 1134.7 cm (rising)
[Flood Engine] Reading #2229: 1134.7 cm | Risk: CRITICAL
[Sim Loop] Processing reading
[Broadcast] No active connections, skipping
[Simulator] Reading #2230: 1134.9 cm (rising)
[Flood Engine] Reading #2230: 1134.9 cm | Risk: CRITICAL
[Sim Loop] Processing reading
[Broadcast] No active connections, skipping
[Simulator] Reading #2231: 1135.3 cm (rising)
[Flood Engine] Reading #2231: 1135.3 cm | Risk: CRITICAL
[Sim Loop] Processing reading
[Broadcast] No active connections, skipping
[Simulator] Reading #2232: 1136.2 cm (rising)
[Flood Engine] Reading #2232: 1136.2 cm | Risk: CRITICAL
[Sim Loop] Processing reading
[Broadcast] No active connections, skipping
[Simulator] Reading #2233: 1136.5 cm (rising)
[Flood Engine] Reading #2233: 1136.5 cm | Risk: CRITICAL
[Sim Loop] Processing reading
[Broadcast] No active connections, skipping
[Simulator] Reading #2234: 1137.1 cm (rising)
[Flood Engine] Reading #2234: 1137.1 cm | Risk: CRITICAL
[Sim Loop] Processing reading
[Broadcast] No active connections, skipping
[Simulator] Reading #2235: 1137.4 cm (rising)
[Flood Engine] Reading #2235: 1137.4 cm | Risk: CRITICAL
[Sim Loop] Processing reading
[Broadcast] No active connections, skipping
[Simulator] Reading #2236: 1137.9 cm (rising)
[Flood Engine] Reading #2236: 1137.9 cm | Risk: CRITICAL
[Sim Loop] Processing reading
[Broadcast] No active connections, skipping
[Simulator] Reading #2237: 1138.6 cm (rising)
[Flood Engine] Reading #2237: 1138.6 cm | Risk: CRITICAL
[Sim Loop] Processing reading
[Broadcast] No active connections, skipping
[Simulator] Reading #2238: 1139.1 cm (rising)
[Flood Engine] Reading #2238: 1139.1 cm | Risk: CRITICAL
[Sim Loop] Processing reading
[Broadcast] No active connections, skipping
[Simulator] Reading #2239: 1139.5 cm (rising)
[Flood Engine] Reading #2239: 1139.5 cm | Risk: CRITICAL
[Sim Loop] Processing reading
[Broadcast] No active connections, skipping
[Simulator] Reading #2240: 1140.0 cm (rising)
[Flood Engine] Reading #2240: 1140.0 cm | Risk: CRITICAL
[Sim Loop] Processing reading
[Broadcast] No active connections, skipping
[Simulator] Reading #2241: 1140.4 cm (rising)
[Flood Engine] Reading #2241: 1140.4 cm | Risk: CRITICAL
[Sim Loop] Processing reading
[Broadcast] No active connections, skipping
[Simulator] Reading #2242: 1140.7 cm (rising)
[Flood Engine] Reading #2242: 1140.7 cm | Risk: CRITICAL
[Sim Loop] Processing reading
[Broadcast] No active connections, skipping
[Simulator] Reading #2243: 1141.2 cm (rising)
[Flood Engine] Reading #2243: 1141.2 cm | Risk: CRITICAL
[Sim Loop] Processing reading
[Broadcast] No active connections, skipping
[Simulator] Reading #2244: 1141.9 cm (rising)
[Flood Engine] Reading #2244: 1141.9 cm | Risk: CRITICAL
[Sim Loop] Processing reading
[Broadcast] No active connections, skipping
[Simulator] Reading #2245: 1142.8 cm (rising)
[Flood Engine] Reading #2245: 1142.8 cm | Risk: CRITICAL
[Sim Loop] Processing reading
[Broadcast] No active connections, skipping
[Simulator] Reading #2246: 1142.7 cm (rising)
[Flood Engine] Reading #2246: 1142.7 cm | Risk: CRITICAL
[Sim Loop] Processing reading
[Broadcast] No active connections, skipping
[Simulator] Reading #2247: 1143.4 cm (rising)
[Flood Engine] Reading #2247: 1143.4 cm | Risk: CRITICAL
[Sim Loop] Processing reading
[Broadcast] No active connections, skipping
[Simulator] Reading #2248: 1144.0 cm (rising)
[Flood Engine] Reading #2248: 1144.0 cm | Risk: CRITICAL
[Sim Loop] Processing reading
[Broadcast] No active connections, skipping
[Simulator] Reading #2249: 1144.3 cm (rising)
[Flood Engine] Reading #2249: 1144.3 cm | Risk: CRITICAL
[Sim Loop] Processing reading
[Broadcast] No active connections, skipping
[Simulator] Reading #2250: 1144.7 cm (rising)
[Flood Engine] Reading #2250: 1144.7 cm | Risk: CRITICAL
[Sim Loop] Processing reading
[Broadcast] No active connections, skipping
[Simulator] Reading #2251: 1145.7 cm (rising)
[Flood Engine] Reading #2251: 1145.7 cm | Risk: CRITICAL
[Sim Loop] Processing reading
[Broadcast] No active connections, skipping
[Simulator] Reading #2252: 1146.0 cm (rising)
[Flood Engine] Reading #2252: 1146.0 cm | Risk: CRITICAL
[Sim Loop] Processing reading
[Broadcast] No active connections, skipping
[Simulator] Reading #2253: 1146.6 cm (rising)
[Flood Engine] Reading #2253: 1146.6 cm | Risk: CRITICAL
[Sim Loop] Processing reading
[Broadcast] No active connections, skipping
[Simulator] Reading #2254: 1147.3 cm (rising)
[Flood Engine] Reading #2254: 1147.3 cm | Risk: CRITICAL
[Sim Loop] Processing reading
[Broadcast] No active connections, skipping
[Simulator] Reading #2255: 1147.5 cm (rising)
[Flood Engine] Reading #2255: 1147.5 cm | Risk: CRITICAL
[Sim Loop] Processing reading
[Broadcast] No active connections, skipping
[Simulator] Reading #2256: 1147.8 cm (rising)
[Flood Engine] Reading #2256: 1147.8 cm | Risk: CRITICAL
[Sim Loop] Processing reading
[Broadcast] No active connections, skipping
[Simulator] Reading #2257: 1148.4 cm (rising)
[Flood Engine] Reading #2257: 1148.4 cm | Risk: CRITICAL
[Sim Loop] Processing reading
[Broadcast] No active connections, skipping
[Simulator] Reading #2258: 1149.1 cm (rising)
[Flood Engine] Reading #2258: 1149.1 cm | Risk: CRITICAL
[Sim Loop] Processing reading
[Broadcast] No active connections, skipping
[Simulator] Reading #2259: 1149.5 cm (rising)
[Flood Engine] Reading #2259: 1149.5 cm | Risk: CRITICAL
[Sim Loop] Processing reading
[Broadcast] No active connections, skipping
[Simulator] Reading #2260: 1149.7 cm (rising)
[Flood Engine] Reading #2260: 1149.7 cm | Risk: CRITICAL
[Sim Loop] Processing reading
[Broadcast] No active connections, skipping
[Simulator] Reading #2261: 1150.7 cm (rising)
[Flood Engine] Reading #2261: 1150.7 cm | Risk: CRITICAL
[Sim Loop] Processing reading
[Broadcast] No active connections, skipping
[Simulator] Reading #2262: 1151.2 cm (rising)
[Flood Engine] Reading #2262: 1151.2 cm | Risk: CRITICAL
[Sim Loop] Processing reading
[Broadcast] No active connections, skipping
[Simulator] Reading #2263: 1151.2 cm (rising)
[Flood Engine] Reading #2263: 1151.2 cm | Risk: CRITICAL
[Sim Loop] Processing reading
[Broadcast] No active connections, skipping
[Simulator] Reading #2264: 1152.2 cm (rising)
[Flood Engine] Reading #2264: 1152.2 cm | Risk: CRITICAL
[Sim Loop] Processing reading
[Broadcast] No active connections, skipping
[Simulator] Reading #2265: 1152.6 cm (rising)
[Flood Engine] Reading #2265: 1152.6 cm | Risk: CRITICAL
[Sim Loop] Processing reading
[Broadcast] No active connections, skipping
[Simulator] Reading #2266: 1153.1 cm (rising)
[Flood Engine] Reading #2266: 1153.1 cm | Risk: CRITICAL
[Sim Loop] Processing reading
[Broadcast] No active connections, skipping
[Simulator] Reading #2267: 1153.7 cm (rising)
[Flood Engine] Reading #2267: 1153.7 cm | Risk: CRITICAL
[Sim Loop] Processing reading
[Broadcast] No active connections, skipping
[Simulator] Reading #2268: 1154.2 cm (rising)
[Flood Engine] Reading #2268: 1154.2 cm | Risk: CRITICAL
[Sim Loop] Processing reading
[Broadcast] No active connections, skipping
[Simulator] Reading #2269: 1154.6 cm (rising)
[Flood Engine] Reading #2269: 1154.6 cm | Risk: CRITICAL
[Sim Loop] Processing reading
[Broadcast] No active connections, skipping
[Simulator] Reading #2270: 1154.9 cm (rising)
[Flood Engine] Reading #2270: 1154.9 cm | Risk: CRITICAL
[Sim Loop] Processing reading
[Broadcast] No active connections, skipping
[Simulator] Reading #2271: 1155.5 cm (rising)
[Flood Engine] Reading #2271: 1155.5 cm | Risk: CRITICAL
[Sim Loop] Processing reading
[Broadcast] No active connections, skipping
[Simulator] Reading #2272: 1156.2 cm (rising)
[Flood Engine] Reading #2272: 1156.2 cm | Risk: CRITICAL
[Sim Loop] Processing reading
[Broadcast] No active connections, skipping
[Simulator] Reading #2273: 1156.6 cm (rising)
[Flood Engine] Reading #2273: 1156.6 cm | Risk: CRITICAL
[Sim Loop] Processing reading
[Broadcast] No active connections, skipping
[Simulator] Reading #2274: 1157.2 cm (rising)
[Flood Engine] Reading #2274: 1157.2 cm | Risk: CRITICAL
[Sim Loop] Processing reading
[Broadcast] No active connections, skipping
[Simulator] Reading #2275: 1157.8 cm (rising)
[Flood Engine] Reading #2275: 1157.8 cm | Risk: CRITICAL
[Sim Loop] Processing reading
[Broadcast] No active connections, skipping
[Simulator] Reading #2276: 1158.3 cm (rising)
[Flood Engine] Reading #2276: 1158.3 cm | Risk: CRITICAL
[Sim Loop] Processing reading
[Broadcast] No active connections, skipping
[Simulator] Reading #2277: 1158.5 cm (rising)
[Flood Engine] Reading #2277: 1158.5 cm | Risk: CRITICAL
[Sim Loop] Processing reading
[Broadcast] No active connections, skipping
[Simulator] Reading #2278: 1158.9 cm (rising)
[Flood Engine] Reading #2278: 1158.9 cm | Risk: CRITICAL
[Sim Loop] Processing reading
[Broadcast] No active connections, skipping
[Simulator] Reading #2279: 1159.3 cm (rising)
[Flood Engine] Reading #2279: 1159.3 cm | Risk: CRITICAL
[Sim Loop] Processing reading
[Broadcast] No active connections, skipping
[Simulator] Reading #2280: 1160.0 cm (rising)
[Flood Engine] Reading #2280: 1160.0 cm | Risk: CRITICAL
[Sim Loop] Processing reading
[Broadcast] No active connections, skipping
[Simulator] Reading #2281: 1160.6 cm (rising)
[Flood Engine] Reading #2281: 1160.6 cm | Risk: CRITICAL
[Sim Loop] Processing reading
[Broadcast] No active connections, skipping
[Simulator] Reading #2282: 1160.9 cm (rising)
[Flood Engine] Reading #2282: 1160.9 cm | Risk: CRITICAL
[Sim Loop] Processing reading
[Broadcast] No active connections, skipping
[Simulator] Reading #2283: 1161.4 cm (rising)
[Flood Engine] Reading #2283: 1161.4 cm | Risk: CRITICAL
[Sim Loop] Processing reading
[Broadcast] No active connections, skipping
[Simulator] Reading #2284: 1162.2 cm (rising)
[Flood Engine] Reading #2284: 1162.2 cm | Risk: CRITICAL
[Sim Loop] Processing reading
[Broadcast] No active connections, skipping
[Simulator] Reading #2285: 1162.5 cm (rising)
[Flood Engine] Reading #2285: 1162.5 cm | Risk: CRITICAL
[Sim Loop] Processing reading
[Broadcast] No active connections, skipping
[Simulator] Reading #2286: 1163.0 cm (rising)
[Flood Engine] Reading #2286: 1163.0 cm | Risk: CRITICAL
[Sim Loop] Processing reading
[Broadcast] No active connections, skipping
[Simulator] Reading #2287: 1163.3 cm (rising)
[Flood Engine] Reading #2287: 1163.3 cm | Risk: CRITICAL
[Sim Loop] Processing reading
[Broadcast] No active connections, skipping
[Simulator] Reading #2288: 1164.2 cm (rising)
[Flood Engine] Reading #2288: 1164.2 cm | Risk: CRITICAL
[Sim Loop] Processing reading
[Broadcast] No active connections, skipping
[Simulator] Reading #2289: 1164.4 cm (rising)
[Flood Engine] Reading #2289: 1164.4 cm | Risk: CRITICAL
[Sim Loop] Processing reading
[Broadcast] No active connections, skipping
[Simulator] Reading #2290: 1165.2 cm (rising)
[Flood Engine] Reading #2290: 1165.2 cm | Risk: CRITICAL
[Sim Loop] Processing reading
[Broadcast] No active connections, skipping
[Simulator] Reading #2291: 1165.8 cm (rising)
[Flood Engine] Reading #2291: 1165.8 cm | Risk: CRITICAL
[Sim Loop] Processing reading
[Broadcast] No active connections, skipping
[Simulator] Reading #2292: 1165.9 cm (rising)
[Flood Engine] Reading #2292: 1165.9 cm | Risk: CRITICAL
[Sim Loop] Processing reading
[Broadcast] No active connections, skipping
[Simulator] Reading #2293: 1166.4 cm (rising)
[Flood Engine] Reading #2293: 1166.4 cm | Risk: CRITICAL
[Sim Loop] Processing reading
[Broadcast] No active connections, skipping
[Simulator] Reading #2294: 1166.8 cm (rising)
[Flood Engine] Reading #2294: 1166.8 cm | Risk: CRITICAL
[Sim Loop] Processing reading
[Broadcast] No active connections, skipping
[Simulator] Reading #2295: 1167.3 cm (rising)
[Flood Engine] Reading #2295: 1167.3 cm | Risk: CRITICAL
[Sim Loop] Processing reading
[Broadcast] No active connections, skipping
[Simulator] Reading #2296: 1168.1 cm (rising)
[Flood Engine] Reading #2296: 1168.1 cm | Risk: CRITICAL
[Sim Loop] Processing reading
[Broadcast] No active connections, skipping
[Simulator] Reading #2297: 1168.4 cm (rising)
[Flood Engine] Reading #2297: 1168.4 cm | Risk: CRITICAL
[Sim Loop] Processing reading
[Broadcast] No active connections, skipping
[Simulator] Reading #2298: 1168.7 cm (rising)
[Flood Engine] Reading #2298: 1168.7 cm | Risk: CRITICAL
[Sim Loop] Processing reading
[Broadcast] No active connections, skipping
[Simulator] Reading #2299: 1169.5 cm (rising)
[Flood Engine] Reading #2299: 1169.5 cm | Risk: CRITICAL
[Sim Loop] Processing reading
[Broadcast] No active connections, skipping
[Simulator] Reading #2300: 1170.1 cm (rising)
[Flood Engine] Reading #2300: 1170.1 cm | Risk: CRITICAL
[Sim Loop] Processing reading
[Broadcast] No active connections, skipping
[Simulator] Reading #2301: 1170.4 cm (rising)
[Flood Engine] Reading #2301: 1170.4 cm | Risk: CRITICAL
[Sim Loop] Processing reading
[Broadcast] No active connections, skipping
[Simulator] Reading #2302: 1171.2 cm (rising)
[Flood Engine] Reading #2302: 1171.2 cm | Risk: CRITICAL
[Sim Loop] Processing reading
[Broadcast] No active connections, skipping
[Simulator] Reading #2303: 1171.5 cm (rising)
[Flood Engine] Reading #2303: 1171.5 cm | Risk: CRITICAL
[Sim Loop] Processing reading
[Broadcast] No active connections, skipping
[Simulator] Reading #2304: 1172.0 cm (rising)
[Flood Engine] Reading #2304: 1172.0 cm | Risk: CRITICAL
[Sim Loop] Processing reading
[Broadcast] No active connections, skipping
[Simulator] Reading #2305: 1172.5 cm (rising)
[Flood Engine] Reading #2305: 1172.5 cm | Risk: CRITICAL
[Sim Loop] Processing reading
[Broadcast] No active connections, skipping
[Simulator] Reading #2306: 1173.1 cm (rising)
[Flood Engine] Reading #2306: 1173.1 cm | Risk: CRITICAL
[Sim Loop] Processing reading
[Broadcast] No active connections, skipping
[Simulator] Reading #2307: 1173.7 cm (rising)
[Flood Engine] Reading #2307: 1173.7 cm | Risk: CRITICAL
[Sim Loop] Processing reading
[Broadcast] No active connections, skipping
[Simulator] Reading #2308: 1174.2 cm (rising)
[Flood Engine] Reading #2308: 1174.2 cm | Risk: CRITICAL
[Sim Loop] Processing reading
[Broadcast] No active connections, skipping
[Simulator] Reading #2309: 1174.8 cm (rising)
[Flood Engine] Reading #2309: 1174.8 cm | Risk: CRITICAL
[Sim Loop] Processing reading
[Broadcast] No active connections, skipping
[Simulator] Reading #2310: 1175.2 cm (rising)
[Flood Engine] Reading #2310: 1175.2 cm | Risk: CRITICAL
[Sim Loop] Processing reading
[Broadcast] No active connections, skipping
[Simulator] Reading #2311: 1175.6 cm (rising)
[Flood Engine] Reading #2311: 1175.6 cm | Risk: CRITICAL
[Sim Loop] Processing reading
[Broadcast] No active connections, skipping
[Simulator] Reading #2312: 1176.0 cm (rising)
[Flood Engine] Reading #2312: 1176.0 cm | Risk: CRITICAL
[Sim Loop] Processing reading
[Broadcast] No active connections, skipping
[Simulator] Reading #2313: 1176.3 cm (rising)
[Flood Engine] Reading #2313: 1176.3 cm | Risk: CRITICAL
[Sim Loop] Processing reading
[Broadcast] No active connections, skipping
[Simulator] Reading #2314: 1177.0 cm (rising)
[Flood Engine] Reading #2314: 1177.0 cm | Risk: CRITICAL
[Sim Loop] Processing reading
[Broadcast] No active connections, skipping
[Simulator] Reading #2315: 1177.7 cm (rising)
[Flood Engine] Reading #2315: 1177.7 cm | Risk: CRITICAL
[Sim Loop] Processing reading
[Broadcast] No active connections, skipping
[Simulator] Reading #2316: 1177.9 cm (rising)
[Flood Engine] Reading #2316: 1177.9 cm | Risk: CRITICAL
[Sim Loop] Processing reading
[Broadcast] No active connections, skipping
[Simulator] Reading #2317: 1178.4 cm (rising)
[Flood Engine] Reading #2317: 1178.4 cm | Risk: CRITICAL
[Sim Loop] Processing reading
[Broadcast] No active connections, skipping
[Simulator] Reading #2318: 1179.0 cm (rising)
[Flood Engine] Reading #2318: 1179.0 cm | Risk: CRITICAL
[Sim Loop] Processing reading
[Broadcast] No active connections, skipping
[Simulator] Reading #2319: 1179.2 cm (rising)
[Flood Engine] Reading #2319: 1179.2 cm | Risk: CRITICAL
[Sim Loop] Processing reading
[Broadcast] No active connections, skipping
[Simulator] Reading #2320: 1180.0 cm (rising)
[Flood Engine] Reading #2320: 1180.0 cm | Risk: CRITICAL
[Sim Loop] Processing reading
[Broadcast] No active connections, skipping
[Simulator] Reading #2321: 1180.8 cm (rising)
[Flood Engine] Reading #2321: 1180.8 cm | Risk: CRITICAL
[Sim Loop] Processing reading
[Broadcast] No active connections, skipping
[Simulator] Reading #2322: 1181.3 cm (rising)
[Flood Engine] Reading #2322: 1181.3 cm | Risk: CRITICAL
[Sim Loop] Processing reading
[Broadcast] No active connections, skipping
[Simulator] Reading #2323: 1181.4 cm (rising)
[Flood Engine] Reading #2323: 1181.4 cm | Risk: CRITICAL
[Sim Loop] Processing reading
[Broadcast] No active connections, skipping
[Simulator] Reading #2324: 1182.2 cm (rising)
[Flood Engine] Reading #2324: 1182.2 cm | Risk: CRITICAL
[Sim Loop] Processing reading
[Broadcast] No active connections, skipping
[Simulator] Reading #2325: 1182.6 cm (rising)
[Flood Engine] Reading #2325: 1182.6 cm | Risk: CRITICAL
[Sim Loop] Processing reading
[Broadcast] No active connections, skipping
[Simulator] Reading #2326: 1183.2 cm (rising)
[Flood Engine] Reading #2326: 1183.2 cm | Risk: CRITICAL
[Sim Loop] Processing reading
[Broadcast] No active connections, skipping
[Simulator] Reading #2327: 1183.6 cm (rising)
[Flood Engine] Reading #2327: 1183.6 cm | Risk: CRITICAL
[Sim Loop] Processing reading
[Broadcast] No active connections, skipping
[Simulator] Reading #2328: 1183.7 cm (rising)
[Flood Engine] Reading #2328: 1183.7 cm | Risk: CRITICAL
[Sim Loop] Processing reading
[Broadcast] No active connections, skipping
[Simulator] Reading #2329: 1184.5 cm (rising)
[Flood Engine] Reading #2329: 1184.5 cm | Risk: CRITICAL
[Sim Loop] Processing reading
[Broadcast] No active connections, skipping
[Simulator] Reading #2330: 1184.8 cm (rising)
[Flood Engine] Reading #2330: 1184.8 cm | Risk: CRITICAL
[Sim Loop] Processing reading
[Broadcast] No active connections, skipping
[Simulator] Reading #2331: 1185.5 cm (rising)
[Flood Engine] Reading #2331: 1185.5 cm | Risk: CRITICAL
[Sim Loop] Processing reading
[Broadcast] No active connections, skipping
[Simulator] Reading #2332: 1186.0 cm (rising)
[Flood Engine] Reading #2332: 1186.0 cm | Risk: CRITICAL
[Sim Loop] Processing reading
[Broadcast] No active connections, skipping
[Simulator] Reading #2333: 1186.8 cm (rising)
[Flood Engine] Reading #2333: 1186.8 cm | Risk: CRITICAL
[Sim Loop] Processing reading
[Broadcast] No active connections, skipping
[Simulator] Reading #2334: 1187.2 cm (rising)
[Flood Engine] Reading #2334: 1187.2 cm | Risk: CRITICAL
[Sim Loop] Processing reading
[Broadcast] No active connections, skipping
[Simulator] Reading #2335: 1187.3 cm (rising)
[Flood Engine] Reading #2335: 1187.3 cm | Risk: CRITICAL
[Sim Loop] Processing reading
[Broadcast] No active connections, skipping
[Simulator] Reading #2336: 1187.8 cm (rising)
[Flood Engine] Reading #2336: 1187.8 cm | Risk: CRITICAL
[Sim Loop] Processing reading
[Broadcast] No active connections, skipping
[Simulator] Reading #2337: 1188.5 cm (rising)
[Flood Engine] Reading #2337: 1188.5 cm | Risk: CRITICAL
[Sim Loop] Processing reading
[Broadcast] No active connections, skipping
[Simulator] Reading #2338: 1188.8 cm (rising)
[Flood Engine] Reading #2338: 1188.8 cm | Risk: CRITICAL
[Sim Loop] Processing reading
[Broadcast] No active connections, skipping
[Simulator] Reading #2339: 1189.3 cm (rising)
[Flood Engine] Reading #2339: 1189.3 cm | Risk: CRITICAL
[Sim Loop] Processing reading
[Broadcast] No active connections, skipping
[Simulator] Reading #2340: 1190.2 cm (rising)
[Flood Engine] Reading #2340: 1190.2 cm | Risk: CRITICAL
[Sim Loop] Processing reading
[Broadcast] No active connections, skipping
[Simulator] Reading #2341: 1190.5 cm (rising)
[Flood Engine] Reading #2341: 1190.5 cm | Risk: CRITICAL
[Sim Loop] Processing reading
[Broadcast] No active connections, skipping
[Simulator] Reading #2342: 1191.1 cm (rising)
[Flood Engine] Reading #2342: 1191.1 cm | Risk: CRITICAL
[Sim Loop] Processing reading
[Broadcast] No active connections, skipping
[Simulator] Reading #2343: 1191.4 cm (rising)
[Flood Engine] Reading #2343: 1191.4 cm | Risk: CRITICAL
[Sim Loop] Processing reading
[Broadcast] No active connections, skipping
[Simulator] Reading #2344: 1192.3 cm (rising)
[Flood Engine] Reading #2344: 1192.3 cm | Risk: CRITICAL
[Sim Loop] Processing reading
[Broadcast] No active connections, skipping
[Simulator] Reading #2345: 1192.6 cm (rising)
[Flood Engine] Reading #2345: 1192.6 cm | Risk: CRITICAL
[Sim Loop] Processing reading
[Broadcast] No active connections, skipping
[Simulator] Reading #2346: 1193.3 cm (rising)
[Flood Engine] Reading #2346: 1193.3 cm | Risk: CRITICAL
[Sim Loop] Processing reading
[Broadcast] No active connections, skipping
[Simulator] Reading #2347: 1193.3 cm (rising)
[Flood Engine] Reading #2347: 1193.3 cm | Risk: CRITICAL
[Sim Loop] Processing reading
[Broadcast] No active connections, skipping
[Simulator] Reading #2348: 1194.1 cm (rising)
[Flood Engine] Reading #2348: 1194.1 cm | Risk: CRITICAL
[Sim Loop] Processing reading
[Broadcast] No active connections, skipping
[Simulator] Reading #2349: 1194.4 cm (rising)
[Flood Engine] Reading #2349: 1194.4 cm | Risk: CRITICAL
[Sim Loop] Processing reading
[Broadcast] No active connections, skipping
[Simulator] Reading #2350: 1194.7 cm (rising)
[Flood Engine] Reading #2350: 1194.7 cm | Risk: CRITICAL
[Sim Loop] Processing reading
[Broadcast] No active connections, skipping
[Simulator] Reading #2351: 1195.5 cm (rising)
[Flood Engine] Reading #2351: 1195.5 cm | Risk: CRITICAL
[Sim Loop] Processing reading
[Broadcast] No active connections, skipping
[Simulator] Reading #2352: 1195.8 cm (rising)
[Flood Engine] Reading #2352: 1195.8 cm | Risk: CRITICAL
[Sim Loop] Processing reading
[Broadcast] No active connections, skipping
[Simulator] Reading #2353: 1196.3 cm (rising)
[Flood Engine] Reading #2353: 1196.3 cm | Risk: CRITICAL
[Sim Loop] Processing reading
[Broadcast] No active connections, skipping
[Simulator] Reading #2354: 1197.3 cm (rising)
[Flood Engine] Reading #2354: 1197.3 cm | Risk: CRITICAL
[Sim Loop] Processing reading
[Broadcast] No active connections, skipping
[Simulator] Reading #2355: 1197.3 cm (rising)
[Flood Engine] Reading #2355: 1197.3 cm | Risk: CRITICAL
[Sim Loop] Processing reading
[Broadcast] No active connections, skipping
[Simulator] Reading #2356: 1197.8 cm (rising)
[Flood Engine] Reading #2356: 1197.8 cm | Risk: CRITICAL
[Sim Loop] Processing reading
[Broadcast] No active connections, skipping
[Simulator] Reading #2357: 1198.6 cm (rising)
[Flood Engine] Reading #2357: 1198.6 cm | Risk: CRITICAL
[Sim Loop] Processing reading
[Broadcast] No active connections, skipping
[Simulator] Reading #2358: 1198.9 cm (rising)
[Flood Engine] Reading #2358: 1198.9 cm | Risk: CRITICAL
[Sim Loop] Processing reading
[Broadcast] No active connections, skipping
[Simulator] Reading #2359: 1199.3 cm (rising)
[Flood Engine] Reading #2359: 1199.3 cm | Risk: CRITICAL
[Sim Loop] Processing reading
[Broadcast] No active connections, skipping
[Simulator] Reading #2360: 1200.0 cm (rising)
[Flood Engine] Reading #2360: 1200.0 cm | Risk: CRITICAL
[Sim Loop] Processing reading
[Broadcast] No active connections, skipping
[Simulator] Reading #2361: 1200.5 cm (rising)
[Flood Engine] Reading #2361: 1200.5 cm | Risk: CRITICAL
[Sim Loop] Processing reading
[Broadcast] No active connections, skipping
[Simulator] Reading #2362: 1201.2 cm (rising)
[Flood Engine] Reading #2362: 1201.2 cm | Risk: CRITICAL
[Sim Loop] Processing reading
[Broadcast] No active connections, skipping
[Simulator] Reading #2363: 1201.8 cm (rising)
[Flood Engine] Reading #2363: 1201.8 cm | Risk: CRITICAL
[Sim Loop] Processing reading
[Broadcast] No active connections, skipping
[Simulator] Reading #2364: 1202.0 cm (rising)
[Flood Engine] Reading #2364: 1202.0 cm | Risk: CRITICAL
[Sim Loop] Processing reading
[Broadcast] No active connections, skipping
[Simulator] Reading #2365: 1202.5 cm (rising)
[Flood Engine] Reading #2365: 1202.5 cm | Risk: CRITICAL
[Sim Loop] Processing reading
[Broadcast] No active connections, skipping
[Simulator] Reading #2366: 1202.8 cm (rising)
[Flood Engine] Reading #2366: 1202.8 cm | Risk: CRITICAL
[Sim Loop] Processing reading
[Broadcast] No active connections, skipping
[Simulator] Reading #2367: 1203.7 cm (rising)
[Flood Engine] Reading #2367: 1203.7 cm | Risk: CRITICAL
[Sim Loop] Processing reading
[Broadcast] No active connections, skipping
[Simulator] Reading #2368: 1203.7 cm (rising)
[Flood Engine] Reading #2368: 1203.7 cm | Risk: CRITICAL
[Sim Loop] Processing reading
[Broadcast] No active connections, skipping
[Simulator] Reading #2369: 1204.4 cm (rising)
[Flood Engine] Reading #2369: 1204.4 cm | Risk: CRITICAL
[Sim Loop] Processing reading
[Broadcast] No active connections, skipping
[Simulator] Reading #2370: 1205.0 cm (rising)
[Flood Engine] Reading #2370: 1205.0 cm | Risk: CRITICAL
[Sim Loop] Processing reading
[Broadcast] No active connections, skipping
[Simulator] Reading #2371: 1205.3 cm (rising)
[Flood Engine] Reading #2371: 1205.3 cm | Risk: CRITICAL
[Sim Loop] Processing reading
[Broadcast] No active connections, skipping
[Simulator] Reading #2372: 1205.8 cm (rising)
[Flood Engine] Reading #2372: 1205.8 cm | Risk: CRITICAL
[Sim Loop] Processing reading
[Broadcast] No active connections, skipping
[Simulator] Reading #2373: 1206.7 cm (rising)
[Flood Engine] Reading #2373: 1206.7 cm | Risk: CRITICAL
[Sim Loop] Processing reading
[Broadcast] No active connections, skipping
[Simulator] Reading #2374: 1207.2 cm (rising)
[Flood Engine] Reading #2374: 1207.2 cm | Risk: CRITICAL
[Sim Loop] Processing reading
[Broadcast] No active connections, skipping
[Simulator] Reading #2375: 1207.2 cm (rising)
[Flood Engine] Reading #2375: 1207.2 cm | Risk: CRITICAL
[Sim Loop] Processing reading
[Broadcast] No active connections, skipping
[Simulator] Reading #2376: 1208.2 cm (rising)
[Flood Engine] Reading #2376: 1208.2 cm | Risk: CRITICAL
[Sim Loop] Processing reading
[Broadcast] No active connections, skipping
[Simulator] Reading #2377: 1208.5 cm (rising)
[Flood Engine] Reading #2377: 1208.5 cm | Risk: CRITICAL
[Sim Loop] Processing reading
[Broadcast] No active connections, skipping
[Simulator] Reading #2378: 1209.1 cm (rising)
[Flood Engine] Reading #2378: 1209.1 cm | Risk: CRITICAL
[Sim Loop] Processing reading
[Broadcast] No active connections, skipping
[Simulator] Reading #2379: 1209.8 cm (rising)
[Flood Engine] Reading #2379: 1209.8 cm | Risk: CRITICAL
[Sim Loop] Processing reading
[Broadcast] No active connections, skipping
[Simulator] Reading #2380: 1210.1 cm (rising)
[Flood Engine] Reading #2380: 1210.1 cm | Risk: CRITICAL
[Sim Loop] Processing reading
[Broadcast] No active connections, skipping
[Simulator] Reading #2381: 1210.7 cm (rising)
[Flood Engine] Reading #2381: 1210.7 cm | Risk: CRITICAL
[Sim Loop] Processing reading
[Broadcast] No active connections, skipping
[Simulator] Reading #2382: 1210.8 cm (rising)
[Flood Engine] Reading #2382: 1210.8 cm | Risk: CRITICAL
[Sim Loop] Processing reading
[Broadcast] No active connections, skipping
[Simulator] Reading #2383: 1211.6 cm (rising)
[Flood Engine] Reading #2383: 1211.6 cm | Risk: CRITICAL
[Sim Loop] Processing reading
[Broadcast] No active connections, skipping
[Simulator] Reading #2384: 1211.9 cm (rising)
[Flood Engine] Reading #2384: 1211.9 cm | Risk: CRITICAL
[Sim Loop] Processing reading
[Broadcast] No active connections, skipping
[Simulator] Reading #2385: 1212.4 cm (rising)
[Flood Engine] Reading #2385: 1212.4 cm | Risk: CRITICAL
[Sim Loop] Processing reading
[Broadcast] No active connections, skipping
[Simulator] Reading #2386: 1213.0 cm (rising)
[Flood Engine] Reading #2386: 1213.0 cm | Risk: CRITICAL
[Sim Loop] Processing reading
[Broadcast] No active connections, skipping
[Simulator] Reading #2387: 1213.7 cm (rising)
[Flood Engine] Reading #2387: 1213.7 cm | Risk: CRITICAL
[Sim Loop] Processing reading
[Broadcast] No active connections, skipping
[Simulator] Reading #2388: 1214.1 cm (rising)
[Flood Engine] Reading #2388: 1214.1 cm | Risk: CRITICAL
[Sim Loop] Processing reading
[Broadcast] No active connections, skipping
[Simulator] Reading #2389: 1214.7 cm (rising)
[Flood Engine] Reading #2389: 1214.7 cm | Risk: CRITICAL
[Sim Loop] Processing reading
[Broadcast] No active connections, skipping
[Simulator] Reading #2390: 1215.1 cm (rising)
[Flood Engine] Reading #2390: 1215.1 cm | Risk: CRITICAL
[Sim Loop] Processing reading
[Broadcast] No active connections, skipping
[Simulator] Reading #2391: 1215.6 cm (rising)
[Flood Engine] Reading #2391: 1215.6 cm | Risk: CRITICAL
[Sim Loop] Processing reading
[Broadcast] No active connections, skipping
[Simulator] Reading #2392: 1215.8 cm (rising)
[Flood Engine] Reading #2392: 1215.8 cm | Risk: CRITICAL
[Sim Loop] Processing reading
[Broadcast] No active connections, skipping
[Simulator] Reading #2393: 1216.7 cm (rising)
[Flood Engine] Reading #2393: 1216.7 cm | Risk: CRITICAL
[Sim Loop] Processing reading
[Broadcast] No active connections, skipping
[Simulator] Reading #2394: 1217.0 cm (rising)
[Flood Engine] Reading #2394: 1217.0 cm | Risk: CRITICAL
[Sim Loop] Processing reading
[Broadcast] No active connections, skipping
[Simulator] Reading #2395: 1217.4 cm (rising)
[Flood Engine] Reading #2395: 1217.4 cm | Risk: CRITICAL
[Sim Loop] Processing reading
[Broadcast] No active connections, skipping
[Simulator] Reading #2396: 1217.9 cm (rising)
[Flood Engine] Reading #2396: 1217.9 cm | Risk: CRITICAL
[Sim Loop] Processing reading
[Broadcast] No active connections, skipping
[Simulator] Reading #2397: 1218.7 cm (rising)
[Flood Engine] Reading #2397: 1218.7 cm | Risk: CRITICAL
[Sim Loop] Processing reading
[Broadcast] No active connections, skipping
[Simulator] Reading #2398: 1219.2 cm (rising)
[Flood Engine] Reading #2398: 1219.2 cm | Risk: CRITICAL
[Sim Loop] Processing reading
[Broadcast] No active connections, skipping
[Simulator] Reading #2399: 1219.6 cm (rising)
[Flood Engine] Reading #2399: 1219.6 cm | Risk: CRITICAL
[Sim Loop] Processing reading
[Broadcast] No active connections, skipping
[Simulator] Reading #2400: 1220.0 cm (rising)
[Flood Engine] Reading #2400: 1220.0 cm | Risk: CRITICAL
[Sim Loop] Processing reading
[Broadcast] No active connections, skipping
[Simulator] Reading #2401: 1220.7 cm (rising)
[Flood Engine] Reading #2401: 1220.7 cm | Risk: CRITICAL
[Sim Loop] Processing reading
[Broadcast] No active connections, skipping
[Simulator] Reading #2402: 1221.3 cm (rising)
[Flood Engine] Reading #2402: 1221.3 cm | Risk: CRITICAL
[Sim Loop] Processing reading
[Broadcast] No active connections, skipping
[Simulator] Reading #2403: 1221.3 cm (rising)
[Flood Engine] Reading #2403: 1221.3 cm | Risk: CRITICAL
[Sim Loop] Processing reading
[Broadcast] No active connections, skipping
[Simulator] Reading #2404: 1221.9 cm (rising)
[Flood Engine] Reading #2404: 1221.9 cm | Risk: CRITICAL
[Sim Loop] Processing reading
[Broadcast] No active connections, skipping
[Simulator] Reading #2405: 1222.5 cm (rising)
[Flood Engine] Reading #2405: 1222.5 cm | Risk: CRITICAL
[Sim Loop] Processing reading
[Broadcast] No active connections, skipping
[Simulator] Reading #2406: 1223.1 cm (rising)
[Flood Engine] Reading #2406: 1223.1 cm | Risk: CRITICAL
[Sim Loop] Processing reading
[Broadcast] No active connections, skipping
[Simulator] Reading #2407: 1223.6 cm (rising)
[Flood Engine] Reading #2407: 1223.6 cm | Risk: CRITICAL
[Sim Loop] Processing reading
[Broadcast] No active connections, skipping
[Simulator] Reading #2408: 1224.2 cm (rising)
[Flood Engine] Reading #2408: 1224.2 cm | Risk: CRITICAL
[Sim Loop] Processing reading
[Broadcast] No active connections, skipping
[Simulator] Reading #2409: 1224.3 cm (rising)
[Flood Engine] Reading #2409: 1224.3 cm | Risk: CRITICAL
[Sim Loop] Processing reading
[Broadcast] No active connections, skipping
[Simulator] Reading #2410: 1225.3 cm (rising)
[Flood Engine] Reading #2410: 1225.3 cm | Risk: CRITICAL
[Sim Loop] Processing reading
[Broadcast] No active connections, skipping
[Simulator] Reading #2411: 1225.4 cm (rising)
[Flood Engine] Reading #2411: 1225.4 cm | Risk: CRITICAL
[Sim Loop] Processing reading
[Broadcast] No active connections, skipping
[Simulator] Reading #2412: 1225.8 cm (rising)
[Flood Engine] Reading #2412: 1225.8 cm | Risk: CRITICAL
[Sim Loop] Processing reading
[Broadcast] No active connections, skipping
[Simulator] Reading #2413: 1226.7 cm (rising)
[Flood Engine] Reading #2413: 1226.7 cm | Risk: CRITICAL
[Sim Loop] Processing reading
[Broadcast] No active connections, skipping
[Simulator] Reading #2414: 1226.7 cm (rising)
[Flood Engine] Reading #2414: 1226.7 cm | Risk: CRITICAL
[Sim Loop] Processing reading
[Broadcast] No active connections, skipping
[Simulator] Reading #2415: 1227.2 cm (rising)
[Flood Engine] Reading #2415: 1227.2 cm | Risk: CRITICAL
[Sim Loop] Processing reading
[Broadcast] No active connections, skipping
[Simulator] Reading #2416: 1227.8 cm (rising)
[Flood Engine] Reading #2416: 1227.8 cm | Risk: CRITICAL
[Sim Loop] Processing reading
[Broadcast] No active connections, skipping
[Simulator] Reading #2417: 1228.4 cm (rising)
[Flood Engine] Reading #2417: 1228.4 cm | Risk: CRITICAL
[Sim Loop] Processing reading
[Broadcast] No active connections, skipping
[Simulator] Reading #2418: 1228.7 cm (rising)
[Flood Engine] Reading #2418: 1228.7 cm | Risk: CRITICAL
[Sim Loop] Processing reading
[Broadcast] No active connections, skipping
[Simulator] Reading #2419: 1229.6 cm (rising)
[Flood Engine] Reading #2419: 1229.6 cm | Risk: CRITICAL
[Sim Loop] Processing reading
[Broadcast] No active connections, skipping
[Simulator] Reading #2420: 1230.1 cm (rising)
[Flood Engine] Reading #2420: 1230.1 cm | Risk: CRITICAL
[Sim Loop] Processing reading
[Broadcast] No active connections, skipping
[Simulator] Reading #2421: 1230.5 cm (rising)
[Flood Engine] Reading #2421: 1230.5 cm | Risk: CRITICAL
[Sim Loop] Processing reading
[Broadcast] No active connections, skipping
[Simulator] Reading #2422: 1230.7 cm (rising)
[Flood Engine] Reading #2422: 1230.7 cm | Risk: CRITICAL
[Sim Loop] Processing reading
[Broadcast] No active connections, skipping
[Simulator] Reading #2423: 1231.6 cm (rising)
[Flood Engine] Reading #2423: 1231.6 cm | Risk: CRITICAL
[Sim Loop] Processing reading
[Broadcast] No active connections, skipping
[Simulator] Reading #2424: 1232.1 cm (rising)
[Flood Engine] Reading #2424: 1232.1 cm | Risk: CRITICAL
[Sim Loop] Processing reading
[Broadcast] No active connections, skipping
[Simulator] Reading #2425: 1232.4 cm (rising)
[Flood Engine] Reading #2425: 1232.4 cm | Risk: CRITICAL
[Sim Loop] Processing reading
[Broadcast] No active connections, skipping
[Simulator] Reading #2426: 1232.7 cm (rising)
[Flood Engine] Reading #2426: 1232.7 cm | Risk: CRITICAL
[Sim Loop] Processing reading
[Broadcast] No active connections, skipping
[Simulator] Reading #2427: 1233.6 cm (rising)
[Flood Engine] Reading #2427: 1233.6 cm | Risk: CRITICAL
[Sim Loop] Processing reading
[Broadcast] No active connections, skipping
[Simulator] Reading #2428: 1234.3 cm (rising)
[Flood Engine] Reading #2428: 1234.3 cm | Risk: CRITICAL
[Sim Loop] Processing reading
[Broadcast] No active connections, skipping
[Simulator] Reading #2429: 1234.5 cm (rising)
[Flood Engine] Reading #2429: 1234.5 cm | Risk: CRITICAL
[Sim Loop] Processing reading
[Broadcast] No active connections, skipping
[Simulator] Reading #2430: 1234.8 cm (rising)
[Flood Engine] Reading #2430: 1234.8 cm | Risk: CRITICAL
[Sim Loop] Processing reading
[Broadcast] No active connections, skipping
[Simulator] Reading #2431: 1235.7 cm (rising)
[Flood Engine] Reading #2431: 1235.7 cm | Risk: CRITICAL
[Sim Loop] Processing reading
[Broadcast] No active connections, skipping
[Simulator] Reading #2432: 1236.3 cm (rising)
[Flood Engine] Reading #2432: 1236.3 cm | Risk: CRITICAL
[Sim Loop] Processing reading
[Broadcast] No active connections, skipping
[Simulator] Reading #2433: 1236.6 cm (rising)
[Flood Engine] Reading #2433: 1236.6 cm | Risk: CRITICAL
[Sim Loop] Processing reading
[Broadcast] No active connections, skipping
[Simulator] Reading #2434: 1237.0 cm (rising)
[Flood Engine] Reading #2434: 1237.0 cm | Risk: CRITICAL
[Sim Loop] Processing reading
[Broadcast] No active connections, skipping
[Simulator] Reading #2435: 1237.3 cm (rising)
[Flood Engine] Reading #2435: 1237.3 cm | Risk: CRITICAL
[Sim Loop] Processing reading
[Broadcast] No active connections, skipping
[Simulator] Reading #2436: 1237.9 cm (rising)
[Flood Engine] Reading #2436: 1237.9 cm | Risk: CRITICAL
[Sim Loop] Processing reading
[Broadcast] No active connections, skipping
[Simulator] Reading #2437: 1238.6 cm (rising)
[Flood Engine] Reading #2437: 1238.6 cm | Risk: CRITICAL
[Sim Loop] Processing reading
[Broadcast] No active connections, skipping
[Simulator] Reading #2438: 1239.2 cm (rising)
[Flood Engine] Reading #2438: 1239.2 cm | Risk: CRITICAL
[Sim Loop] Processing reading
[Broadcast] No active connections, skipping
[Simulator] Reading #2439: 1239.8 cm (rising)
[Flood Engine] Reading #2439: 1239.8 cm | Risk: CRITICAL
[Sim Loop] Processing reading
[Broadcast] No active connections, skipping
[Simulator] Reading #2440: 1240.2 cm (rising)
[Flood Engine] Reading #2440: 1240.2 cm | Risk: CRITICAL
[Sim Loop] Processing reading
[Broadcast] No active connections, skipping
[Simulator] Reading #2441: 1240.6 cm (rising)
[Flood Engine] Reading #2441: 1240.6 cm | Risk: CRITICAL
[Sim Loop] Processing reading
[Broadcast] No active connections, skipping
[Simulator] Reading #2442: 1241.2 cm (rising)
[Flood Engine] Reading #2442: 1241.2 cm | Risk: CRITICAL
[Sim Loop] Processing reading
[Broadcast] No active connections, skipping
[Simulator] Reading #2443: 1241.5 cm (rising)
[Flood Engine] Reading #2443: 1241.5 cm | Risk: CRITICAL
[Sim Loop] Processing reading
[Broadcast] No active connections, skipping
[Simulator] Reading #2444: 1241.8 cm (rising)
[Flood Engine] Reading #2444: 1241.8 cm | Risk: CRITICAL
[Sim Loop] Processing reading
[Broadcast] No active connections, skipping
[Simulator] Reading #2445: 1242.5 cm (rising)
[Flood Engine] Reading #2445: 1242.5 cm | Risk: CRITICAL
[Sim Loop] Processing reading
[Broadcast] No active connections, skipping
[Simulator] Reading #2446: 1243.2 cm (rising)
[Flood Engine] Reading #2446: 1243.2 cm | Risk: CRITICAL
[Sim Loop] Processing reading
[Broadcast] No active connections, skipping
[Simulator] Reading #2447: 1243.2 cm (rising)
[Flood Engine] Reading #2447: 1243.2 cm | Risk: CRITICAL
[Sim Loop] Processing reading
[Broadcast] No active connections, skipping
[Simulator] Reading #2448: 1243.8 cm (rising)
[Flood Engine] Reading #2448: 1243.8 cm | Risk: CRITICAL
[Sim Loop] Processing reading
[Broadcast] No active connections, skipping
[Simulator] Reading #2449: 1244.2 cm (rising)
[Flood Engine] Reading #2449: 1244.2 cm | Risk: CRITICAL
[Sim Loop] Processing reading
[Broadcast] No active connections, skipping
[Simulator] Reading #2450: 1245.1 cm (rising)
[Flood Engine] Reading #2450: 1245.1 cm | Risk: CRITICAL
[Sim Loop] Processing reading
[Broadcast] No active connections, skipping
[Simulator] Reading #2451: 1245.3 cm (rising)
[Flood Engine] Reading #2451: 1245.3 cm | Risk: CRITICAL
[Sim Loop] Processing reading
[Broadcast] No active connections, skipping
[Simulator] Reading #2452: 1246.3 cm (rising)
[Flood Engine] Reading #2452: 1246.3 cm | Risk: CRITICAL
[Sim Loop] Processing reading
[Broadcast] No active connections, skipping
[Simulator] Reading #2453: 1246.4 cm (rising)
[Flood Engine] Reading #2453: 1246.4 cm | Risk: CRITICAL
[Sim Loop] Processing reading
[Broadcast] No active connections, skipping
[Simulator] Reading #2454: 1246.8 cm (rising)
[Flood Engine] Reading #2454: 1246.8 cm | Risk: CRITICAL
[Sim Loop] Processing reading
[Broadcast] No active connections, skipping
[Simulator] Reading #2455: 1247.4 cm (rising)
[Flood Engine] Reading #2455: 1247.4 cm | Risk: CRITICAL
[Sim Loop] Processing reading
[Broadcast] No active connections, skipping
[Simulator] Reading #2456: 1247.9 cm (rising)
[Flood Engine] Reading #2456: 1247.9 cm | Risk: CRITICAL
[Sim Loop] Processing reading
[Broadcast] No active connections, skipping
[Simulator] Reading #2457: 1248.7 cm (rising)
[Flood Engine] Reading #2457: 1248.7 cm | Risk: CRITICAL
[Sim Loop] Processing reading
[Broadcast] No active connections, skipping
[Simulator] Reading #2458: 1248.8 cm (rising)
[Flood Engine] Reading #2458: 1248.8 cm | Risk: CRITICAL
[Sim Loop] Processing reading
[Broadcast] No active connections, skipping
[Simulator] Reading #2459: 1249.5 cm (rising)
[Flood Engine] Reading #2459: 1249.5 cm | Risk: CRITICAL
[Sim Loop] Processing reading
[Broadcast] No active connections, skipping
[Simulator] Reading #2460: 1250.2 cm (rising)
[Flood Engine] Reading #2460: 1250.2 cm | Risk: CRITICAL
[Sim Loop] Processing reading
[Broadcast] No active connections, skipping
[Simulator] Reading #2461: 1250.5 cm (rising)
[Flood Engine] Reading #2461: 1250.5 cm | Risk: CRITICAL
[Sim Loop] Processing reading
[Broadcast] No active connections, skipping
[Simulator] Reading #2462: 1251.0 cm (rising)
[Flood Engine] Reading #2462: 1251.0 cm | Risk: CRITICAL
[Sim Loop] Processing reading
[Broadcast] No active connections, skipping
[Simulator] Reading #2463: 1251.7 cm (rising)
[Flood Engine] Reading #2463: 1251.7 cm | Risk: CRITICAL
[Sim Loop] Processing reading
[Broadcast] No active connections, skipping
[Simulator] Reading #2464: 1252.2 cm (rising)
[Flood Engine] Reading #2464: 1252.2 cm | Risk: CRITICAL
[Sim Loop] Processing reading
[Broadcast] No active connections, skipping
[Simulator] Reading #2465: 1252.3 cm (rising)
[Flood Engine] Reading #2465: 1252.3 cm | Risk: CRITICAL
[Sim Loop] Processing reading
[Broadcast] No active connections, skipping
[Simulator] Reading #2466: 1252.8 cm (rising)
[Flood Engine] Reading #2466: 1252.8 cm | Risk: CRITICAL
[Sim Loop] Processing reading
[Broadcast] No active connections, skipping
[Simulator] Reading #2467: 1253.3 cm (rising)
[Flood Engine] Reading #2467: 1253.3 cm | Risk: CRITICAL
[Sim Loop] Processing reading
[Broadcast] No active connections, skipping
[Simulator] Reading #2468: 1253.8 cm (rising)
[Flood Engine] Reading #2468: 1253.8 cm | Risk: CRITICAL
[Sim Loop] Processing reading
[Broadcast] No active connections, skipping
[Simulator] Reading #2469: 1254.3 cm (rising)
[Flood Engine] Reading #2469: 1254.3 cm | Risk: CRITICAL
[Sim Loop] Processing reading
[Broadcast] No active connections, skipping
[Simulator] Reading #2470: 1255.0 cm (rising)
[Flood Engine] Reading #2470: 1255.0 cm | Risk: CRITICAL
[Sim Loop] Processing reading
[Broadcast] No active connections, skipping
[Simulator] Reading #2471: 1255.6 cm (rising)
[Flood Engine] Reading #2471: 1255.6 cm | Risk: CRITICAL
[Sim Loop] Processing reading
[Broadcast] No active connections, skipping
[Simulator] Reading #2472: 1255.8 cm (rising)
[Flood Engine] Reading #2472: 1255.8 cm | Risk: CRITICAL
[Sim Loop] Processing reading
[Broadcast] No active connections, skipping
[Simulator] Reading #2473: 1256.3 cm (rising)
[Flood Engine] Reading #2473: 1256.3 cm | Risk: CRITICAL
[Sim Loop] Processing reading
[Broadcast] No active connections, skipping
[Simulator] Reading #2474: 1257.1 cm (rising)
[Flood Engine] Reading #2474: 1257.1 cm | Risk: CRITICAL
[Sim Loop] Processing reading
[Broadcast] No active connections, skipping
[Simulator] Reading #2475: 1257.7 cm (rising)
[Flood Engine] Reading #2475: 1257.7 cm | Risk: CRITICAL
[Sim Loop] Processing reading
[Broadcast] No active connections, skipping
[Simulator] Reading #2476: 1258.1 cm (rising)
[Flood Engine] Reading #2476: 1258.1 cm | Risk: CRITICAL
[Sim Loop] Processing reading
[Broadcast] No active connections, skipping
[Simulator] Reading #2477: 1258.5 cm (rising)
[Flood Engine] Reading #2477: 1258.5 cm | Risk: CRITICAL
[Sim Loop] Processing reading
[Broadcast] No active connections, skipping
[Simulator] Reading #2478: 1258.8 cm (rising)
[Flood Engine] Reading #2478: 1258.8 cm | Risk: CRITICAL
[Sim Loop] Processing reading
[Broadcast] No active connections, skipping
[Simulator] Reading #2479: 1259.6 cm (rising)
[Flood Engine] Reading #2479: 1259.6 cm | Risk: CRITICAL
[Sim Loop] Processing reading
[Broadcast] No active connections, skipping
[Simulator] Reading #2480: 1260.1 cm (rising)
[Flood Engine] Reading #2480: 1260.1 cm | Risk: CRITICAL
[Sim Loop] Processing reading
[Broadcast] No active connections, skipping
[Simulator] Reading #2481: 1260.5 cm (rising)
[Flood Engine] Reading #2481: 1260.5 cm | Risk: CRITICAL
[Sim Loop] Processing reading
[Broadcast] No active connections, skipping
[Simulator] Reading #2482: 1260.8 cm (rising)
[Flood Engine] Reading #2482: 1260.8 cm | Risk: CRITICAL
[Sim Loop] Processing reading
[Broadcast] No active connections, skipping
[Simulator] Reading #2483: 1261.3 cm (rising)
[Flood Engine] Reading #2483: 1261.3 cm | Risk: CRITICAL
[Sim Loop] Processing reading
[Broadcast] No active connections, skipping
[Simulator] Reading #2484: 1262.0 cm (rising)
[Flood Engine] Reading #2484: 1262.0 cm | Risk: CRITICAL
[Sim Loop] Processing reading
[Broadcast] No active connections, skipping
[Simulator] Reading #2485: 1262.5 cm (rising)
[Flood Engine] Reading #2485: 1262.5 cm | Risk: CRITICAL
[Sim Loop] Processing reading
[Broadcast] No active connections, skipping
[Simulator] Reading #2486: 1263.1 cm (rising)
[Flood Engine] Reading #2486: 1263.1 cm | Risk: CRITICAL
[Sim Loop] Processing reading
[Broadcast] No active connections, skipping
[Simulator] Reading #2487: 1263.7 cm (rising)
[Flood Engine] Reading #2487: 1263.7 cm | Risk: CRITICAL
[Sim Loop] Processing reading
[Broadcast] No active connections, skipping
[Simulator] Reading #2488: 1263.7 cm (rising)
[Flood Engine] Reading #2488: 1263.7 cm | Risk: CRITICAL
[Sim Loop] Processing reading
[Broadcast] No active connections, skipping
[Simulator] Reading #2489: 1264.2 cm (rising)
[Flood Engine] Reading #2489: 1264.2 cm | Risk: CRITICAL
[Sim Loop] Processing reading
[Broadcast] No active connections, skipping
[Simulator] Reading #2490: 1264.9 cm (rising)
[Flood Engine] Reading #2490: 1264.9 cm | Risk: CRITICAL
[Sim Loop] Processing reading
[Broadcast] No active connections, skipping
[Simulator] Reading #2491: 1265.2 cm (rising)
[Flood Engine] Reading #2491: 1265.2 cm | Risk: CRITICAL
[Sim Loop] Processing reading
[Broadcast] No active connections, skipping
[Simulator] Reading #2492: 1266.2 cm (rising)
[Flood Engine] Reading #2492: 1266.2 cm | Risk: CRITICAL
[Sim Loop] Processing reading
[Broadcast] No active connections, skipping
[Simulator] Reading #2493: 1266.5 cm (rising)
[Flood Engine] Reading #2493: 1266.5 cm | Risk: CRITICAL
[Sim Loop] Processing reading
[Broadcast] No active connections, skipping
[Simulator] Reading #2494: 1267.1 cm (rising)
[Flood Engine] Reading #2494: 1267.1 cm | Risk: CRITICAL
[Sim Loop] Processing reading
[Broadcast] No active connections, skipping
[Simulator] Reading #2495: 1267.3 cm (rising)
[Flood Engine] Reading #2495: 1267.3 cm | Risk: CRITICAL
[Sim Loop] Processing reading
[Broadcast] No active connections, skipping
[Simulator] Reading #2496: 1268.0 cm (rising)
[Flood Engine] Reading #2496: 1268.0 cm | Risk: CRITICAL
[Sim Loop] Processing reading
[Broadcast] No active connections, skipping
[Simulator] Reading #2497: 1268.3 cm (rising)
[Flood Engine] Reading #2497: 1268.3 cm | Risk: CRITICAL
[Sim Loop] Processing reading
[Broadcast] No active connections, skipping
[Simulator] Reading #2498: 1268.7 cm (rising)
[Flood Engine] Reading #2498: 1268.7 cm | Risk: CRITICAL
[Sim Loop] Processing reading
[Broadcast] No active connections, skipping
[Simulator] Reading #2499: 1269.4 cm (rising)
[Flood Engine] Reading #2499: 1269.4 cm | Risk: CRITICAL
[Sim Loop] Processing reading
[Broadcast] No active connections, skipping
[Simulator] Reading #2500: 1270.1 cm (rising)
[Flood Engine] Reading #2500: 1270.1 cm | Risk: CRITICAL
[Sim Loop] Processing reading
[Broadcast] No active connections, skipping
[Simulator] Reading #2501: 1270.6 cm (rising)
[Flood Engine] Reading #2501: 1270.6 cm | Risk: CRITICAL
[Sim Loop] Processing reading
[Broadcast] No active connections, skipping
[Simulator] Reading #2502: 1270.9 cm (rising)
[Flood Engine] Reading #2502: 1270.9 cm | Risk: CRITICAL
[Sim Loop] Processing reading
[Broadcast] No active connections, skipping
[Simulator] Reading #2503: 1271.5 cm (rising)
[Flood Engine] Reading #2503: 1271.5 cm | Risk: CRITICAL
[Sim Loop] Processing reading
[Broadcast] No active connections, skipping
[Simulator] Reading #2504: 1272.1 cm (rising)
[Flood Engine] Reading #2504: 1272.1 cm | Risk: CRITICAL
[Sim Loop] Processing reading
[Broadcast] No active connections, skipping
[Simulator] Reading #2505: 1272.2 cm (rising)
[Flood Engine] Reading #2505: 1272.2 cm | Risk: CRITICAL
[Sim Loop] Processing reading
[Broadcast] No active connections, skipping
[Simulator] Reading #2506: 1273.0 cm (rising)
[Flood Engine] Reading #2506: 1273.0 cm | Risk: CRITICAL
[Sim Loop] Processing reading
[Broadcast] No active connections, skipping
[Simulator] Reading #2507: 1273.3 cm (rising)
[Flood Engine] Reading #2507: 1273.3 cm | Risk: CRITICAL
[Sim Loop] Processing reading
[Broadcast] No active connections, skipping
[Simulator] Reading #2508: 1274.0 cm (rising)
[Flood Engine] Reading #2508: 1274.0 cm | Risk: CRITICAL
[Sim Loop] Processing reading
[Broadcast] No active connections, skipping
INFO:     127.0.0.1:57373 - "GET / HTTP/1.1" 200 OK
INFO:     127.0.0.1:57375 - "GET /api/status HTTP/1.1" 200 OK
[Simulator] Reading #2509: 1274.2 cm (rising)
[Flood Engine] Reading #2509: 1274.2 cm | Risk: CRITICAL
[Sim Loop] Processing reading
[Broadcast] No active connections, skipping
[Simulator] Reading #2510: 1275.1 cm (rising)
[Flood Engine] Reading #2510: 1275.1 cm | Risk: CRITICAL
[Sim Loop] Processing reading
[Broadcast] No active connections, skipping
[Simulator] Reading #2511: 1275.6 cm (rising)
[Flood Engine] Reading #2511: 1275.6 cm | Risk: CRITICAL
[Sim Loop] Processing reading
[Broadcast] No active connections, skipping
[Simulator] Reading #2512: 1275.8 cm (rising)
[Flood Engine] Reading #2512: 1275.8 cm | Risk: CRITICAL
[Sim Loop] Processing reading
[Broadcast] No active connections, skipping
[Simulator] Reading #2513: 1276.7 cm (rising)
[Flood Engine] Reading #2513: 1276.7 cm | Risk: CRITICAL
[Sim Loop] Processing reading
[Broadcast] No active connections, skipping
[Simulator] Reading #2514: 1277.2 cm (rising)
[Flood Engine] Reading #2514: 1277.2 cm | Risk: CRITICAL
[Sim Loop] Processing reading
[Broadcast] No active connections, skipping
[Simulator] Reading #2515: 1277.7 cm (rising)
[Flood Engine] Reading #2515: 1277.7 cm | Risk: CRITICAL
[Sim Loop] Processing reading
[Broadcast] No active connections, skipping
[Simulator] Reading #2516: 1277.8 cm (rising)
[Flood Engine] Reading #2516: 1277.8 cm | Risk: CRITICAL
[Sim Loop] Processing reading
[Broadcast] No active connections, skipping
[Simulator] Reading #2517: 1278.4 cm (rising)
[Flood Engine] Reading #2517: 1278.4 cm | Risk: CRITICAL
[Sim Loop] Processing reading
[Broadcast] No active connections, skipping
[Simulator] Reading #2518: 1279.2 cm (rising)
[Flood Engine] Reading #2518: 1279.2 cm | Risk: CRITICAL
[Sim Loop] Processing reading
[Broadcast] No active connections, skipping
[Simulator] Reading #2519: 1279.6 cm (rising)
[Flood Engine] Reading #2519: 1279.6 cm | Risk: CRITICAL
[Sim Loop] Processing reading
[Broadcast] No active connections, skipping
[Simulator] Reading #2520: 1279.8 cm (rising)
[Flood Engine] Reading #2520: 1279.8 cm | Risk: CRITICAL
[Sim Loop] Processing reading
[Broadcast] No active connections, skipping
[Simulator] Reading #2521: 1280.4 cm (rising)
[Flood Engine] Reading #2521: 1280.4 cm | Risk: CRITICAL
[Sim Loop] Processing reading
[Broadcast] No active connections, skipping
[Simulator] Reading #2522: 1281.1 cm (rising)
[Flood Engine] Reading #2522: 1281.1 cm | Risk: CRITICAL
[Sim Loop] Processing reading
[Broadcast] No active connections, skipping
[Simulator] Reading #2523: 1281.4 cm (rising)
[Flood Engine] Reading #2523: 1281.4 cm | Risk: CRITICAL
[Sim Loop] Processing reading
[Broadcast] No active connections, skipping
[Simulator] Reading #2524: 1281.7 cm (rising)
[Flood Engine] Reading #2524: 1281.7 cm | Risk: CRITICAL
[Sim Loop] Processing reading
[Broadcast] No active connections, skipping
[Simulator] Reading #2525: 1282.5 cm (rising)
[Flood Engine] Reading #2525: 1282.5 cm | Risk: CRITICAL
[Sim Loop] Processing reading
[Broadcast] No active connections, skipping
[Simulator] Reading #2526: 1282.7 cm (rising)
[Flood Engine] Reading #2526: 1282.7 cm | Risk: CRITICAL
[Sim Loop] Processing reading
[Broadcast] No active connections, skipping
[Simulator] Reading #2527: 1283.6 cm (rising)
[Flood Engine] Reading #2527: 1283.6 cm | Risk: CRITICAL
[Sim Loop] Processing reading
[Broadcast] No active connections, skipping
[Simulator] Reading #2528: 1284.2 cm (rising)
[Flood Engine] Reading #2528: 1284.2 cm | Risk: CRITICAL
[Sim Loop] Processing reading
[Broadcast] No active connections, skipping
[Simulator] Reading #2529: 1284.4 cm (rising)
[Flood Engine] Reading #2529: 1284.4 cm | Risk: CRITICAL
[Sim Loop] Processing reading
[Broadcast] No active connections, skipping
[Simulator] Reading #2530: 1285.1 cm (rising)
[Flood Engine] Reading #2530: 1285.1 cm | Risk: CRITICAL
[Sim Loop] Processing reading
[Broadcast] No active connections, skipping
[Simulator] Reading #2531: 1285.4 cm (rising)
[Flood Engine] Reading #2531: 1285.4 cm | Risk: CRITICAL
[Sim Loop] Processing reading
[Broadcast] No active connections, skipping
[Simulator] Reading #2532: 1285.8 cm (rising)
[Flood Engine] Reading #2532: 1285.8 cm | Risk: CRITICAL
[Sim Loop] Processing reading
[Broadcast] No active connections, skipping
[Simulator] Reading #2533: 1286.7 cm (rising)
[Flood Engine] Reading #2533: 1286.7 cm | Risk: CRITICAL
[Sim Loop] Processing reading
[Broadcast] No active connections, skipping
[Simulator] Reading #2534: 1287.3 cm (rising)
[Flood Engine] Reading #2534: 1287.3 cm | Risk: CRITICAL
[Sim Loop] Processing reading
[Broadcast] No active connections, skipping
[Simulator] Reading #2535: 1287.3 cm (rising)
[Flood Engine] Reading #2535: 1287.3 cm | Risk: CRITICAL
[Sim Loop] Processing reading
[Broadcast] No active connections, skipping
[Simulator] Reading #2536: 1287.9 cm (rising)
[Flood Engine] Reading #2536: 1287.9 cm | Risk: CRITICAL
[Sim Loop] Processing reading
[Broadcast] No active connections, skipping
[Simulator] Reading #2537: 1288.4 cm (rising)
[Flood Engine] Reading #2537: 1288.4 cm | Risk: CRITICAL
[Sim Loop] Processing reading
[Broadcast] No active connections, skipping
[Simulator] Reading #2538: 1289.2 cm (rising)
[Flood Engine] Reading #2538: 1289.2 cm | Risk: CRITICAL
[Sim Loop] Processing reading
[Broadcast] No active connections, skipping
[Simulator] Reading #2539: 1289.7 cm (rising)
[Flood Engine] Reading #2539: 1289.7 cm | Risk: CRITICAL
[Sim Loop] Processing reading
[Broadcast] No active connections, skipping
[Simulator] Reading #2540: 1290.2 cm (rising)
[Flood Engine] Reading #2540: 1290.2 cm | Risk: CRITICAL
[Sim Loop] Processing reading
[Broadcast] No active connections, skipping
[Simulator] Reading #2541: 1290.3 cm (rising)
[Flood Engine] Reading #2541: 1290.3 cm | Risk: CRITICAL
[Sim Loop] Processing reading
[Broadcast] No active connections, skipping
[Simulator] Reading #2542: 1290.8 cm (rising)
[Flood Engine] Reading #2542: 1290.8 cm | Risk: CRITICAL
[Sim Loop] Processing reading
[Broadcast] No active connections, skipping
[Simulator] Reading #2543: 1291.7 cm (rising)
[Flood Engine] Reading #2543: 1291.7 cm | Risk: CRITICAL
[Sim Loop] Processing reading
[Broadcast] No active connections, skipping
[Simulator] Reading #2544: 1292.1 cm (rising)
[Flood Engine] Reading #2544: 1292.1 cm | Risk: CRITICAL
[Sim Loop] Processing reading
[Broadcast] No active connections, skipping
[Simulator] Reading #2545: 1292.4 cm (rising)
[Flood Engine] Reading #2545: 1292.4 cm | Risk: CRITICAL
[Sim Loop] Processing reading
[Broadcast] No active connections, skipping
[Simulator] Reading #2546: 1293.3 cm (rising)
[Flood Engine] Reading #2546: 1293.3 cm | Risk: CRITICAL
[Sim Loop] Processing reading
[Broadcast] No active connections, skipping
[Simulator] Reading #2547: 1293.4 cm (rising)
[Flood Engine] Reading #2547: 1293.4 cm | Risk: CRITICAL
[Sim Loop] Processing reading
[Broadcast] No active connections, skipping
[Simulator] Reading #2548: 1294.2 cm (rising)
[Flood Engine] Reading #2548: 1294.2 cm | Risk: CRITICAL
[Sim Loop] Processing reading
[Broadcast] No active connections, skipping
[Simulator] Reading #2549: 1294.6 cm (rising)
[Flood Engine] Reading #2549: 1294.6 cm | Risk: CRITICAL
[Sim Loop] Processing reading
[Broadcast] No active connections, skipping
[Simulator] Reading #2550: 1294.8 cm (rising)
[Flood Engine] Reading #2550: 1294.8 cm | Risk: CRITICAL
[Sim Loop] Processing reading
[Broadcast] No active connections, skipping
[Simulator] Reading #2551: 1295.4 cm (rising)
[Flood Engine] Reading #2551: 1295.4 cm | Risk: CRITICAL
[Sim Loop] Processing reading
[Broadcast] No active connections, skipping
[Simulator] Reading #2552: 1296.2 cm (rising)
[Flood Engine] Reading #2552: 1296.2 cm | Risk: CRITICAL
[Sim Loop] Processing reading
[Broadcast] No active connections, skipping
[Simulator] Reading #2553: 1296.6 cm (rising)
[Flood Engine] Reading #2553: 1296.6 cm | Risk: CRITICAL
[Sim Loop] Processing reading
[Broadcast] No active connections, skipping
[Simulator] Reading #2554: 1296.9 cm (rising)
